StudentID,Name,Age,Gender,EducationLevel,LearningStyle,PreviousGPA,QuizScore,Attempts,TimeSpent,Progress,CurrentTopic,CompletedTopics,EngagementScore,DistractionEvents,ContextualDifficulty,PreviousRecommendation,PathEfficiency,FinalAssessmentScore,LearningOutcome,NextTopic
STU0001,Alex Gupta,18,Female,High School,Visual,2.28,79,1,16.3,20,System Design Basics & Caching,"Linked Lists & Doubly Linked Lists, Dynamic Programming",73,1,Hard,M1 -> M4 -> M4,90,86,Good,Trees & Binary Search Trees
STU0002,Riya Mehta,25,Female,High School,Visual,3.4,69,1,31.2,60,Graph Algorithms,"Stacks & Queues, Trees & Binary Search Trees, Sorting & Searching Algorithms, Arrays & Hash Maps, Dynamic Programming, System Design Basics & Caching",82,4,Hard,M1 -> M4 -> M5,73,71,Fair,Stacks & Queues
STU0003,Rohan Davis,22,Female,PG,Visual,3.41,81,1,53.5,10,Trees & Binary Search Trees,Graph Algorithms,66,3,Medium,M1 -> M2 -> M5,76,79,Excellent,Greedy Algorithms & Backtracking
STU0004,Liam Patel,20,Male,High School,Auditory,2.76,94,2,56.1,90,Trees & Binary Search Trees,"Sorting & Searching Algorithms, Arrays & Hash Maps, Trees & Binary Search Trees, Dynamic Programming, System Design Basics & Caching, Stacks & Queues, Greedy Algorithms & Backtracking, Linked Lists & Doubly Linked Lists, Machine Learning Foundations",96,5,Medium,M1 -> M4 -> M5,98,100,Excellent,System Design Basics & Caching
STU0005,Dev Singh,22,Male,High School,Kinesthetic,3.12,68,5,37.2,50,Machine Learning Foundations,"Dynamic Programming, Machine Learning Foundations, Sorting & Searching Algorithms, Linked Lists & Doubly Linked Lists, System Design Basics & Caching",63,0,Hard,M1 -> M4 -> M5,72,70,Fair,Machine Learning Foundations
STU0006,Arjun Martinez,25,Female,PG,Visual,3.36,68,1,28.2,20,System Design Basics & Caching,"Graph Algorithms, Sorting & Searching Algorithms",70,3,Hard,M1 -> M4 -> M4,99,61,Good,Machine Learning Foundations
STU0007,Ava Rao,26,Male,High School,Auditory,3.53,95,2,54.5,90,System Design Basics & Caching,"Arrays & Hash Maps, Sorting & Searching Algorithms, Greedy Algorithms & Backtracking, Machine Learning Foundations, Dynamic Programming, Stacks & Queues, Graph Algorithms, System Design Basics & Caching, Trees & Binary Search Trees",65,0,Easy,M1 -> M2 -> M6,74,100,Excellent,Graph Algorithms
STU0008,Tanvi Kumar,22,Female,High School,Kinesthetic,3.51,83,4,20.4,40,Graph Algorithms,"Dynamic Programming, Sorting & Searching Algorithms, Greedy Algorithms & Backtracking, Graph Algorithms",74,0,Easy,M1 -> M4 -> M4,72,93,Good,Trees & Binary Search Trees
STU0009,Ananya Mehta,19,Male,UG,Visual,3.03,64,5,36.3,50,Greedy Algorithms & Backtracking,"Trees & Binary Search Trees, System Design Basics & Caching, Stacks & Queues, Sorting & Searching Algorithms, Graph Algorithms",90,3,Medium,M1 -> M4 -> M5,83,67,Fair,Stacks & Queues
STU0010,Dev Verma,19,Male,UG,Kinesthetic,2.68,80,5,35.2,20,Trees & Binary Search Trees,"Trees & Binary Search Trees, Machine Learning Foundations",87,1,Hard,M1 -> M2 -> M5,73,71,Good,Greedy Algorithms & Backtracking
STU0011,Alex Davis,18,Male,High School,Visual,2.81,65,3,34.0,80,Trees & Binary Search Trees,"Dynamic Programming, Arrays & Hash Maps, Stacks & Queues, Trees & Binary Search Trees, System Design Basics & Caching, Machine Learning Foundations, Greedy Algorithms & Backtracking, Linked Lists & Doubly Linked Lists",95,5,Easy,M1 -> M2 -> M5,100,56,Fair,Stacks & Queues
STU0012,Yash Davis,18,Female,High School,Visual,3.17,65,4,20.4,90,System Design Basics & Caching,"Stacks & Queues, Arrays & Hash Maps, Linked Lists & Doubly Linked Lists, Dynamic Programming, Greedy Algorithms & Backtracking, System Design Basics & Caching, Graph Algorithms, Machine Learning Foundations, Trees & Binary Search Trees",96,1,Medium,M1 -> M4 -> M4,91,73,Fair,Stacks & Queues
STU0013,Yash Miller,23,Female,High School,Kinesthetic,3.43,75,3,56.8,40,Graph Algorithms,"Dynamic Programming, Stacks & Queues, Graph Algorithms, Trees & Binary Search Trees",64,0,Easy,M1 -> M2 -> M6,86,73,Good,Trees & Binary Search Trees
STU0014,Rahul Johnson,19,Male,UG,Auditory,2.32,43,1,55.0,90,Graph Algorithms,"Machine Learning Foundations, System Design Basics & Caching, Arrays & Hash Maps, Sorting & Searching Algorithms, Graph Algorithms, Stacks & Queues, Greedy Algorithms & Backtracking, Trees & Binary Search Trees, Linked Lists & Doubly Linked Lists",95,1,Easy,M1 -> M4 -> M5,91,53,Fail,Linked Lists & Doubly Linked Lists
STU0015,Ava Nair,26,Female,UG,Visual,2.18,46,4,39.8,70,Graph Algorithms,"Arrays & Hash Maps, Machine Learning Foundations, Sorting & Searching Algorithms, Dynamic Programming, Linked Lists & Doubly Linked Lists, Stacks & Queues, Greedy Algorithms & Backtracking",87,4,Medium,M1 -> M4 -> M4,88,53,Fail,Arrays & Hash Maps
STU0016,Rahul Brown,20,Male,UG,Auditory,3.8,63,2,45.0,10,Sorting & Searching Algorithms,Trees & Binary Search Trees,82,4,Easy,M1 -> M4 -> M6,99,60,Good,Sorting & Searching Algorithms
STU0017,Ava Kumar,20,Female,High School,Visual,3.47,56,4,54.2,60,Dynamic Programming,"Trees & Binary Search Trees, Graph Algorithms, Stacks & Queues, Dynamic Programming, Sorting & Searching Algorithms, Arrays & Hash Maps",90,1,Easy,M1 -> M3 -> M5,77,46,Fair,Arrays & Hash Maps
STU0018,Emma Joshi,24,Female,UG,Visual,3.93,76,3,23.0,50,Sorting & Searching Algorithms,"System Design Basics & Caching, Dynamic Programming, Sorting & Searching Algorithms, Arrays & Hash Maps, Machine Learning Foundations",76,0,Medium,M1 -> M4 -> M5,89,82,Excellent,Greedy Algorithms & Backtracking
STU0019,Priya Williams,21,Female,High School,Kinesthetic,2.87,58,3,37.8,90,System Design Basics & Caching,"Trees & Binary Search Trees, Sorting & Searching Algorithms, Dynamic Programming, Arrays & Hash Maps, System Design Basics & Caching, Stacks & Queues, Graph Algorithms, Machine Learning Foundations, Greedy Algorithms & Backtracking",86,2,Easy,M1 -> M4 -> M4,83,60,Fair,Arrays & Hash Maps
STU0020,Emma Kumar,22,Female,PG,Visual,2.61,50,4,45.4,40,Dynamic Programming,"Machine Learning Foundations, Sorting & Searching Algorithms, Greedy Algorithms & Backtracking, Trees & Binary Search Trees",92,3,Medium,M1 -> M4 -> M4,86,60,Fail,Arrays & Hash Maps
STU0021,Pooja Smith,19,Male,PG,Auditory,2.45,93,5,53.2,40,Stacks & Queues,"Arrays & Hash Maps, Machine Learning Foundations, Trees & Binary Search Trees, Greedy Algorithms & Backtracking",64,3,Easy,M1 -> M4 -> M6,92,95,Excellent,System Design Basics & Caching
STU0022,Meera Williams,21,Male,PG,Kinesthetic,2.01,68,5,35.9,20,Dynamic Programming,"Trees & Binary Search Trees, Stacks & Queues",95,1,Medium,M1 -> M3 -> M4,91,74,Fair,Machine Learning Foundations
STU0023,Tanvi Martinez,23,Female,PG,Kinesthetic,3.78,73,5,36.8,70,System Design Basics & Caching,"Greedy Algorithms & Backtracking, Stacks & Queues, Machine Learning Foundations, Trees & Binary Search Trees, System Design Basics & Caching, Linked Lists & Doubly Linked Lists, Sorting & Searching Algorithms",75,2,Medium,M1 -> M2 -> M5,80,80,Good,Machine Learning Foundations
STU0024,Rohan Singh,20,Male,UG,Kinesthetic,2.31,50,4,33.7,40,Linked Lists & Doubly Linked Lists,"Dynamic Programming, Machine Learning Foundations, Sorting & Searching Algorithms, Graph Algorithms",73,3,Medium,M1 -> M4 -> M5,70,51,Fail,Arrays & Hash Maps
STU0025,Ishita Williams,24,Male,UG,Visual,2.55,63,5,16.2,80,Arrays & Hash Maps,"Dynamic Programming, Sorting & Searching Algorithms, Machine Learning Foundations, System Design Basics & Caching, Linked Lists & Doubly Linked Lists, Trees & Binary Search Trees, Greedy Algorithms & Backtracking, Stacks & Queues",85,4,Medium,M1 -> M2 -> M6,74,67,Fair,Stacks & Queues
STU0026,Neha Verma,22,Female,UG,Visual,2.91,73,1,48.7,60,Dynamic Programming,"Graph Algorithms, Dynamic Programming, Machine Learning Foundations, System Design Basics & Caching, Arrays & Hash Maps, Trees & Binary Search Trees",63,2,Easy,M1 -> M4 -> M4,100,70,Fair,Stacks & Queues
STU0027,Vikram Sharma,20,Male,High School,Auditory,3.34,54,5,16.2,100,Trees & Binary Search Trees,"Greedy Algorithms & Backtracking, Graph Algorithms, Sorting & Searching Algorithms, Linked Lists & Doubly Linked Lists, System Design Basics & Caching, Machine Learning Foundations, Arrays & Hash Maps, Trees & Binary Search Trees, Dynamic Programming, Stacks & Queues",79,4,Easy,M1 -> M3 -> M6,72,62,Fair,Arrays & Hash Maps
STU0028,Liam Mehta,19,Female,PG,Kinesthetic,3.61,77,1,34.5,100,Arrays & Hash Maps,"Sorting & Searching Algorithms, System Design Basics & Caching, Dynamic Programming, Machine Learning Foundations, Stacks & Queues, Arrays & Hash Maps, Greedy Algorithms & Backtracking, Graph Algorithms, Linked Lists & Doubly Linked Lists, Trees & Binary Search Trees",83,5,Medium,M1 -> M4 -> M4,75,83,Excellent,Greedy Algorithms & Backtracking
STU0029,Alex Nair,26,Female,UG,Auditory,3.65,62,1,37.2,100,Graph Algorithms,"Sorting & Searching Algorithms, Trees & Binary Search Trees, Linked Lists & Doubly Linked Lists, Stacks & Queues, System Design Basics & Caching, Greedy Algorithms & Backtracking, Machine Learning Foundations, Dynamic Programming, Graph Algorithms, Arrays & Hash Maps",80,1,Medium,M1 -> M3 -> M5,98,71,Good,Sorting & Searching Algorithms
STU0030,Liam Nair,26,Male,PG,Visual,2.17,67,1,19.2,70,Greedy Algorithms & Backtracking,"System Design Basics & Caching, Trees & Binary Search Trees, Greedy Algorithms & Backtracking, Sorting & Searching Algorithms, Dynamic Programming, Machine Learning Foundations, Graph Algorithms",74,3,Medium,M1 -> M4 -> M6,85,74,Good,Stacks & Queues
STU0031,Siddharth Johnson,24,Female,UG,Kinesthetic,2.91,62,5,57.8,50,Graph Algorithms,"Trees & Binary Search Trees, Linked Lists & Doubly Linked Lists, Machine Learning Foundations, Stacks & Queues, Arrays & Hash Maps",71,1,Hard,M1 -> M3 -> M6,94,68,Good,Machine Learning Foundations
STU0032,Pooja Rao,19,Male,UG,Visual,2.72,99,5,28.1,50,Arrays & Hash Maps,"System Design Basics & Caching, Stacks & Queues, Graph Algorithms, Arrays & Hash Maps, Dynamic Programming",68,5,Easy,M1 -> M3 -> M4,88,98,Excellent,System Design Basics & Caching
STU0033,Meera Garcia,25,Female,High School,Visual,2.5,71,5,57.7,80,Linked Lists & Doubly Linked Lists,"Linked Lists & Doubly Linked Lists, Dynamic Programming, Greedy Algorithms & Backtracking, Arrays & Hash Maps, Graph Algorithms, System Design Basics & Caching, Machine Learning Foundations, Sorting & Searching Algorithms",65,1,Medium,M1 -> M4 -> M5,99,75,Fair,Sorting & Searching Algorithms
STU0034,Ishita Rodriguez,24,Female,PG,Kinesthetic,2.12,56,1,22.1,20,Trees & Binary Search Trees,"Trees & Binary Search Trees, Graph Algorithms",71,4,Hard,M1 -> M3 -> M6,85,55,Fair,Arrays & Hash Maps
STU0035,Ananya Mehta,22,Female,PG,Auditory,2.14,84,5,25.1,40,Graph Algorithms,"Machine Learning Foundations, Trees & Binary Search Trees, Dynamic Programming, Arrays & Hash Maps",69,2,Medium,M1 -> M2 -> M4,89,92,Good,Greedy Algorithms & Backtracking
STU0036,Isabella Rao,25,Male,UG,Kinesthetic,2.61,53,4,48.1,70,Graph Algorithms,"System Design Basics & Caching, Machine Learning Foundations, Greedy Algorithms & Backtracking, Trees & Binary Search Trees, Arrays & Hash Maps, Graph Algorithms, Sorting & Searching Algorithms",98,2,Hard,M1 -> M4 -> M5,71,48,Fail,Arrays & Hash Maps
STU0037,Meera Miller,25,Female,High School,Kinesthetic,2.87,75,4,46.2,80,Linked Lists & Doubly Linked Lists,"Greedy Algorithms & Backtracking, Sorting & Searching Algorithms, Dynamic Programming, Stacks & Queues, Machine Learning Foundations, Arrays & Hash Maps, Linked Lists & Doubly Linked Lists, Trees & Binary Search Trees",78,5,Medium,M1 -> M3 -> M4,78,75,Good,Trees & Binary Search Trees
STU0038,Priya Williams,26,Male,PG,Kinesthetic,2.92,42,3,43.0,10,Trees & Binary Search Trees,System Design Basics & Caching,91,5,Hard,M1 -> M2 -> M5,74,41,Fail,Arrays & Hash Maps
STU0039,Dev Garcia,19,Male,PG,Kinesthetic,3.6,52,1,25.1,30,Graph Algorithms,"System Design Basics & Caching, Arrays & Hash Maps, Dynamic Programming",67,3,Medium,M1 -> M3 -> M6,86,50,Fail,Linked Lists & Doubly Linked Lists
STU0040,Riya Garcia,25,Male,UG,Kinesthetic,2.29,74,4,30.3,40,Machine Learning Foundations,"System Design Basics & Caching, Stacks & Queues, Linked Lists & Doubly Linked Lists, Machine Learning Foundations",92,2,Hard,M1 -> M4 -> M5,88,79,Good,Machine Learning Foundations
STU0041,Ava Singh,25,Female,UG,Auditory,3.1,83,1,29.3,90,Dynamic Programming,"Greedy Algorithms & Backtracking, Sorting & Searching Algorithms, Trees & Binary Search Trees, System Design Basics & Caching, Linked Lists & Doubly Linked Lists, Graph Algorithms, Machine Learning Foundations, Arrays & Hash Maps, Dynamic Programming",90,5,Hard,M1 -> M3 -> M6,74,88,Excellent,Greedy Algorithms & Backtracking
STU0042,Ananya Singh,26,Female,High School,Auditory,2.2,74,4,44.2,80,Arrays & Hash Maps,"Stacks & Queues, Dynamic Programming, Machine Learning Foundations, Arrays & Hash Maps, Trees & Binary Search Trees, Greedy Algorithms & Backtracking, Graph Algorithms, Sorting & Searching Algorithms",81,5,Hard,M1 -> M3 -> M6,98,79,Good,Sorting & Searching Algorithms
STU0043,Ava Davis,18,Male,High School,Kinesthetic,3.37,70,1,35.0,50,Trees & Binary Search Trees,"Linked Lists & Doubly Linked Lists, Dynamic Programming, Machine Learning Foundations, System Design Basics & Caching, Sorting & Searching Algorithms",79,0,Medium,M1 -> M3 -> M5,74,67,Good,Stacks & Queues
STU0044,Siddharth Brown,20,Male,High School,Visual,3.22,67,3,45.0,70,Machine Learning Foundations,"Trees & Binary Search Trees, Greedy Algorithms & Backtracking, Stacks & Queues, Linked Lists & Doubly Linked Lists, Machine Learning Foundations, System Design Basics & Caching, Sorting & Searching Algorithms",89,2,Medium,M1 -> M2 -> M5,88,66,Fair,Stacks & Queues
STU0045,Alex Brown,22,Female,UG,Visual,4.0,49,4,27.4,80,Linked Lists & Doubly Linked Lists,"Trees & Binary Search Trees, Dynamic Programming, Sorting & Searching Algorithms, Graph Algorithms, Stacks & Queues, Greedy Algorithms & Backtracking, Arrays & Hash Maps, System Design Basics & Caching",96,5,Medium,M1 -> M4 -> M6,96,48,Fail,Arrays & Hash Maps
STU0046,Noah Mehta,23,Male,PG,Visual,3.24,61,1,41.1,30,Linked Lists & Doubly Linked Lists,"Arrays & Hash Maps, Graph Algorithms, Greedy Algorithms & Backtracking",68,0,Easy,M1 -> M4 -> M5,76,55,Good,Stacks & Queues
STU0047,Olivia Davis,23,Female,High School,Auditory,3.83,65,3,19.1,80,Graph Algorithms,"Sorting & Searching Algorithms, Linked Lists & Doubly Linked Lists, Greedy Algorithms & Backtracking, Arrays & Hash Maps, System Design Basics & Caching, Machine Learning Foundations, Trees & Binary Search Trees, Stacks & Queues",85,0,Hard,M1 -> M3 -> M5,93,63,Fair,Sorting & Searching Algorithms
STU0048,Yash Williams,23,Male,PG,Visual,2.94,87,1,28.7,100,System Design Basics & Caching,"Sorting & Searching Algorithms, Trees & Binary Search Trees, Linked Lists & Doubly Linked Lists, Machine Learning Foundations, System Design Basics & Caching, Stacks & Queues, Dynamic Programming, Arrays & Hash Maps, Graph Algorithms, Greedy Algorithms & Backtracking",91,0,Hard,M1 -> M3 -> M5,100,94,Excellent,Trees & Binary Search Trees
STU0049,Riya Rodriguez,20,Female,PG,Visual,3.67,77,5,55.6,100,Dynamic Programming,"Graph Algorithms, Arrays & Hash Maps, Sorting & Searching Algorithms, Linked Lists & Doubly Linked Lists, Trees & Binary Search Trees, Greedy Algorithms & Backtracking, Dynamic Programming, Machine Learning Foundations, System Design Basics & Caching, Stacks & Queues",82,0,Easy,M1 -> M2 -> M5,91,73,Good,Greedy Algorithms & Backtracking
STU0050,Alex Martinez,18,Male,UG,Visual,3.98,45,2,59.4,100,Trees & Binary Search Trees,"Linked Lists & Doubly Linked Lists, System Design Basics & Caching, Trees & Binary Search Trees, Graph Algorithms, Machine Learning Foundations, Sorting & Searching Algorithms, Stacks & Queues, Arrays & Hash Maps, Greedy Algorithms & Backtracking, Dynamic Programming",94,2,Easy,M1 -> M4 -> M4,70,46,Fail,Linked Lists & Doubly Linked Lists
STU0051,Olivia Mehta,23,Male,High School,Auditory,2.1,76,4,37.7,70,System Design Basics & Caching,"Linked Lists & Doubly Linked Lists, Machine Learning Foundations, Greedy Algorithms & Backtracking, Trees & Binary Search Trees, Stacks & Queues, Graph Algorithms, Arrays & Hash Maps",99,0,Easy,M1 -> M3 -> M6,71,81,Excellent,Trees & Binary Search Trees
STU0052,Ava Williams,24,Male,UG,Kinesthetic,3.82,66,1,20.7,20,Linked Lists & Doubly Linked Lists,"Sorting & Searching Algorithms, Stacks & Queues",99,5,Hard,M1 -> M3 -> M6,79,70,Good,Machine Learning Foundations
STU0053,Siddharth Martinez,24,Male,PG,Visual,3.71,61,3,34.2,90,Trees & Binary Search Trees,"Dynamic Programming, Greedy Algorithms & Backtracking, Trees & Binary Search Trees, System Design Basics & Caching, Stacks & Queues, Machine Learning Foundations, Graph Algorithms, Linked Lists & Doubly Linked Lists, Arrays & Hash Maps",76,2,Easy,M1 -> M2 -> M4,72,64,Good,Stacks & Queues
STU0054,Priya Johnson,20,Male,PG,Kinesthetic,3.12,81,1,58.6,20,Dynamic Programming,"Sorting & Searching Algorithms, Dynamic Programming",98,2,Medium,M1 -> M2 -> M6,77,74,Good,Greedy Algorithms & Backtracking
STU0055,Kavya Davis,23,Male,UG,Kinesthetic,2.45,87,2,27.3,70,System Design Basics & Caching,"Machine Learning Foundations, System Design Basics & Caching, Arrays & Hash Maps, Graph Algorithms, Sorting & Searching Algorithms, Stacks & Queues, Greedy Algorithms & Backtracking",79,2,Hard,M1 -> M2 -> M6,82,79,Good,Greedy Algorithms & Backtracking
STU0056,Rahul Sharma,19,Male,UG,Auditory,2.91,85,1,22.0,30,Sorting & Searching Algorithms,"Graph Algorithms, Sorting & Searching Algorithms, Linked Lists & Doubly Linked Lists",99,0,Medium,M1 -> M3 -> M6,85,94,Excellent,Greedy Algorithms & Backtracking
STU0057,Dev Brown,22,Male,PG,Visual,2.69,59,5,45.0,20,Graph Algorithms,"Machine Learning Foundations, Greedy Algorithms & Backtracking",62,1,Medium,M1 -> M2 -> M4,100,55,Fail,Arrays & Hash Maps
STU0058,Noah Singh,22,Female,UG,Visual,2.02,67,4,53.8,70,Stacks & Queues,"Stacks & Queues, Dynamic Programming, Trees & Binary Search Trees, Graph Algorithms, System Design Basics & Caching, Machine Learning Foundations, Arrays & Hash Maps",62,3,Hard,M1 -> M4 -> M5,82,77,Good,Stacks & Queues
STU0059,Riya Rao,19,Female,High School,Auditory,2.34,76,4,54.2,100,Greedy Algorithms & Backtracking,"Sorting & Searching Algorithms, Linked Lists & Doubly Linked Lists, Dynamic Programming, Greedy Algorithms & Backtracking, Arrays & Hash Maps, System Design Basics & Caching, Trees & Binary Search Trees, Stacks & Queues, Graph Algorithms, Machine Learning Foundations",81,1,Hard,M1 -> M2 -> M6,73,82,Good,Trees & Binary Search Trees
STU0060,Siddharth Joshi,23,Female,PG,Kinesthetic,3.63,86,5,21.9,40,Linked Lists & Doubly Linked Lists,"Stacks & Queues, Graph Algorithms, Trees & Binary Search Trees, Linked Lists & Doubly Linked Lists",64,1,Hard,M1 -> M3 -> M6,84,94,Excellent,Greedy Algorithms & Backtracking
STU0061,Alex Martinez,23,Female,High School,Auditory,2.14,64,1,17.6,80,Graph Algorithms,"Graph Algorithms, Arrays & Hash Maps, Sorting & Searching Algorithms, Machine Learning Foundations, System Design Basics & Caching, Stacks & Queues, Trees & Binary Search Trees, Linked Lists & Doubly Linked Lists",78,0,Hard,M1 -> M4 -> M6,82,68,Fair,Sorting & Searching Algorithms
STU0062,Yash Davis,18,Female,PG,Kinesthetic,2.38,69,2,46.8,100,Greedy Algorithms & Backtracking,"System Design Basics & Caching, Stacks & Queues, Arrays & Hash Maps, Trees & Binary Search Trees, Greedy Algorithms & Backtracking, Machine Learning Foundations, Sorting & Searching Algorithms, Graph Algorithms, Dynamic Programming, Linked Lists & Doubly Linked Lists",88,4,Medium,M1 -> M3 -> M5,82,72,Fair,Machine Learning Foundations
STU0063,Noah Smith,18,Female,High School,Auditory,2.19,55,3,58.5,70,Graph Algorithms,"Graph Algorithms, Stacks & Queues, Sorting & Searching Algorithms, Arrays & Hash Maps, Machine Learning Foundations, Linked Lists & Doubly Linked Lists, System Design Basics & Caching",85,1,Medium,M1 -> M3 -> M6,90,55,Fail,Arrays & Hash Maps
STU0064,Ethan Singh,26,Male,PG,Kinesthetic,2.85,54,2,25.2,60,Arrays & Hash Maps,"Sorting & Searching Algorithms, Graph Algorithms, Stacks & Queues, Linked Lists & Doubly Linked Lists, Greedy Algorithms & Backtracking, Trees & Binary Search Trees",68,1,Hard,M1 -> M4 -> M5,74,63,Fail,Arrays & Hash Maps
STU0065,Arjun Singh,20,Male,PG,Kinesthetic,3.62,84,2,58.6,30,Greedy Algorithms & Backtracking,"Arrays & Hash Maps, Dynamic Programming, Sorting & Searching Algorithms",99,2,Easy,M1 -> M2 -> M6,79,89,Excellent,Greedy Algorithms & Backtracking
STU0066,Mason Joshi,23,Female,UG,Auditory,3.56,92,3,40.0,90,System Design Basics & Caching,"Dynamic Programming, Stacks & Queues, Trees & Binary Search Trees, Machine Learning Foundations, Graph Algorithms, Linked Lists & Doubly Linked Lists, System Design Basics & Caching, Arrays & Hash Maps, Sorting & Searching Algorithms",66,5,Easy,M1 -> M2 -> M5,94,87,Excellent,Graph Algorithms
STU0067,Aditya Jones,26,Male,UG,Visual,3.89,70,4,37.6,40,Greedy Algorithms & Backtracking,"Sorting & Searching Algorithms, Arrays & Hash Maps, Dynamic Programming, System Design Basics & Caching",75,3,Medium,M1 -> M2 -> M4,99,63,Good,Stacks & Queues
STU0068,Ethan Smith,20,Male,High School,Auditory,3.83,87,5,57.3,80,Stacks & Queues,"Greedy Algorithms & Backtracking, Machine Learning Foundations, Arrays & Hash Maps, System Design Basics & Caching, Dynamic Programming, Stacks & Queues, Linked Lists & Doubly Linked Lists, Sorting & Searching Algorithms",98,4,Easy,M1 -> M2 -> M5,71,84,Excellent,Trees & Binary Search Trees
STU0069,Riya Martinez,25,Male,High School,Auditory,3.19,77,2,47.3,10,System Design Basics & Caching,Machine Learning Foundations,78,3,Easy,M1 -> M4 -> M5,91,69,Good,Greedy Algorithms & Backtracking
STU0070,Siddharth Johnson,19,Male,UG,Auditory,2.09,62,1,49.7,70,Sorting & Searching Algorithms,"Graph Algorithms, Arrays & Hash Maps, Sorting & Searching Algorithms, Dynamic Programming, System Design Basics & Caching, Stacks & Queues, Linked Lists & Doubly Linked Lists",81,1,Hard,M1 -> M4 -> M4,84,67,Good,Machine Learning Foundations
STU0071,Alex Kumar,20,Male,PG,Auditory,2.07,77,5,32.9,40,Arrays & Hash Maps,"Trees & Binary Search Trees, Arrays & Hash Maps, Sorting & Searching Algorithms, Stacks & Queues",94,3,Easy,M1 -> M3 -> M5,97,87,Good,Greedy Algorithms & Backtracking
STU0072,Karan Nair,19,Female,UG,Auditory,3.49,95,4,18.6,70,Sorting & Searching Algorithms,"Stacks & Queues, Greedy Algorithms & Backtracking, System Design Basics & Caching, Machine Learning Foundations, Graph Algorithms, Dynamic Programming, Arrays & Hash Maps",98,1,Easy,M1 -> M3 -> M4,80,94,Excellent,Dynamic Programming
STU0073,Ishita Jones,24,Male,PG,Auditory,2.7,71,4,27.4,10,Sorting & Searching Algorithms,Machine Learning Foundations,63,0,Hard,M1 -> M3 -> M6,91,66,Good,Sorting & Searching Algorithms
STU0074,Aarav Singh,25,Male,High School,Visual,2.47,95,3,35.0,60,Sorting & Searching Algorithms,"Dynamic Programming, Arrays & Hash Maps, Stacks & Queues, Sorting & Searching Algorithms, Trees & Binary Search Trees, Greedy Algorithms & Backtracking",64,4,Hard,M1 -> M3 -> M5,78,92,Excellent,Dynamic Programming
STU0075,Priya Sharma,20,Female,PG,Auditory,3.83,32,2,59.8,20,Graph Algorithms,"Graph Algorithms, Greedy Algorithms & Backtracking",78,5,Easy,M1 -> M2 -> M4,97,40,Fair,Linked Lists & Doubly Linked Lists
STU0076,Dev Kumar,25,Male,PG,Auditory,3.34,84,3,53.3,20,System Design Basics & Caching,"System Design Basics & Caching, Graph Algorithms",100,1,Easy,M1 -> M2 -> M4,77,89,Good,Greedy Algorithms & Backtracking
STU0077,Aarav Johnson,26,Female,UG,Kinesthetic,2.26,73,4,38.7,20,Linked Lists & Doubly Linked Lists,"Graph Algorithms, Dynamic Programming",86,4,Hard,M1 -> M3 -> M5,86,74,Fair,Sorting & Searching Algorithms
STU0078,Rahul Davis,20,Male,UG,Kinesthetic,3.82,67,2,28.7,10,Linked Lists & Doubly Linked Lists,System Design Basics & Caching,70,2,Medium,M1 -> M3 -> M6,97,59,Fair,Machine Learning Foundations
STU0079,Aditya Joshi,26,Female,High School,Kinesthetic,2.61,73,1,18.7,90,Linked Lists & Doubly Linked Lists,"System Design Basics & Caching, Stacks & Queues, Machine Learning Foundations, Linked Lists & Doubly Linked Lists, Sorting & Searching Algorithms, Graph Algorithms, Greedy Algorithms & Backtracking, Trees & Binary Search Trees, Arrays & Hash Maps",96,2,Easy,M1 -> M4 -> M6,85,83,Good,Machine Learning Foundations
STU0080,Tanvi Rao,22,Female,High School,Kinesthetic,2.81,42,5,21.5,80,Linked Lists & Doubly Linked Lists,"Arrays & Hash Maps, Stacks & Queues, Greedy Algorithms & Backtracking, Trees & Binary Search Trees, Dynamic Programming, Sorting & Searching Algorithms, Linked Lists & Doubly Linked Lists, Graph Algorithms",80,5,Medium,M1 -> M3 -> M4,86,49,Fair,Arrays & Hash Maps
STU0081,Priya Smith,21,Female,High School,Auditory,2.9,68,5,33.8,30,Linked Lists & Doubly Linked Lists,"Arrays & Hash Maps, Graph Algorithms, Dynamic Programming",70,2,Medium,M1 -> M2 -> M4,86,72,Good,Sorting & Searching Algorithms
STU0082,Meera Rao,25,Male,High School,Auditory,3.01,77,3,37.3,40,Trees & Binary Search Trees,"Machine Learning Foundations, Sorting & Searching Algorithms, Arrays & Hash Maps, Greedy Algorithms & Backtracking",90,2,Medium,M1 -> M3 -> M4,93,78,Good,Trees & Binary Search Trees
STU0083,Noah Williams,23,Male,UG,Visual,3.14,94,5,35.3,40,Sorting & Searching Algorithms,"System Design Basics & Caching, Graph Algorithms, Linked Lists & Doubly Linked Lists, Trees & Binary Search Trees",95,2,Hard,M1 -> M4 -> M6,73,88,Excellent,Dynamic Programming
STU0084,Priya Williams,23,Female,PG,Auditory,3.51,64,1,21.2,40,Machine Learning Foundations,"System Design Basics & Caching, Dynamic Programming, Arrays & Hash Maps, Greedy Algorithms & Backtracking",81,3,Easy,M1 -> M4 -> M6,80,73,Fair,Sorting & Searching Algorithms
STU0085,Karan Kumar,24,Female,PG,Auditory,3.01,59,4,41.3,90,System Design Basics & Caching,"Greedy Algorithms & Backtracking, Graph Algorithms, Machine Learning Foundations, Dynamic Programming, Arrays & Hash Maps, Stacks & Queues, System Design Basics & Caching, Trees & Binary Search Trees, Sorting & Searching Algorithms",100,0,Hard,M1 -> M4 -> M6,77,50,Fair,Arrays & Hash Maps
STU0086,Yash Garcia,20,Female,High School,Kinesthetic,2.48,64,5,49.9,100,Linked Lists & Doubly Linked Lists,"Trees & Binary Search Trees, Arrays & Hash Maps, Greedy Algorithms & Backtracking, Stacks & Queues, Machine Learning Foundations, Linked Lists & Doubly Linked Lists, Sorting & Searching Algorithms, Dynamic Programming, System Design Basics & Caching, Graph Algorithms",90,5,Hard,M1 -> M4 -> M4,80,69,Fair,Machine Learning Foundations
STU0087,Siddharth Williams,23,Male,UG,Kinesthetic,2.68,85,3,25.1,60,Graph Algorithms,"Machine Learning Foundations, Greedy Algorithms & Backtracking, Trees & Binary Search Trees, Linked Lists & Doubly Linked Lists, Stacks & Queues, Graph Algorithms",79,2,Medium,M1 -> M3 -> M5,87,83,Excellent,Greedy Algorithms & Backtracking
STU0088,Ishita Gupta,26,Female,UG,Auditory,3.91,76,3,56.6,30,Graph Algorithms,"Arrays & Hash Maps, Graph Algorithms, Linked Lists & Doubly Linked Lists",76,5,Hard,M1 -> M4 -> M5,92,74,Good,Greedy Algorithms & Backtracking
STU0089,Rahul Gupta,21,Male,High School,Kinesthetic,3.81,64,4,19.5,40,Trees & Binary Search Trees,"Arrays & Hash Maps, Linked Lists & Doubly Linked Lists, Dynamic Programming, Stacks & Queues",68,0,Medium,M1 -> M3 -> M6,85,74,Fair,Machine Learning Foundations
STU0090,Vikram Rao,23,Female,PG,Visual,3.82,79,1,56.1,20,Machine Learning Foundations,"Trees & Binary Search Trees, System Design Basics & Caching",71,3,Medium,M1 -> M2 -> M5,75,78,Good,Greedy Algorithms & Backtracking
STU0091,Mason Verma,18,Female,PG,Kinesthetic,2.21,73,3,23.7,60,Graph Algorithms,"Greedy Algorithms & Backtracking, System Design Basics & Caching, Machine Learning Foundations, Linked Lists & Doubly Linked Lists, Graph Algorithms, Trees & Binary Search Trees",67,2,Hard,M1 -> M4 -> M5,75,63,Good,Machine Learning Foundations
STU0092,Sophia Smith,22,Male,High School,Kinesthetic,3.71,86,2,36.5,70,Dynamic Programming,"System Design Basics & Caching, Sorting & Searching Algorithms, Linked Lists & Doubly Linked Lists, Trees & Binary Search Trees, Machine Learning Foundations, Arrays & Hash Maps, Greedy Algorithms & Backtracking",75,0,Medium,M1 -> M3 -> M5,79,94,Good,Trees & Binary Search Trees
STU0093,Sophia Rodriguez,18,Female,PG,Auditory,3.39,61,3,22.2,10,Linked Lists & Doubly Linked Lists,Greedy Algorithms & Backtracking,92,5,Medium,M1 -> M4 -> M5,89,58,Fair,Sorting & Searching Algorithms
STU0094,Sneha Singh,25,Male,UG,Kinesthetic,3.98,67,1,38.6,60,Dynamic Programming,"System Design Basics & Caching, Greedy Algorithms & Backtracking, Trees & Binary Search Trees, Dynamic Programming, Linked Lists & Doubly Linked Lists, Graph Algorithms",93,5,Hard,M1 -> M2 -> M6,76,75,Fair,Machine Learning Foundations
STU0095,Tanvi Singh,20,Female,PG,Auditory,2.23,66,1,35.4,40,Machine Learning Foundations,"Greedy Algorithms & Backtracking, Linked Lists & Doubly Linked Lists, Machine Learning Foundations, Dynamic Programming",92,3,Hard,M1 -> M4 -> M5,95,65,Fair,Sorting & Searching Algorithms
STU0096,Sophia Sharma,24,Female,High School,Kinesthetic,2.44,50,1,39.4,20,Arrays & Hash Maps,"Dynamic Programming, Sorting & Searching Algorithms",63,0,Medium,M1 -> M2 -> M5,75,44,Fair,Linked Lists & Doubly Linked Lists
STU0097,Noah Brown,23,Female,UG,Auditory,2.75,76,1,49.0,90,Stacks & Queues,"Sorting & Searching Algorithms, Linked Lists & Doubly Linked Lists, Stacks & Queues, Graph Algorithms, Trees & Binary Search Trees, Dynamic Programming, System Design Basics & Caching, Greedy Algorithms & Backtracking, Arrays & Hash Maps",79,3,Easy,M1 -> M4 -> M5,77,80,Excellent,Greedy Algorithms & Backtracking
STU0098,Kavya Singh,22,Male,PG,Visual,2.06,75,4,41.9,70,Machine Learning Foundations,"Arrays & Hash Maps, Trees & Binary Search Trees, System Design Basics & Caching, Machine Learning Foundations, Dynamic Programming, Graph Algorithms, Sorting & Searching Algorithms",63,1,Hard,M1 -> M3 -> M4,76,66,Excellent,Greedy Algorithms & Backtracking
STU0099,Rahul Miller,22,Male,PG,Kinesthetic,2.64,72,5,57.7,100,Sorting & Searching Algorithms,"Trees & Binary Search Trees, Graph Algorithms, Stacks & Queues, Sorting & Searching Algorithms, System Design Basics & Caching, Linked Lists & Doubly Linked Lists, Machine Learning Foundations, Dynamic Programming, Greedy Algorithms & Backtracking, Arrays & Hash Maps",71,5,Hard,M1 -> M2 -> M5,91,74,Good,Machine Learning Foundations
STU0100,Olivia Miller,23,Female,UG,Visual,2.6,68,3,53.6,30,System Design Basics & Caching,"Greedy Algorithms & Backtracking, Trees & Binary Search Trees, System Design Basics & Caching",69,3,Hard,M1 -> M3 -> M6,74,70,Good,Stacks & Queues
STU0101,Sneha Nair,21,Female,PG,Visual,3.84,50,5,16.8,60,Linked Lists & Doubly Linked Lists,"System Design Basics & Caching, Trees & Binary Search Trees, Arrays & Hash Maps, Stacks & Queues, Machine Learning Foundations, Graph Algorithms",64,1,Medium,M1 -> M3 -> M4,79,40,Fail,Arrays & Hash Maps
STU0102,Vikram Joshi,19,Female,High School,Kinesthetic,3.21,65,3,32.1,40,Dynamic Programming,"Trees & Binary Search Trees, System Design Basics & Caching, Sorting & Searching Algorithms, Dynamic Programming",94,5,Medium,M1 -> M3 -> M6,84,58,Good,Machine Learning Foundations
STU0103,Olivia Garcia,23,Male,UG,Auditory,2.83,66,3,25.4,100,Trees & Binary Search Trees,"Stacks & Queues, Arrays & Hash Maps, Graph Algorithms, Greedy Algorithms & Backtracking, Dynamic Programming, Sorting & Searching Algorithms, Trees & Binary Search Trees, Linked Lists & Doubly Linked Lists, System Design Basics & Caching, Machine Learning Foundations",96,1,Hard,M1 -> M3 -> M5,90,71,Good,Sorting & Searching Algorithms
STU0104,Dev Kumar,23,Male,High School,Kinesthetic,3.09,59,1,57.5,30,System Design Basics & Caching,"Arrays & Hash Maps, System Design Basics & Caching, Machine Learning Foundations",63,0,Easy,M1 -> M2 -> M6,70,55,Fail,Linked Lists & Doubly Linked Lists
STU0105,Siddharth Jones,23,Male,PG,Kinesthetic,3.33,69,1,37.6,100,Greedy Algorithms & Backtracking,"Greedy Algorithms & Backtracking, Arrays & Hash Maps, System Design Basics & Caching, Graph Algorithms, Dynamic Programming, Trees & Binary Search Trees, Machine Learning Foundations, Sorting & Searching Algorithms, Linked Lists & Doubly Linked Lists, Stacks & Queues",87,1,Hard,M1 -> M2 -> M4,86,67,Fair,Stacks & Queues
STU0106,Ethan Johnson,22,Female,High School,Auditory,3.92,78,4,32.0,80,Machine Learning Foundations,"Trees & Binary Search Trees, Machine Learning Foundations, Graph Algorithms, Sorting & Searching Algorithms, Arrays & Hash Maps, Dynamic Programming, Greedy Algorithms & Backtracking, Linked Lists & Doubly Linked Lists",90,0,Medium,M1 -> M2 -> M5,90,78,Good,Trees & Binary Search Trees
STU0107,Yash Gupta,26,Male,High School,Visual,3.8,100,2,41.4,100,Greedy Algorithms & Backtracking,"Graph Algorithms, Arrays & Hash Maps, Linked Lists & Doubly Linked Lists, Sorting & Searching Algorithms, Stacks & Queues, Machine Learning Foundations, System Design Basics & Caching, Trees & Binary Search Trees, Greedy Algorithms & Backtracking, Dynamic Programming",85,0,Hard,M1 -> M4 -> M4,96,100,Excellent,Graph Algorithms
STU0108,Emma Davis,23,Female,PG,Visual,3.58,74,1,34.7,20,System Design Basics & Caching,"Sorting & Searching Algorithms, Arrays & Hash Maps",64,2,Hard,M1 -> M3 -> M4,78,78,Good,Stacks & Queues
STU0109,Meera Mehta,23,Female,UG,Visual,3.36,75,2,32.1,70,Linked Lists & Doubly Linked Lists,"Machine Learning Foundations, Graph Algorithms, Trees & Binary Search Trees, Sorting & Searching Algorithms, Arrays & Hash Maps, Dynamic Programming, Stacks & Queues",100,1,Easy,M1 -> M3 -> M4,70,74,Excellent,Greedy Algorithms & Backtracking
STU0110,Dev Johnson,22,Male,High School,Visual,2.37,70,1,41.9,80,System Design Basics & Caching,"System Design Basics & Caching, Machine Learning Foundations, Dynamic Programming, Arrays & Hash Maps, Greedy Algorithms & Backtracking, Sorting & Searching Algorithms, Stacks & Queues, Trees & Binary Search Trees",80,3,Hard,M1 -> M2 -> M6,98,67,Good,Sorting & Searching Algorithms
STU0111,Yash Miller,20,Female,High School,Visual,2.54,43,4,28.5,50,Greedy Algorithms & Backtracking,"Stacks & Queues, Linked Lists & Doubly Linked Lists, Machine Learning Foundations, Trees & Binary Search Trees, Greedy Algorithms & Backtracking",64,2,Medium,M1 -> M4 -> M6,89,52,Fail,Arrays & Hash Maps
STU0112,Vikram Jones,19,Male,UG,Visual,3.9,71,2,28.5,60,Machine Learning Foundations,"Dynamic Programming, Sorting & Searching Algorithms, Greedy Algorithms & Backtracking, Stacks & Queues, Trees & Binary Search Trees, Graph Algorithms",98,5,Medium,M1 -> M2 -> M5,79,81,Good,Stacks & Queues
STU0113,Meera Rodriguez,21,Female,UG,Auditory,3.63,72,2,34.7,70,Sorting & Searching Algorithms,"Linked Lists & Doubly Linked Lists, Trees & Binary Search Trees, Stacks & Queues, Sorting & Searching Algorithms, Graph Algorithms, Arrays & Hash Maps, System Design Basics & Caching",78,5,Medium,M1 -> M2 -> M6,77,70,Good,Sorting & Searching Algorithms
STU0114,Emma Singh,24,Female,High School,Auditory,3.98,100,2,44.6,80,Machine Learning Foundations,"Dynamic Programming, System Design Basics & Caching, Machine Learning Foundations, Graph Algorithms, Arrays & Hash Maps, Stacks & Queues, Sorting & Searching Algorithms, Trees & Binary Search Trees",82,1,Hard,M1 -> M2 -> M6,91,100,Excellent,Graph Algorithms
STU0115,Arjun Smith,24,Male,High School,Visual,2.52,69,4,19.7,90,System Design Basics & Caching,"System Design Basics & Caching, Trees & Binary Search Trees, Greedy Algorithms & Backtracking, Stacks & Queues, Machine Learning Foundations, Sorting & Searching Algorithms, Linked Lists & Doubly Linked Lists, Graph Algorithms, Arrays & Hash Maps",86,0,Medium,M1 -> M3 -> M5,84,65,Fair,Machine Learning Foundations
STU0116,Siddharth Garcia,23,Female,High School,Auditory,3.44,76,1,45.5,80,Sorting & Searching Algorithms,"Linked Lists & Doubly Linked Lists, Graph Algorithms, Arrays & Hash Maps, Dynamic Programming, Sorting & Searching Algorithms, Greedy Algorithms & Backtracking, System Design Basics & Caching, Machine Learning Foundations",70,5,Medium,M1 -> M4 -> M4,87,79,Good,Trees & Binary Search Trees
STU0117,Dev Mehta,24,Male,High School,Kinesthetic,3.31,71,2,24.3,70,Arrays & Hash Maps,"Machine Learning Foundations, Trees & Binary Search Trees, Greedy Algorithms & Backtracking, Graph Algorithms, System Design Basics & Caching, Sorting & Searching Algorithms, Arrays & Hash Maps",64,4,Easy,M1 -> M3 -> M5,84,64,Fair,Machine Learning Foundations
STU0118,Aditya Garcia,26,Female,PG,Auditory,3.22,54,1,25.7,100,Linked Lists & Doubly Linked Lists,"Sorting & Searching Algorithms, Machine Learning Foundations, Greedy Algorithms & Backtracking, Graph Algorithms, Linked Lists & Doubly Linked Lists, Stacks & Queues, Arrays & Hash Maps, Dynamic Programming, Trees & Binary Search Trees, System Design Basics & Caching",67,1,Medium,M1 -> M4 -> M5,89,48,Fail,Linked Lists & Doubly Linked Lists
STU0119,Yash Williams,24,Male,UG,Kinesthetic,3.07,89,2,23.4,30,System Design Basics & Caching,"Stacks & Queues, Greedy Algorithms & Backtracking, Graph Algorithms",88,4,Easy,M1 -> M2 -> M5,76,91,Excellent,Dynamic Programming
STU0120,Tanvi Miller,25,Female,PG,Auditory,2.83,83,2,39.2,80,Greedy Algorithms & Backtracking,"Stacks & Queues, Linked Lists & Doubly Linked Lists, Arrays & Hash Maps, Dynamic Programming, System Design Basics & Caching, Machine Learning Foundations, Greedy Algorithms & Backtracking, Sorting & Searching Algorithms",70,3,Easy,M1 -> M4 -> M6,88,76,Excellent,Greedy Algorithms & Backtracking
STU0121,Aditya Davis,23,Male,PG,Auditory,3.09,83,4,53.9,70,Linked Lists & Doubly Linked Lists,"Trees & Binary Search Trees, Graph Algorithms, Arrays & Hash Maps, Machine Learning Foundations, Stacks & Queues, Sorting & Searching Algorithms, Greedy Algorithms & Backtracking",67,1,Hard,M1 -> M4 -> M6,83,78,Excellent,Greedy Algorithms & Backtracking
STU0122,Pooja Singh,21,Male,High School,Kinesthetic,2.7,58,3,40.8,50,Machine Learning Foundations,"System Design Basics & Caching, Stacks & Queues, Sorting & Searching Algorithms, Greedy Algorithms & Backtracking, Machine Learning Foundations",92,5,Medium,M1 -> M3 -> M4,97,68,Fail,Arrays & Hash Maps
STU0123,Rahul Singh,21,Male,PG,Auditory,3.66,93,4,38.2,70,Greedy Algorithms & Backtracking,"Stacks & Queues, Graph Algorithms, Dynamic Programming, Trees & Binary Search Trees, Greedy Algorithms & Backtracking, Arrays & Hash Maps, System Design Basics & Caching",77,5,Medium,M1 -> M3 -> M5,80,100,Excellent,Graph Algorithms
STU0124,Aarav Patel,25,Female,High School,Kinesthetic,2.8,50,5,53.4,70,Trees & Binary Search Trees,"Greedy Algorithms & Backtracking, Graph Algorithms, Sorting & Searching Algorithms, Dynamic Programming, Stacks & Queues, Machine Learning Foundations, Linked Lists & Doubly Linked Lists",81,5,Medium,M1 -> M2 -> M6,70,43,Fail,Arrays & Hash Maps
STU0125,Isabella Kumar,25,Female,High School,Auditory,2.4,80,3,26.3,30,Graph Algorithms,"Stacks & Queues, Graph Algorithms, Linked Lists & Doubly Linked Lists",83,5,Hard,M1 -> M2 -> M5,79,77,Good,Trees & Binary Search Trees
STU0126,Riya Patel,19,Male,High School,Auditory,2.16,100,1,25.3,100,Trees & Binary Search Trees,"System Design Basics & Caching, Greedy Algorithms & Backtracking, Arrays & Hash Maps, Machine Learning Foundations, Sorting & Searching Algorithms, Stacks & Queues, Dynamic Programming, Linked Lists & Doubly Linked Lists, Trees & Binary Search Trees, Graph Algorithms",65,5,Medium,M1 -> M2 -> M5,98,99,Excellent,System Design Basics & Caching
STU0127,Rahul Williams,20,Male,High School,Kinesthetic,3.13,57,1,55.3,100,Stacks & Queues,"Greedy Algorithms & Backtracking, Sorting & Searching Algorithms, Trees & Binary Search Trees, System Design Basics & Caching, Dynamic Programming, Linked Lists & Doubly Linked Lists, Machine Learning Foundations, Stacks & Queues, Graph Algorithms, Arrays & Hash Maps",68,0,Medium,M1 -> M3 -> M5,95,51,Fair,Linked Lists & Doubly Linked Lists
STU0128,Sneha Nair,19,Male,PG,Kinesthetic,3.2,63,1,50.3,100,Graph Algorithms,"Arrays & Hash Maps, Graph Algorithms, Trees & Binary Search Trees, System Design Basics & Caching, Dynamic Programming, Sorting & Searching Algorithms, Linked Lists & Doubly Linked Lists, Stacks & Queues, Greedy Algorithms & Backtracking, Machine Learning Foundations",75,3,Hard,M1 -> M3 -> M6,72,69,Fair,Machine Learning Foundations
STU0129,Mason Sharma,23,Female,High School,Auditory,3.72,73,3,24.7,100,Dynamic Programming,"Sorting & Searching Algorithms, System Design Basics & Caching, Stacks & Queues, Dynamic Programming, Trees & Binary Search Trees, Arrays & Hash Maps, Graph Algorithms, Greedy Algorithms & Backtracking, Machine Learning Foundations, Linked Lists & Doubly Linked Lists",63,3,Medium,M1 -> M3 -> M6,72,83,Good,Sorting & Searching Algorithms
STU0130,Tanvi Davis,20,Female,High School,Auditory,2.16,64,1,29.0,40,Stacks & Queues,"System Design Basics & Caching, Sorting & Searching Algorithms, Dynamic Programming, Graph Algorithms",87,5,Easy,M1 -> M2 -> M4,99,67,Fair,Sorting & Searching Algorithms
STU0131,Priya Jones,18,Female,PG,Kinesthetic,3.32,48,2,37.3,30,Linked Lists & Doubly Linked Lists,"Arrays & Hash Maps, Stacks & Queues, Machine Learning Foundations",82,4,Easy,M1 -> M2 -> M5,93,46,Fair,Linked Lists & Doubly Linked Lists
STU0132,Sophia Gupta,18,Female,UG,Auditory,3.05,73,1,37.5,50,Machine Learning Foundations,"Linked Lists & Doubly Linked Lists, Greedy Algorithms & Backtracking, System Design Basics & Caching, Graph Algorithms, Stacks & Queues",96,1,Hard,M1 -> M2 -> M6,93,66,Good,Sorting & Searching Algorithms
STU0133,Sneha Miller,18,Male,High School,Visual,2.09,56,2,29.5,60,Dynamic Programming,"Stacks & Queues, Machine Learning Foundations, Arrays & Hash Maps, Graph Algorithms, Sorting & Searching Algorithms, Trees & Binary Search Trees",86,5,Easy,M1 -> M4 -> M5,86,47,Fail,Linked Lists & Doubly Linked Lists
STU0134,Neha Mehta,26,Male,UG,Visual,3.75,79,2,28.1,50,Graph Algorithms,"Sorting & Searching Algorithms, Linked Lists & Doubly Linked Lists, Greedy Algorithms & Backtracking, Arrays & Hash Maps, Stacks & Queues",79,5,Medium,M1 -> M3 -> M6,94,75,Excellent,Greedy Algorithms & Backtracking
STU0135,Sophia Davis,21,Male,High School,Auditory,2.05,58,5,59.2,90,Sorting & Searching Algorithms,"Arrays & Hash Maps, Sorting & Searching Algorithms, Machine Learning Foundations, Dynamic Programming, System Design Basics & Caching, Trees & Binary Search Trees, Stacks & Queues, Greedy Algorithms & Backtracking, Graph Algorithms",86,3,Easy,M1 -> M4 -> M5,71,55,Fail,Arrays & Hash Maps
STU0136,Mason Miller,24,Female,UG,Kinesthetic,2.17,95,1,41.6,20,System Design Basics & Caching,"Stacks & Queues, Dynamic Programming",63,3,Medium,M1 -> M2 -> M4,78,95,Excellent,System Design Basics & Caching
STU0137,Isabella Williams,23,Female,UG,Auditory,2.47,60,2,35.2,40,Stacks & Queues,"Machine Learning Foundations, Linked Lists & Doubly Linked Lists, Stacks & Queues, Arrays & Hash Maps",80,3,Medium,M1 -> M3 -> M5,78,53,Fair,Sorting & Searching Algorithms
STU0138,Rohan Kumar,22,Male,High School,Auditory,2.3,67,3,26.7,40,Sorting & Searching Algorithms,"Dynamic Programming, System Design Basics & Caching, Arrays & Hash Maps, Sorting & Searching Algorithms",71,0,Hard,M1 -> M4 -> M6,77,60,Good,Sorting & Searching Algorithms
STU0139,Dev Gupta,20,Male,High School,Visual,3.66,84,1,41.2,40,Stacks & Queues,"Trees & Binary Search Trees, Dynamic Programming, Sorting & Searching Algorithms, Greedy Algorithms & Backtracking",76,0,Easy,M1 -> M4 -> M5,72,84,Good,Trees & Binary Search Trees
STU0140,Priya Verma,25,Male,High School,Kinesthetic,2.87,53,3,27.6,70,Greedy Algorithms & Backtracking,"Arrays & Hash Maps, Dynamic Programming, System Design Basics & Caching, Linked Lists & Doubly Linked Lists, Stacks & Queues, Greedy Algorithms & Backtracking, Graph Algorithms",69,0,Medium,M1 -> M4 -> M5,83,60,Fail,Arrays & Hash Maps
STU0141,Meera Verma,19,Female,UG,Visual,2.84,75,3,56.1,90,Trees & Binary Search Trees,"System Design Basics & Caching, Arrays & Hash Maps, Dynamic Programming, Greedy Algorithms & Backtracking, Sorting & Searching Algorithms, Stacks & Queues, Trees & Binary Search Trees, Graph Algorithms, Linked Lists & Doubly Linked Lists",92,2,Hard,M1 -> M2 -> M5,77,65,Good,Greedy Algorithms & Backtracking
STU0142,Mason Nair,18,Female,PG,Auditory,3.53,91,5,51.7,40,Stacks & Queues,"Linked Lists & Doubly Linked Lists, Trees & Binary Search Trees, System Design Basics & Caching, Stacks & Queues",63,1,Easy,M1 -> M3 -> M5,75,88,Excellent,Graph Algorithms
STU0143,Yash Smith,23,Male,PG,Kinesthetic,2.7,47,2,42.1,100,Machine Learning Foundations,"Stacks & Queues, Trees & Binary Search Trees, Greedy Algorithms & Backtracking, Graph Algorithms, Machine Learning Foundations, Linked Lists & Doubly Linked Lists, System Design Basics & Caching, Arrays & Hash Maps, Sorting & Searching Algorithms, Dynamic Programming",61,4,Easy,M1 -> M4 -> M4,80,42,Fair,Linked Lists & Doubly Linked Lists
STU0144,Isabella Smith,18,Male,High School,Kinesthetic,3.41,74,3,46.7,30,Linked Lists & Doubly Linked Lists,"System Design Basics & Caching, Sorting & Searching Algorithms, Linked Lists & Doubly Linked Lists",85,4,Hard,M1 -> M2 -> M4,100,77,Good,Sorting & Searching Algorithms
STU0145,Olivia Garcia,23,Male,PG,Kinesthetic,3.39,75,5,16.5,100,Sorting & Searching Algorithms,"Trees & Binary Search Trees, Stacks & Queues, Dynamic Programming, System Design Basics & Caching, Sorting & Searching Algorithms, Greedy Algorithms & Backtracking, Linked Lists & Doubly Linked Lists, Arrays & Hash Maps, Graph Algorithms, Machine Learning Foundations",98,2,Easy,M1 -> M4 -> M6,99,80,Good,Greedy Algorithms & Backtracking
STU0146,Rahul Smith,19,Male,UG,Auditory,2.34,83,3,24.4,20,Sorting & Searching Algorithms,"Greedy Algorithms & Backtracking, Arrays & Hash Maps",64,2,Easy,M1 -> M4 -> M4,82,87,Good,Greedy Algorithms & Backtracking
STU0147,Sophia Brown,20,Female,UG,Auditory,2.7,53,1,29.3,70,Linked Lists & Doubly Linked Lists,"Greedy Algorithms & Backtracking, Trees & Binary Search Trees, Stacks & Queues, System Design Basics & Caching, Arrays & Hash Maps, Sorting & Searching Algorithms, Machine Learning Foundations",66,0,Easy,M1 -> M2 -> M6,87,45,Fair,Linked Lists & Doubly Linked Lists
STU0148,Karan Martinez,25,Male,UG,Kinesthetic,2.33,52,3,28.4,70,Stacks & Queues,"Arrays & Hash Maps, Linked Lists & Doubly Linked Lists, Sorting & Searching Algorithms, System Design Basics & Caching, Dynamic Programming, Trees & Binary Search Trees, Stacks & Queues",66,0,Medium,M1 -> M2 -> M4,70,55,Fair,Arrays & Hash Maps
STU0149,Rohan Rao,25,Male,High School,Visual,2.41,79,4,37.0,50,Linked Lists & Doubly Linked Lists,"Greedy Algorithms & Backtracking, Linked Lists & Doubly Linked Lists, Graph Algorithms, Dynamic Programming, Trees & Binary Search Trees",76,0,Medium,M1 -> M2 -> M5,81,74,Excellent,Trees & Binary Search Trees
STU0150,Dev Verma,22,Female,UG,Auditory,2.45,76,3,51.4,50,Machine Learning Foundations,"Arrays & Hash Maps, Stacks & Queues, Linked Lists & Doubly Linked Lists, Machine Learning Foundations, Sorting & Searching Algorithms",86,4,Medium,M1 -> M3 -> M6,100,83,Good,Greedy Algorithms & Backtracking
STU0151,Emma Garcia,21,Female,UG,Visual,2.79,75,5,51.0,10,System Design Basics & Caching,Machine Learning Foundations,99,1,Easy,M1 -> M2 -> M4,74,66,Good,Greedy Algorithms & Backtracking
STU0152,Riya Patel,24,Male,PG,Visual,3.67,77,5,29.7,50,Sorting & Searching Algorithms,"Linked Lists & Doubly Linked Lists, Machine Learning Foundations, Dynamic Programming, Graph Algorithms, Trees & Binary Search Trees",77,4,Hard,M1 -> M4 -> M6,86,80,Good,Greedy Algorithms & Backtracking
STU0153,Priya Brown,20,Male,PG,Kinesthetic,3.17,61,3,54.0,20,Linked Lists & Doubly Linked Lists,"Machine Learning Foundations, Linked Lists & Doubly Linked Lists",82,3,Medium,M1 -> M4 -> M6,71,56,Good,Machine Learning Foundations
STU0154,Aditya Williams,20,Female,High School,Auditory,3.78,75,3,29.0,60,Trees & Binary Search Trees,"Arrays & Hash Maps, Greedy Algorithms & Backtracking, Graph Algorithms, Stacks & Queues, Machine Learning Foundations, Dynamic Programming",91,5,Hard,M1 -> M2 -> M5,84,75,Good,Trees & Binary Search Trees
STU0155,Aditya Brown,19,Male,UG,Visual,3.83,76,5,33.2,70,Greedy Algorithms & Backtracking,"System Design Basics & Caching, Sorting & Searching Algorithms, Arrays & Hash Maps, Graph Algorithms, Linked Lists & Doubly Linked Lists, Greedy Algorithms & Backtracking, Stacks & Queues",93,4,Easy,M1 -> M2 -> M4,84,67,Good,Trees & Binary Search Trees
STU0156,Isabella Johnson,21,Female,UG,Auditory,3.01,61,4,41.7,20,Arrays & Hash Maps,"Trees & Binary Search Trees, Sorting & Searching Algorithms",71,3,Medium,M1 -> M3 -> M4,93,53,Good,Sorting & Searching Algorithms
STU0157,Ishita Sharma,24,Male,High School,Kinesthetic,3.56,99,4,38.1,40,Trees & Binary Search Trees,"Trees & Binary Search Trees, Machine Learning Foundations, Graph Algorithms, Sorting & Searching Algorithms",60,3,Hard,M1 -> M4 -> M4,95,89,Excellent,Graph Algorithms
STU0158,Sneha Nair,22,Female,UG,Auditory,3.7,79,1,15.3,80,Graph Algorithms,"Trees & Binary Search Trees, Greedy Algorithms & Backtracking, Graph Algorithms, Sorting & Searching Algorithms, System Design Basics & Caching, Dynamic Programming, Machine Learning Foundations, Stacks & Queues",83,4,Easy,M1 -> M3 -> M6,85,71,Excellent,Greedy Algorithms & Backtracking
STU0159,Karan Nair,23,Female,UG,Kinesthetic,3.42,54,4,44.7,50,Trees & Binary Search Trees,"Stacks & Queues, System Design Basics & Caching, Trees & Binary Search Trees, Arrays & Hash Maps, Graph Algorithms",68,5,Medium,M1 -> M3 -> M5,82,45,Fair,Linked Lists & Doubly Linked Lists
STU0160,Yash Rodriguez,21,Female,PG,Kinesthetic,2.44,81,4,20.8,90,Greedy Algorithms & Backtracking,"Sorting & Searching Algorithms, System Design Basics & Caching, Graph Algorithms, Dynamic Programming, Linked Lists & Doubly Linked Lists, Greedy Algorithms & Backtracking, Machine Learning Foundations, Trees & Binary Search Trees, Arrays & Hash Maps",76,5,Hard,M1 -> M4 -> M5,72,78,Good,Greedy Algorithms & Backtracking
STU0161,Kavya Mehta,22,Female,UG,Auditory,2.52,57,5,41.1,50,Greedy Algorithms & Backtracking,"Linked Lists & Doubly Linked Lists, Greedy Algorithms & Backtracking, Arrays & Hash Maps, Dynamic Programming, Sorting & Searching Algorithms",99,0,Hard,M1 -> M4 -> M4,82,63,Fail,Arrays & Hash Maps
STU0162,Ishita Brown,18,Male,High School,Visual,2.69,83,1,15.2,100,Greedy Algorithms & Backtracking,"Stacks & Queues, Sorting & Searching Algorithms, Machine Learning Foundations, Dynamic Programming, Arrays & Hash Maps, Trees & Binary Search Trees, Greedy Algorithms & Backtracking, Graph Algorithms, System Design Basics & Caching, Linked Lists & Doubly Linked Lists",77,1,Medium,M1 -> M4 -> M4,95,75,Good,Trees & Binary Search Trees
STU0163,Rahul Martinez,24,Female,UG,Auditory,3.93,89,5,23.6,70,Arrays & Hash Maps,"Arrays & Hash Maps, System Design Basics & Caching, Trees & Binary Search Trees, Sorting & Searching Algorithms, Stacks & Queues, Machine Learning Foundations, Dynamic Programming",60,5,Medium,M1 -> M2 -> M6,79,83,Excellent,Graph Algorithms
STU0164,Priya Williams,26,Female,High School,Visual,3.65,59,2,30.4,50,Graph Algorithms,"Greedy Algorithms & Backtracking, System Design Basics & Caching, Sorting & Searching Algorithms, Trees & Binary Search Trees, Machine Learning Foundations",91,2,Easy,M1 -> M3 -> M4,77,53,Fail,Linked Lists & Doubly Linked Lists
STU0165,Vikram Sharma,26,Male,High School,Auditory,3.42,86,5,43.0,10,Dynamic Programming,Graph Algorithms,98,0,Easy,M1 -> M2 -> M6,83,90,Good,Trees & Binary Search Trees
STU0166,Arjun Gupta,26,Female,UG,Kinesthetic,2.31,78,1,44.8,10,Graph Algorithms,Dynamic Programming,77,4,Hard,M1 -> M3 -> M4,93,87,Good,Greedy Algorithms & Backtracking
STU0167,Priya Rao,19,Male,UG,Visual,3.22,84,1,39.7,50,System Design Basics & Caching,"Trees & Binary Search Trees, Sorting & Searching Algorithms, Dynamic Programming, Stacks & Queues, Linked Lists & Doubly Linked Lists",73,5,Easy,M1 -> M2 -> M4,91,76,Excellent,Greedy Algorithms & Backtracking
STU0168,Isabella Gupta,25,Male,High School,Kinesthetic,2.15,100,3,26.9,20,Graph Algorithms,"Trees & Binary Search Trees, Greedy Algorithms & Backtracking",63,0,Medium,M1 -> M2 -> M5,95,100,Excellent,System Design Basics & Caching
STU0169,Riya Gupta,19,Male,High School,Visual,3.33,68,1,31.8,30,Sorting & Searching Algorithms,"Sorting & Searching Algorithms, Greedy Algorithms & Backtracking, Graph Algorithms",81,1,Hard,M1 -> M3 -> M5,97,73,Good,Sorting & Searching Algorithms
STU0170,Olivia Brown,20,Male,High School,Kinesthetic,3.45,60,2,42.5,30,Linked Lists & Doubly Linked Lists,"Dynamic Programming, Greedy Algorithms & Backtracking, System Design Basics & Caching",82,4,Easy,M1 -> M3 -> M5,98,63,Fair,Machine Learning Foundations
STU0171,Dev Verma,19,Female,PG,Auditory,2.02,58,4,30.6,90,Machine Learning Foundations,"Machine Learning Foundations, Trees & Binary Search Trees, Sorting & Searching Algorithms, Graph Algorithms, Dynamic Programming, Greedy Algorithms & Backtracking, Arrays & Hash Maps, Linked Lists & Doubly Linked Lists, System Design Basics & Caching",84,1,Easy,M1 -> M2 -> M6,86,63,Fail,Arrays & Hash Maps
STU0172,Ava Garcia,20,Male,UG,Auditory,2.48,59,1,35.7,50,Arrays & Hash Maps,"System Design Basics & Caching, Trees & Binary Search Trees, Dynamic Programming, Machine Learning Foundations, Linked Lists & Doubly Linked Lists",96,3,Medium,M1 -> M3 -> M4,93,69,Fair,Linked Lists & Doubly Linked Lists
STU0173,Aarav Gupta,24,Female,High School,Kinesthetic,3.1,70,5,40.3,20,Machine Learning Foundations,"Machine Learning Foundations, Graph Algorithms",89,2,Medium,M1 -> M2 -> M5,87,79,Fair,Machine Learning Foundations
STU0174,Pooja Garcia,23,Female,High School,Visual,3.52,77,5,31.8,40,Arrays & Hash Maps,"Sorting & Searching Algorithms, Machine Learning Foundations, Graph Algorithms, Greedy Algorithms & Backtracking",66,0,Hard,M1 -> M2 -> M6,93,80,Excellent,Trees & Binary Search Trees
STU0175,Priya Nair,21,Male,High School,Auditory,2.43,76,5,20.5,40,Sorting & Searching Algorithms,"Linked Lists & Doubly Linked Lists, Dynamic Programming, Arrays & Hash Maps, Sorting & Searching Algorithms",88,3,Hard,M1 -> M3 -> M4,93,67,Good,Trees & Binary Search Trees
STU0176,Tanvi Brown,25,Male,PG,Kinesthetic,2.35,84,4,59.1,30,Linked Lists & Doubly Linked Lists,"Dynamic Programming, Sorting & Searching Algorithms, Machine Learning Foundations",75,2,Easy,M1 -> M3 -> M5,74,87,Excellent,Greedy Algorithms & Backtracking
STU0177,Pooja Miller,22,Female,PG,Kinesthetic,3.87,72,2,59.2,40,Trees & Binary Search Trees,"Trees & Binary Search Trees, Graph Algorithms, Sorting & Searching Algorithms, Greedy Algorithms & Backtracking",71,4,Medium,M1 -> M4 -> M4,87,77,Good,Machine Learning Foundations
STU0178,Yash Rodriguez,24,Female,UG,Visual,3.05,93,1,45.2,10,Dynamic Programming,Stacks & Queues,72,2,Hard,M1 -> M2 -> M5,78,87,Excellent,Dynamic Programming
STU0179,Ethan Verma,22,Male,PG,Visual,2.72,68,5,50.3,80,Linked Lists & Doubly Linked Lists,"Machine Learning Foundations, System Design Basics & Caching, Trees & Binary Search Trees, Sorting & Searching Algorithms, Dynamic Programming, Graph Algorithms, Greedy Algorithms & Backtracking, Arrays & Hash Maps",78,5,Hard,M1 -> M3 -> M5,80,75,Good,Stacks & Queues
STU0180,Ananya Sharma,22,Male,PG,Auditory,3.66,100,1,23.4,60,Machine Learning Foundations,"System Design Basics & Caching, Trees & Binary Search Trees, Machine Learning Foundations, Stacks & Queues, Greedy Algorithms & Backtracking, Linked Lists & Doubly Linked Lists",71,5,Medium,M1 -> M3 -> M4,78,100,Excellent,Graph Algorithms
STU0181,Aditya Singh,20,Female,High School,Auditory,2.93,81,5,52.9,30,Arrays & Hash Maps,"Stacks & Queues, Sorting & Searching Algorithms, Arrays & Hash Maps",79,3,Medium,M1 -> M2 -> M6,86,78,Excellent,Trees & Binary Search Trees
STU0182,Neha Miller,19,Male,UG,Kinesthetic,3.07,59,3,29.9,20,Sorting & Searching Algorithms,"Trees & Binary Search Trees, Machine Learning Foundations",78,1,Easy,M1 -> M4 -> M6,73,60,Fair,Arrays & Hash Maps
STU0183,Dev Mehta,21,Male,PG,Auditory,2.76,55,3,16.1,20,Dynamic Programming,"Graph Algorithms, System Design Basics & Caching",93,2,Medium,M1 -> M3 -> M4,98,65,Fair,Arrays & Hash Maps
STU0184,Vikram Smith,26,Male,High School,Visual,3.94,79,5,52.3,90,System Design Basics & Caching,"Arrays & Hash Maps, Linked Lists & Doubly Linked Lists, Trees & Binary Search Trees, Sorting & Searching Algorithms, Dynamic Programming, System Design Basics & Caching, Greedy Algorithms & Backtracking, Machine Learning Foundations, Stacks & Queues",87,5,Easy,M1 -> M4 -> M6,70,83,Good,Trees & Binary Search Trees
STU0185,Liam Smith,18,Male,High School,Visual,2.36,68,4,43.4,50,System Design Basics & Caching,"Linked Lists & Doubly Linked Lists, Trees & Binary Search Trees, Graph Algorithms, System Design Basics & Caching, Dynamic Programming",87,2,Hard,M1 -> M4 -> M4,93,77,Fair,Machine Learning Foundations
STU0186,Rohan Rodriguez,18,Male,UG,Kinesthetic,2.21,82,1,36.3,50,Machine Learning Foundations,"Linked Lists & Doubly Linked Lists, Graph Algorithms, Greedy Algorithms & Backtracking, Trees & Binary Search Trees, Dynamic Programming",94,1,Medium,M1 -> M4 -> M4,91,92,Excellent,Greedy Algorithms & Backtracking
STU0187,Kavya Sharma,26,Male,High School,Visual,2.01,79,2,24.9,100,Dynamic Programming,"System Design Basics & Caching, Machine Learning Foundations, Linked Lists & Doubly Linked Lists, Stacks & Queues, Greedy Algorithms & Backtracking, Dynamic Programming, Sorting & Searching Algorithms, Trees & Binary Search Trees, Arrays & Hash Maps, Graph Algorithms",76,1,Easy,M1 -> M4 -> M6,79,71,Excellent,Trees & Binary Search Trees
STU0188,Aditya Gupta,21,Female,UG,Auditory,2.26,70,4,35.3,40,Linked Lists & Doubly Linked Lists,"Graph Algorithms, Linked Lists & Doubly Linked Lists, Trees & Binary Search Trees, Stacks & Queues",99,5,Medium,M1 -> M4 -> M6,95,70,Fair,Sorting & Searching Algorithms
STU0189,Riya Kumar,18,Female,High School,Visual,3.42,59,3,36.9,70,Graph Algorithms,"Sorting & Searching Algorithms, Stacks & Queues, Machine Learning Foundations, Trees & Binary Search Trees, Dynamic Programming, Greedy Algorithms & Backtracking, System Design Basics & Caching",66,1,Hard,M1 -> M3 -> M4,76,57,Fail,Arrays & Hash Maps
STU0190,Sophia Patel,19,Male,PG,Kinesthetic,2.06,49,4,25.0,100,Machine Learning Foundations,"Dynamic Programming, Trees & Binary Search Trees, Arrays & Hash Maps, Graph Algorithms, Stacks & Queues, Machine Learning Foundations, System Design Basics & Caching, Sorting & Searching Algorithms, Greedy Algorithms & Backtracking, Linked Lists & Doubly Linked Lists",97,5,Hard,M1 -> M3 -> M6,72,51,Fail,Arrays & Hash Maps
STU0191,Kavya Miller,18,Male,PG,Kinesthetic,2.33,65,2,49.3,90,Stacks & Queues,"Greedy Algorithms & Backtracking, Stacks & Queues, System Design Basics & Caching, Graph Algorithms, Dynamic Programming, Linked Lists & Doubly Linked Lists, Trees & Binary Search Trees, Sorting & Searching Algorithms, Arrays & Hash Maps",74,0,Easy,M1 -> M2 -> M6,86,66,Fair,Machine Learning Foundations
STU0192,Arjun Garcia,25,Male,High School,Kinesthetic,2.65,84,5,26.3,90,Graph Algorithms,"Graph Algorithms, System Design Basics & Caching, Stacks & Queues, Trees & Binary Search Trees, Sorting & Searching Algorithms, Dynamic Programming, Greedy Algorithms & Backtracking, Machine Learning Foundations, Arrays & Hash Maps",74,4,Hard,M1 -> M3 -> M5,70,90,Excellent,Trees & Binary Search Trees
STU0193,Mason Singh,25,Male,High School,Visual,3.03,75,1,44.7,50,Trees & Binary Search Trees,"Stacks & Queues, Machine Learning Foundations, System Design Basics & Caching, Greedy Algorithms & Backtracking, Graph Algorithms",86,2,Medium,M1 -> M4 -> M5,76,83,Excellent,Trees & Binary Search Trees
STU0194,Neha Brown,18,Male,High School,Visual,3.15,53,1,22.5,30,Stacks & Queues,"System Design Basics & Caching, Arrays & Hash Maps, Stacks & Queues",71,4,Hard,M1 -> M4 -> M6,96,52,Fail,Linked Lists & Doubly Linked Lists
STU0195,Rohan Joshi,25,Female,UG,Visual,2.44,74,5,41.6,70,Machine Learning Foundations,"Stacks & Queues, Machine Learning Foundations, Graph Algorithms, Linked Lists & Doubly Linked Lists, Sorting & Searching Algorithms, System Design Basics & Caching, Trees & Binary Search Trees",74,3,Hard,M1 -> M2 -> M4,97,80,Fair,Stacks & Queues
STU0196,Emma Brown,20,Male,High School,Auditory,3.8,77,3,54.4,100,Arrays & Hash Maps,"System Design Basics & Caching, Machine Learning Foundations, Linked Lists & Doubly Linked Lists, Arrays & Hash Maps, Trees & Binary Search Trees, Greedy Algorithms & Backtracking, Dynamic Programming, Stacks & Queues, Graph Algorithms, Sorting & Searching Algorithms",93,3,Hard,M1 -> M3 -> M5,95,85,Excellent,Trees & Binary Search Trees
STU0197,Priya Brown,20,Female,UG,Visual,3.82,58,4,26.6,20,Graph Algorithms,"Machine Learning Foundations, System Design Basics & Caching",60,5,Easy,M1 -> M4 -> M6,86,48,Fail,Arrays & Hash Maps
STU0198,Arjun Joshi,23,Female,UG,Visual,2.31,74,4,39.8,100,Graph Algorithms,"Graph Algorithms, System Design Basics & Caching, Dynamic Programming, Machine Learning Foundations, Stacks & Queues, Greedy Algorithms & Backtracking, Sorting & Searching Algorithms, Trees & Binary Search Trees, Linked Lists & Doubly Linked Lists, Arrays & Hash Maps",95,3,Hard,M1 -> M3 -> M5,81,76,Good,Stacks & Queues
STU0199,Sophia Singh,19,Male,UG,Kinesthetic,3.9,72,3,51.0,20,Trees & Binary Search Trees,"System Design Basics & Caching, Dynamic Programming",99,5,Hard,M1 -> M2 -> M5,70,64,Fair,Machine Learning Foundations
STU0200,Ethan Singh,25,Female,High School,Visual,2.53,54,3,47.0,60,Linked Lists & Doubly Linked Lists,"Machine Learning Foundations, Arrays & Hash Maps, Dynamic Programming, Trees & Binary Search Trees, Graph Algorithms, Sorting & Searching Algorithms",98,0,Medium,M1 -> M4 -> M5,70,50,Fail,Arrays & Hash Maps
STU0201,Ava Miller,22,Male,High School,Kinesthetic,3.02,77,1,58.9,40,Machine Learning Foundations,"Stacks & Queues, Arrays & Hash Maps, Sorting & Searching Algorithms, Linked Lists & Doubly Linked Lists",65,2,Medium,M1 -> M4 -> M5,88,73,Excellent,Trees & Binary Search Trees
STU0202,Siddharth Sharma,19,Male,PG,Auditory,3.45,80,3,22.9,90,Machine Learning Foundations,"Sorting & Searching Algorithms, Machine Learning Foundations, Graph Algorithms, Linked Lists & Doubly Linked Lists, Greedy Algorithms & Backtracking, Dynamic Programming, Trees & Binary Search Trees, System Design Basics & Caching, Arrays & Hash Maps",92,0,Hard,M1 -> M3 -> M4,100,78,Excellent,Greedy Algorithms & Backtracking
STU0203,Mason Davis,22,Female,UG,Kinesthetic,2.97,88,1,26.6,40,Sorting & Searching Algorithms,"Greedy Algorithms & Backtracking, Machine Learning Foundations, Arrays & Hash Maps, Trees & Binary Search Trees",84,5,Hard,M1 -> M2 -> M6,77,88,Excellent,System Design Basics & Caching
STU0204,Riya Johnson,26,Male,PG,Auditory,2.5,87,5,56.9,20,Dynamic Programming,"Sorting & Searching Algorithms, Linked Lists & Doubly Linked Lists",90,2,Hard,M1 -> M2 -> M6,99,83,Excellent,Greedy Algorithms & Backtracking
STU0205,Meera Joshi,21,Male,UG,Visual,2.46,51,1,45.4,40,Machine Learning Foundations,"Sorting & Searching Algorithms, Stacks & Queues, Linked Lists & Doubly Linked Lists, Arrays & Hash Maps",91,4,Medium,M1 -> M3 -> M6,85,59,Fair,Arrays & Hash Maps
STU0206,Ava Nair,25,Male,PG,Auditory,2.8,57,1,46.4,100,Stacks & Queues,"Arrays & Hash Maps, System Design Basics & Caching, Dynamic Programming, Trees & Binary Search Trees, Graph Algorithms, Machine Learning Foundations, Stacks & Queues, Linked Lists & Doubly Linked Lists, Sorting & Searching Algorithms, Greedy Algorithms & Backtracking",89,2,Medium,M1 -> M4 -> M4,88,50,Fail,Linked Lists & Doubly Linked Lists
STU0207,Karan Johnson,22,Male,PG,Auditory,2.47,79,3,31.4,80,Machine Learning Foundations,"Sorting & Searching Algorithms, Machine Learning Foundations, Stacks & Queues, Trees & Binary Search Trees, Dynamic Programming, Linked Lists & Doubly Linked Lists, System Design Basics & Caching, Greedy Algorithms & Backtracking",85,2,Easy,M1 -> M4 -> M6,96,72,Good,Greedy Algorithms & Backtracking
STU0208,Sophia Nair,21,Female,UG,Visual,2.29,79,4,21.1,30,Greedy Algorithms & Backtracking,"Arrays & Hash Maps, Stacks & Queues, Dynamic Programming",100,4,Medium,M1 -> M3 -> M5,87,87,Excellent,Greedy Algorithms & Backtracking
STU0209,Ananya Williams,19,Male,High School,Visual,3.63,79,1,33.5,80,Linked Lists & Doubly Linked Lists,"Greedy Algorithms & Backtracking, Sorting & Searching Algorithms, Graph Algorithms, Stacks & Queues, Dynamic Programming, Machine Learning Foundations, System Design Basics & Caching, Linked Lists & Doubly Linked Lists",82,5,Hard,M1 -> M4 -> M6,90,86,Good,Trees & Binary Search Trees
STU0210,Neha Rao,23,Female,PG,Kinesthetic,2.97,100,5,40.7,80,Linked Lists & Doubly Linked Lists,"Dynamic Programming, Graph Algorithms, Greedy Algorithms & Backtracking, Sorting & Searching Algorithms, Linked Lists & Doubly Linked Lists, Machine Learning Foundations, Stacks & Queues, System Design Basics & Caching",64,0,Medium,M1 -> M2 -> M5,90,99,Excellent,System Design Basics & Caching
STU0211,Liam Nair,24,Female,UG,Auditory,3.5,80,1,24.5,90,Greedy Algorithms & Backtracking,"Dynamic Programming, Stacks & Queues, System Design Basics & Caching, Machine Learning Foundations, Arrays & Hash Maps, Linked Lists & Doubly Linked Lists, Graph Algorithms, Greedy Algorithms & Backtracking, Trees & Binary Search Trees",85,0,Hard,M1 -> M2 -> M5,94,72,Good,Greedy Algorithms & Backtracking
STU0212,Priya Nair,20,Male,PG,Auditory,2.62,89,2,16.3,40,Graph Algorithms,"Greedy Algorithms & Backtracking, Stacks & Queues, System Design Basics & Caching, Graph Algorithms",82,2,Medium,M1 -> M3 -> M6,87,93,Excellent,System Design Basics & Caching
STU0213,Rahul Davis,20,Female,PG,Kinesthetic,3.27,86,3,33.5,100,Dynamic Programming,"System Design Basics & Caching, Machine Learning Foundations, Graph Algorithms, Stacks & Queues, Trees & Binary Search Trees, Greedy Algorithms & Backtracking, Linked Lists & Doubly Linked Lists, Arrays & Hash Maps, Sorting & Searching Algorithms, Dynamic Programming",69,2,Hard,M1 -> M3 -> M5,70,91,Excellent,Trees & Binary Search Trees
STU0214,Noah Garcia,22,Male,UG,Auditory,3.19,81,2,33.5,10,System Design Basics & Caching,Sorting & Searching Algorithms,95,3,Hard,M1 -> M4 -> M6,82,83,Good,Greedy Algorithms & Backtracking
STU0215,Sneha Nair,19,Female,PG,Visual,3.03,67,4,42.8,100,Graph Algorithms,"Graph Algorithms, System Design Basics & Caching, Machine Learning Foundations, Trees & Binary Search Trees, Linked Lists & Doubly Linked Lists, Arrays & Hash Maps, Sorting & Searching Algorithms, Greedy Algorithms & Backtracking, Dynamic Programming, Stacks & Queues",77,5,Easy,M1 -> M3 -> M4,71,74,Fair,Stacks & Queues
STU0216,Aarav Kumar,19,Female,UG,Visual,3.43,83,2,15.7,10,Trees & Binary Search Trees,Linked Lists & Doubly Linked Lists,73,2,Hard,M1 -> M3 -> M5,95,74,Excellent,Greedy Algorithms & Backtracking
STU0217,Karan Patel,20,Male,UG,Auditory,2.14,60,4,26.1,80,Stacks & Queues,"Trees & Binary Search Trees, Graph Algorithms, Dynamic Programming, Greedy Algorithms & Backtracking, Arrays & Hash Maps, Sorting & Searching Algorithms, Linked Lists & Doubly Linked Lists, Machine Learning Foundations",62,1,Easy,M1 -> M4 -> M6,85,62,Fair,Sorting & Searching Algorithms
STU0218,Emma Rao,23,Male,PG,Kinesthetic,2.08,68,1,25.6,90,System Design Basics & Caching,"Linked Lists & Doubly Linked Lists, Graph Algorithms, Greedy Algorithms & Backtracking, Sorting & Searching Algorithms, Stacks & Queues, Machine Learning Foundations, Dynamic Programming, Arrays & Hash Maps, Trees & Binary Search Trees",87,2,Easy,M1 -> M3 -> M4,71,76,Fair,Sorting & Searching Algorithms
STU0219,Olivia Garcia,20,Female,High School,Visual,2.32,64,1,31.0,20,Machine Learning Foundations,"Sorting & Searching Algorithms, Arrays & Hash Maps",69,5,Easy,M1 -> M2 -> M5,80,71,Fair,Stacks & Queues
STU0220,Olivia Johnson,25,Male,High School,Kinesthetic,2.76,73,5,28.3,30,Graph Algorithms,"Arrays & Hash Maps, Greedy Algorithms & Backtracking, System Design Basics & Caching",91,1,Medium,M1 -> M3 -> M6,78,82,Good,Machine Learning Foundations
STU0221,Isabella Davis,20,Male,PG,Visual,2.9,100,5,32.1,50,System Design Basics & Caching,"Sorting & Searching Algorithms, Greedy Algorithms & Backtracking, Arrays & Hash Maps, Dynamic Programming, Machine Learning Foundations",71,0,Easy,M1 -> M3 -> M6,80,92,Excellent,System Design Basics & Caching
STU0222,Emma Davis,24,Male,PG,Kinesthetic,3.0,43,1,52.6,90,Stacks & Queues,"Machine Learning Foundations, Graph Algorithms, Sorting & Searching Algorithms, Trees & Binary Search Trees, Greedy Algorithms & Backtracking, Stacks & Queues, Arrays & Hash Maps, Dynamic Programming, System Design Basics & Caching",68,1,Easy,M1 -> M2 -> M5,73,40,Fail,Linked Lists & Doubly Linked Lists
STU0223,Yash Williams,25,Female,High School,Auditory,2.44,82,1,36.1,20,Arrays & Hash Maps,"Trees & Binary Search Trees, Greedy Algorithms & Backtracking",100,0,Easy,M1 -> M3 -> M6,96,91,Excellent,Trees & Binary Search Trees
STU0224,Aditya Miller,18,Male,UG,Visual,3.89,47,5,48.7,90,Linked Lists & Doubly Linked Lists,"Linked Lists & Doubly Linked Lists, Trees & Binary Search Trees, Dynamic Programming, Machine Learning Foundations, Greedy Algorithms & Backtracking, Graph Algorithms, Sorting & Searching Algorithms, Stacks & Queues, Arrays & Hash Maps",86,5,Medium,M1 -> M4 -> M6,98,40,Fair,Linked Lists & Doubly Linked Lists
STU0225,Neha Kumar,26,Female,PG,Auditory,3.32,64,3,42.4,90,Machine Learning Foundations,"Greedy Algorithms & Backtracking, Sorting & Searching Algorithms, System Design Basics & Caching, Graph Algorithms, Stacks & Queues, Machine Learning Foundations, Trees & Binary Search Trees, Dynamic Programming, Linked Lists & Doubly Linked Lists",96,4,Medium,M1 -> M3 -> M5,100,66,Good,Sorting & Searching Algorithms
STU0226,Aarav Verma,22,Male,PG,Visual,3.99,88,1,49.7,50,Arrays & Hash Maps,"Graph Algorithms, Trees & Binary Search Trees, System Design Basics & Caching, Dynamic Programming, Stacks & Queues",77,4,Easy,M1 -> M4 -> M6,73,79,Excellent,Graph Algorithms
STU0227,Dev Johnson,20,Male,UG,Auditory,3.78,72,4,40.6,40,Trees & Binary Search Trees,"Graph Algorithms, Machine Learning Foundations, Linked Lists & Doubly Linked Lists, System Design Basics & Caching",73,5,Hard,M1 -> M2 -> M5,92,80,Good,Sorting & Searching Algorithms
STU0228,Ethan Gupta,22,Male,PG,Kinesthetic,2.76,55,4,33.7,10,Sorting & Searching Algorithms,Sorting & Searching Algorithms,67,1,Medium,M1 -> M4 -> M6,71,54,Fail,Arrays & Hash Maps
STU0229,Siddharth Verma,23,Male,UG,Kinesthetic,3.4,61,2,34.4,30,Arrays & Hash Maps,"Dynamic Programming, Greedy Algorithms & Backtracking, Linked Lists & Doubly Linked Lists",85,1,Easy,M1 -> M4 -> M6,87,63,Good,Stacks & Queues
STU0230,Aditya Patel,24,Female,PG,Visual,3.52,82,1,27.0,80,System Design Basics & Caching,"Trees & Binary Search Trees, Greedy Algorithms & Backtracking, Dynamic Programming, Sorting & Searching Algorithms, Graph Algorithms, Linked Lists & Doubly Linked Lists, System Design Basics & Caching, Arrays & Hash Maps",87,2,Medium,M1 -> M2 -> M6,83,83,Good,Greedy Algorithms & Backtracking
STU0231,Kavya Joshi,23,Female,PG,Kinesthetic,2.05,61,2,24.0,50,Stacks & Queues,"Sorting & Searching Algorithms, Greedy Algorithms & Backtracking, Stacks & Queues, Trees & Binary Search Trees, Arrays & Hash Maps",83,1,Easy,M1 -> M2 -> M6,77,70,Fair,Machine Learning Foundations
STU0232,Isabella Singh,22,Male,UG,Kinesthetic,3.61,75,5,24.5,50,Greedy Algorithms & Backtracking,"Greedy Algorithms & Backtracking, Arrays & Hash Maps, Sorting & Searching Algorithms, Linked Lists & Doubly Linked Lists, Machine Learning Foundations",94,4,Easy,M1 -> M4 -> M6,92,65,Excellent,Greedy Algorithms & Backtracking
STU0233,Arjun Rodriguez,26,Male,UG,Visual,2.12,72,1,18.0,40,Machine Learning Foundations,"Graph Algorithms, Arrays & Hash Maps, Greedy Algorithms & Backtracking, Sorting & Searching Algorithms",77,5,Medium,M1 -> M2 -> M4,97,82,Good,Stacks & Queues
STU0234,Arjun Mehta,24,Male,UG,Auditory,3.73,62,3,37.0,90,Linked Lists & Doubly Linked Lists,"Stacks & Queues, Trees & Binary Search Trees, Greedy Algorithms & Backtracking, Graph Algorithms, Sorting & Searching Algorithms, Arrays & Hash Maps, Dynamic Programming, System Design Basics & Caching, Linked Lists & Doubly Linked Lists",70,0,Medium,M1 -> M3 -> M6,77,68,Good,Sorting & Searching Algorithms
STU0235,Aditya Verma,22,Female,High School,Kinesthetic,3.9,100,4,38.4,40,Stacks & Queues,"Sorting & Searching Algorithms, Dynamic Programming, Stacks & Queues, Arrays & Hash Maps",99,5,Hard,M1 -> M3 -> M4,74,100,Excellent,Graph Algorithms
STU0236,Ishita Martinez,23,Female,PG,Visual,2.41,81,3,46.0,30,Machine Learning Foundations,"System Design Basics & Caching, Trees & Binary Search Trees, Stacks & Queues",93,1,Easy,M1 -> M4 -> M6,80,73,Good,Greedy Algorithms & Backtracking
STU0237,Tanvi Davis,19,Male,UG,Visual,3.45,41,2,50.1,60,Dynamic Programming,"Dynamic Programming, Graph Algorithms, Greedy Algorithms & Backtracking, Sorting & Searching Algorithms, Machine Learning Foundations, Stacks & Queues",66,1,Hard,M1 -> M4 -> M6,77,50,Fair,Linked Lists & Doubly Linked Lists
STU0238,Sneha Mehta,18,Female,High School,Kinesthetic,3.56,74,2,53.3,30,System Design Basics & Caching,"Machine Learning Foundations, Greedy Algorithms & Backtracking, Sorting & Searching Algorithms",91,3,Easy,M1 -> M2 -> M5,99,72,Fair,Stacks & Queues
STU0239,Riya Mehta,21,Male,High School,Visual,3.85,62,4,47.4,80,Machine Learning Foundations,"Greedy Algorithms & Backtracking, Sorting & Searching Algorithms, Machine Learning Foundations, Linked Lists & Doubly Linked Lists, Trees & Binary Search Trees, System Design Basics & Caching, Arrays & Hash Maps, Stacks & Queues",85,4,Medium,M1 -> M4 -> M4,84,53,Fair,Stacks & Queues
STU0240,Mason Mehta,26,Female,PG,Visual,3.12,84,3,42.6,90,Arrays & Hash Maps,"Trees & Binary Search Trees, Graph Algorithms, Greedy Algorithms & Backtracking, Machine Learning Foundations, Stacks & Queues, Sorting & Searching Algorithms, Dynamic Programming, Arrays & Hash Maps, Linked Lists & Doubly Linked Lists",63,5,Medium,M1 -> M3 -> M6,72,90,Good,Greedy Algorithms & Backtracking
STU0241,Priya Kumar,26,Male,UG,Auditory,2.65,60,5,55.3,10,Stacks & Queues,Greedy Algorithms & Backtracking,72,3,Easy,M1 -> M4 -> M6,72,53,Fair,Sorting & Searching Algorithms
STU0242,Liam Jones,23,Male,PG,Kinesthetic,2.77,70,2,49.6,90,Machine Learning Foundations,"Stacks & Queues, Dynamic Programming, System Design Basics & Caching, Arrays & Hash Maps, Linked Lists & Doubly Linked Lists, Machine Learning Foundations, Sorting & Searching Algorithms, Greedy Algorithms & Backtracking, Graph Algorithms",63,3,Easy,M1 -> M3 -> M6,73,64,Good,Machine Learning Foundations
STU0243,Vikram Sharma,22,Male,UG,Auditory,3.71,79,1,42.1,90,Arrays & Hash Maps,"Machine Learning Foundations, Greedy Algorithms & Backtracking, Trees & Binary Search Trees, Linked Lists & Doubly Linked Lists, Graph Algorithms, System Design Basics & Caching, Sorting & Searching Algorithms, Dynamic Programming, Stacks & Queues",60,1,Hard,M1 -> M4 -> M6,96,75,Excellent,Greedy Algorithms & Backtracking
STU0244,Ananya Kumar,20,Male,PG,Auditory,2.07,84,3,29.9,10,Machine Learning Foundations,Machine Learning Foundations,65,0,Hard,M1 -> M4 -> M5,91,93,Good,Trees & Binary Search Trees
STU0245,Yash Davis,20,Female,PG,Kinesthetic,2.72,53,3,31.6,10,Linked Lists & Doubly Linked Lists,Graph Algorithms,84,0,Easy,M1 -> M3 -> M5,73,51,Fail,Arrays & Hash Maps
STU0246,Karan Miller,24,Male,PG,Visual,3.22,66,4,47.6,20,Machine Learning Foundations,"System Design Basics & Caching, Linked Lists & Doubly Linked Lists",98,5,Hard,M1 -> M3 -> M6,89,67,Good,Stacks & Queues
STU0247,Isabella Singh,25,Female,UG,Visual,3.77,64,4,43.1,40,Graph Algorithms,"Trees & Binary Search Trees, Arrays & Hash Maps, Linked Lists & Doubly Linked Lists, System Design Basics & Caching",67,5,Medium,M1 -> M3 -> M4,81,71,Good,Stacks & Queues
STU0248,Olivia Joshi,18,Male,PG,Auditory,2.51,62,5,29.6,20,Graph Algorithms,"Graph Algorithms, System Design Basics & Caching",60,0,Hard,M1 -> M3 -> M6,89,52,Good,Sorting & Searching Algorithms
STU0249,Ethan Kumar,21,Female,UG,Kinesthetic,2.96,98,4,56.8,80,Arrays & Hash Maps,"Stacks & Queues, Greedy Algorithms & Backtracking, Machine Learning Foundations, Sorting & Searching Algorithms, Trees & Binary Search Trees, Graph Algorithms, System Design Basics & Caching, Linked Lists & Doubly Linked Lists",63,4,Medium,M1 -> M4 -> M6,87,100,Excellent,System Design Basics & Caching
STU0250,Aarav Joshi,23,Female,High School,Visual,2.56,78,5,52.9,10,Sorting & Searching Algorithms,Dynamic Programming,96,4,Medium,M1 -> M3 -> M6,92,69,Good,Trees & Binary Search Trees
STU0251,Aditya Brown,19,Female,High School,Auditory,2.9,53,1,50.0,50,Trees & Binary Search Trees,"System Design Basics & Caching, Graph Algorithms, Stacks & Queues, Arrays & Hash Maps, Greedy Algorithms & Backtracking",65,3,Easy,M1 -> M4 -> M4,80,58,Fair,Linked Lists & Doubly Linked Lists
STU0252,Sophia Miller,22,Female,High School,Visual,3.64,85,1,45.9,90,Stacks & Queues,"Trees & Binary Search Trees, Arrays & Hash Maps, Greedy Algorithms & Backtracking, Machine Learning Foundations, Sorting & Searching Algorithms, Graph Algorithms, System Design Basics & Caching, Dynamic Programming, Linked Lists & Doubly Linked Lists",98,0,Hard,M1 -> M2 -> M6,93,84,Good,Trees & Binary Search Trees
STU0253,Aarav Rodriguez,22,Male,UG,Visual,2.39,100,2,27.3,50,System Design Basics & Caching,"Sorting & Searching Algorithms, Greedy Algorithms & Backtracking, Linked Lists & Doubly Linked Lists, Stacks & Queues, System Design Basics & Caching",60,4,Hard,M1 -> M2 -> M4,81,100,Excellent,System Design Basics & Caching
STU0254,Karan Nair,20,Female,PG,Visual,2.34,87,1,36.2,50,Machine Learning Foundations,"Sorting & Searching Algorithms, System Design Basics & Caching, Greedy Algorithms & Backtracking, Arrays & Hash Maps, Linked Lists & Doubly Linked Lists",63,0,Easy,M1 -> M3 -> M5,92,96,Good,Greedy Algorithms & Backtracking
STU0255,Mason Rodriguez,25,Female,UG,Auditory,3.63,49,4,36.2,90,Linked Lists & Doubly Linked Lists,"Greedy Algorithms & Backtracking, Stacks & Queues, Linked Lists & Doubly Linked Lists, Dynamic Programming, Sorting & Searching Algorithms, Trees & Binary Search Trees, Arrays & Hash Maps, Machine Learning Foundations, System Design Basics & Caching",74,1,Easy,M1 -> M3 -> M5,92,49,Fair,Arrays & Hash Maps
STU0256,Olivia Smith,25,Female,High School,Visual,2.95,64,5,20.7,60,Greedy Algorithms & Backtracking,"Greedy Algorithms & Backtracking, Stacks & Queues, Graph Algorithms, Dynamic Programming, System Design Basics & Caching, Machine Learning Foundations",66,3,Hard,M1 -> M3 -> M6,72,63,Fair,Stacks & Queues
STU0257,Tanvi Jones,24,Female,High School,Kinesthetic,2.49,91,2,51.6,30,Greedy Algorithms & Backtracking,"Dynamic Programming, Linked Lists & Doubly Linked Lists, Sorting & Searching Algorithms",97,3,Medium,M1 -> M3 -> M6,87,88,Excellent,System Design Basics & Caching
STU0258,Neha Patel,25,Male,PG,Kinesthetic,2.93,61,3,37.2,90,Linked Lists & Doubly Linked Lists,"Greedy Algorithms & Backtracking, Stacks & Queues, Graph Algorithms, Trees & Binary Search Trees, Arrays & Hash Maps, Machine Learning Foundations, Sorting & Searching Algorithms, System Design Basics & Caching, Linked Lists & Doubly Linked Lists",63,0,Easy,M1 -> M4 -> M6,94,55,Fair,Machine Learning Foundations
STU0259,Emma Singh,25,Female,UG,Kinesthetic,3.16,78,3,59.6,40,Trees & Binary Search Trees,"Sorting & Searching Algorithms, Graph Algorithms, System Design Basics & Caching, Trees & Binary Search Trees",97,0,Easy,M1 -> M2 -> M5,81,85,Excellent,Greedy Algorithms & Backtracking
STU0260,Ananya Sharma,26,Female,High School,Auditory,3.73,83,4,33.3,40,Dynamic Programming,"Machine Learning Foundations, Dynamic Programming, Sorting & Searching Algorithms, Greedy Algorithms & Backtracking",87,4,Easy,M1 -> M3 -> M4,87,85,Good,Trees & Binary Search Trees
STU0261,Ethan Johnson,24,Male,UG,Kinesthetic,2.25,58,2,47.5,10,Linked Lists & Doubly Linked Lists,Arrays & Hash Maps,91,5,Hard,M1 -> M2 -> M4,95,61,Fail,Linked Lists & Doubly Linked Lists
STU0262,Ava Jones,24,Male,UG,Kinesthetic,2.85,71,2,47.0,80,Dynamic Programming,"Sorting & Searching Algorithms, Trees & Binary Search Trees, Stacks & Queues, System Design Basics & Caching, Graph Algorithms, Arrays & Hash Maps, Dynamic Programming, Greedy Algorithms & Backtracking",77,3,Hard,M1 -> M2 -> M4,85,72,Good,Machine Learning Foundations
STU0263,Priya Rodriguez,25,Male,High School,Kinesthetic,3.46,30,1,45.8,50,Greedy Algorithms & Backtracking,"System Design Basics & Caching, Linked Lists & Doubly Linked Lists, Machine Learning Foundations, Greedy Algorithms & Backtracking, Trees & Binary Search Trees",94,4,Easy,M1 -> M3 -> M6,85,40,Fail,Linked Lists & Doubly Linked Lists
STU0264,Siddharth Garcia,23,Female,UG,Auditory,2.58,56,5,26.7,10,Machine Learning Foundations,Graph Algorithms,100,3,Hard,M1 -> M4 -> M5,89,46,Fail,Arrays & Hash Maps
STU0265,Ishita Garcia,19,Male,PG,Visual,3.7,68,1,48.4,50,Graph Algorithms,"Stacks & Queues, Graph Algorithms, System Design Basics & Caching, Dynamic Programming, Machine Learning Foundations",98,1,Medium,M1 -> M4 -> M5,95,63,Fair,Stacks & Queues
STU0266,Aditya Mehta,25,Male,PG,Visual,2.69,53,4,48.9,20,Stacks & Queues,"Machine Learning Foundations, Stacks & Queues",86,3,Easy,M1 -> M4 -> M6,76,61,Fair,Arrays & Hash Maps
STU0267,Sophia Johnson,18,Female,High School,Visual,2.34,96,3,21.5,70,Greedy Algorithms & Backtracking,"Graph Algorithms, Greedy Algorithms & Backtracking, Trees & Binary Search Trees, System Design Basics & Caching, Sorting & Searching Algorithms, Dynamic Programming, Machine Learning Foundations",87,0,Hard,M1 -> M3 -> M5,80,100,Excellent,System Design Basics & Caching
STU0268,Emma Verma,19,Female,UG,Kinesthetic,3.84,50,5,32.6,50,Sorting & Searching Algorithms,"Graph Algorithms, Machine Learning Foundations, Linked Lists & Doubly Linked Lists, Stacks & Queues, Sorting & Searching Algorithms",75,5,Hard,M1 -> M4 -> M5,92,45,Fail,Arrays & Hash Maps
STU0269,Karan Davis,18,Male,High School,Visual,2.82,65,5,19.1,90,Linked Lists & Doubly Linked Lists,"Greedy Algorithms & Backtracking, Sorting & Searching Algorithms, Trees & Binary Search Trees, System Design Basics & Caching, Stacks & Queues, Dynamic Programming, Linked Lists & Doubly Linked Lists, Arrays & Hash Maps, Graph Algorithms",98,5,Easy,M1 -> M4 -> M6,92,58,Fair,Stacks & Queues
STU0270,Rohan Martinez,20,Female,PG,Kinesthetic,3.13,73,4,44.7,30,Linked Lists & Doubly Linked Lists,"Stacks & Queues, Graph Algorithms, System Design Basics & Caching",64,5,Hard,M1 -> M3 -> M6,94,73,Good,Machine Learning Foundations
STU0271,Aditya Kumar,19,Female,High School,Auditory,2.78,93,2,34.8,10,Graph Algorithms,Graph Algorithms,91,1,Medium,M1 -> M2 -> M6,73,87,Excellent,System Design Basics & Caching
STU0272,Tanvi Brown,21,Male,UG,Kinesthetic,2.52,50,5,47.7,10,Linked Lists & Doubly Linked Lists,Linked Lists & Doubly Linked Lists,88,0,Easy,M1 -> M4 -> M6,99,41,Fail,Arrays & Hash Maps
STU0273,Emma Williams,22,Male,PG,Auditory,3.81,89,1,40.5,100,Arrays & Hash Maps,"System Design Basics & Caching, Greedy Algorithms & Backtracking, Machine Learning Foundations, Trees & Binary Search Trees, Dynamic Programming, Arrays & Hash Maps, Linked Lists & Doubly Linked Lists, Graph Algorithms, Sorting & Searching Algorithms, Stacks & Queues",82,2,Hard,M1 -> M3 -> M4,100,99,Excellent,Graph Algorithms
STU0274,Rohan Johnson,26,Female,High School,Auditory,3.52,72,2,28.4,50,Trees & Binary Search Trees,"Stacks & Queues, System Design Basics & Caching, Arrays & Hash Maps, Trees & Binary Search Trees, Sorting & Searching Algorithms",84,0,Hard,M1 -> M3 -> M4,84,68,Good,Sorting & Searching Algorithms
STU0275,Rahul Verma,21,Male,PG,Kinesthetic,2.48,57,3,17.5,70,Linked Lists & Doubly Linked Lists,"System Design Basics & Caching, Graph Algorithms, Greedy Algorithms & Backtracking, Machine Learning Foundations, Trees & Binary Search Trees, Arrays & Hash Maps, Dynamic Programming",62,3,Easy,M1 -> M4 -> M6,99,49,Fail,Linked Lists & Doubly Linked Lists
STU0276,Ananya Singh,25,Male,UG,Kinesthetic,2.09,78,1,35.5,30,Arrays & Hash Maps,"Stacks & Queues, Arrays & Hash Maps, Graph Algorithms",70,4,Hard,M1 -> M3 -> M6,77,70,Good,Trees & Binary Search Trees
STU0277,Olivia Joshi,24,Female,PG,Kinesthetic,2.8,74,3,52.6,20,Machine Learning Foundations,"System Design Basics & Caching, Stacks & Queues",73,0,Medium,M1 -> M2 -> M4,74,77,Good,Machine Learning Foundations
STU0278,Neha Johnson,26,Male,UG,Visual,3.85,62,5,31.9,10,Stacks & Queues,Linked Lists & Doubly Linked Lists,70,0,Easy,M1 -> M2 -> M4,99,54,Fair,Stacks & Queues
STU0279,Liam Rodriguez,22,Female,PG,Auditory,3.38,73,2,57.2,40,Stacks & Queues,"Graph Algorithms, System Design Basics & Caching, Greedy Algorithms & Backtracking, Trees & Binary Search Trees",99,5,Hard,M1 -> M4 -> M4,96,72,Good,Stacks & Queues
STU0280,Kavya Brown,18,Male,High School,Visual,3.97,66,5,24.9,20,Machine Learning Foundations,"Sorting & Searching Algorithms, System Design Basics & Caching",100,5,Easy,M1 -> M2 -> M4,91,71,Fair,Stacks & Queues
STU0281,Meera Kumar,20,Male,High School,Kinesthetic,2.73,73,1,48.3,40,Dynamic Programming,"Graph Algorithms, Sorting & Searching Algorithms, Greedy Algorithms & Backtracking, Arrays & Hash Maps",94,1,Easy,M1 -> M3 -> M6,72,70,Fair,Machine Learning Foundations
STU0282,Sophia Jones,23,Female,High School,Kinesthetic,3.35,81,2,31.9,60,Trees & Binary Search Trees,"Linked Lists & Doubly Linked Lists, Sorting & Searching Algorithms, Trees & Binary Search Trees, Arrays & Hash Maps, Machine Learning Foundations, Greedy Algorithms & Backtracking",74,0,Easy,M1 -> M2 -> M5,76,90,Excellent,Trees & Binary Search Trees
STU0283,Dev Kumar,24,Female,High School,Auditory,3.44,95,1,27.6,60,Graph Algorithms,"Trees & Binary Search Trees, Sorting & Searching Algorithms, Stacks & Queues, Arrays & Hash Maps, System Design Basics & Caching, Graph Algorithms",67,3,Easy,M1 -> M2 -> M5,98,94,Excellent,Dynamic Programming
STU0284,Pooja Kumar,20,Male,High School,Auditory,3.71,53,3,34.5,80,Trees & Binary Search Trees,"Machine Learning Foundations, Greedy Algorithms & Backtracking, System Design Basics & Caching, Stacks & Queues, Arrays & Hash Maps, Trees & Binary Search Trees, Linked Lists & Doubly Linked Lists, Sorting & Searching Algorithms",74,4,Easy,M1 -> M3 -> M4,85,59,Fail,Arrays & Hash Maps
STU0285,Ananya Brown,26,Female,UG,Kinesthetic,3.64,100,3,28.3,80,Greedy Algorithms & Backtracking,"Trees & Binary Search Trees, Linked Lists & Doubly Linked Lists, Arrays & Hash Maps, Sorting & Searching Algorithms, Dynamic Programming, Machine Learning Foundations, System Design Basics & Caching, Greedy Algorithms & Backtracking",65,0,Hard,M1 -> M3 -> M4,84,100,Excellent,Graph Algorithms
STU0286,Sophia Rodriguez,18,Female,UG,Visual,3.75,42,3,38.9,70,Stacks & Queues,"Sorting & Searching Algorithms, Greedy Algorithms & Backtracking, Arrays & Hash Maps, Dynamic Programming, Machine Learning Foundations, System Design Basics & Caching, Trees & Binary Search Trees",78,3,Hard,M1 -> M4 -> M4,98,42,Fail,Arrays & Hash Maps
STU0287,Sophia Verma,26,Female,High School,Visual,2.77,69,2,21.2,80,Machine Learning Foundations,"Arrays & Hash Maps, Sorting & Searching Algorithms, System Design Basics & Caching, Linked Lists & Doubly Linked Lists, Greedy Algorithms & Backtracking, Graph Algorithms, Machine Learning Foundations, Stacks & Queues",81,1,Hard,M1 -> M4 -> M6,76,66,Good,Stacks & Queues
STU0288,Karan Johnson,22,Female,UG,Visual,2.13,80,5,55.5,60,Greedy Algorithms & Backtracking,"Greedy Algorithms & Backtracking, System Design Basics & Caching, Linked Lists & Doubly Linked Lists, Trees & Binary Search Trees, Sorting & Searching Algorithms, Graph Algorithms",88,4,Easy,M1 -> M2 -> M5,72,82,Good,Greedy Algorithms & Backtracking
STU0289,Mason Kumar,22,Male,High School,Visual,2.55,76,3,33.7,30,Greedy Algorithms & Backtracking,"Stacks & Queues, Trees & Binary Search Trees, Arrays & Hash Maps",94,1,Hard,M1 -> M3 -> M6,70,75,Excellent,Trees & Binary Search Trees
STU0290,Vikram Patel,18,Male,PG,Kinesthetic,2.67,62,2,36.8,100,Sorting & Searching Algorithms,"Sorting & Searching Algorithms, Greedy Algorithms & Backtracking, System Design Basics & Caching, Trees & Binary Search Trees, Stacks & Queues, Graph Algorithms, Linked Lists & Doubly Linked Lists, Dynamic Programming, Arrays & Hash Maps, Machine Learning Foundations",78,0,Easy,M1 -> M2 -> M6,92,69,Good,Sorting & Searching Algorithms
STU0291,Ishita Kumar,20,Male,High School,Visual,2.23,68,5,46.8,60,Machine Learning Foundations,"Stacks & Queues, Greedy Algorithms & Backtracking, Graph Algorithms, Machine Learning Foundations, Linked Lists & Doubly Linked Lists, Sorting & Searching Algorithms",80,2,Easy,M1 -> M4 -> M5,99,58,Fair,Sorting & Searching Algorithms
STU0292,Arjun Garcia,20,Female,UG,Visual,2.01,64,4,55.5,90,System Design Basics & Caching,"Sorting & Searching Algorithms, Graph Algorithms, Greedy Algorithms & Backtracking, Stacks & Queues, System Design Basics & Caching, Linked Lists & Doubly Linked Lists, Trees & Binary Search Trees, Machine Learning Foundations, Arrays & Hash Maps",68,5,Hard,M1 -> M2 -> M5,96,61,Good,Stacks & Queues
STU0293,Dev Johnson,19,Female,High School,Kinesthetic,3.28,63,2,37.1,100,System Design Basics & Caching,"Trees & Binary Search Trees, Graph Algorithms, Machine Learning Foundations, Arrays & Hash Maps, Dynamic Programming, System Design Basics & Caching, Greedy Algorithms & Backtracking, Stacks & Queues, Sorting & Searching Algorithms, Linked Lists & Doubly Linked Lists",98,4,Medium,M1 -> M4 -> M5,74,66,Fair,Machine Learning Foundations
STU0294,Kavya Williams,23,Male,UG,Auditory,2.7,84,4,47.8,80,System Design Basics & Caching,"Linked Lists & Doubly Linked Lists, Trees & Binary Search Trees, Greedy Algorithms & Backtracking, Sorting & Searching Algorithms, System Design Basics & Caching, Dynamic Programming, Stacks & Queues, Arrays & Hash Maps",86,1,Medium,M1 -> M2 -> M4,85,90,Good,Greedy Algorithms & Backtracking
STU0295,Karan Patel,24,Male,High School,Auditory,3.28,77,2,24.0,50,Dynamic Programming,"Stacks & Queues, System Design Basics & Caching, Greedy Algorithms & Backtracking, Sorting & Searching Algorithms, Graph Algorithms",84,2,Medium,M1 -> M3 -> M6,85,84,Good,Trees & Binary Search Trees
STU0296,Sophia Jones,21,Male,High School,Visual,2.53,61,3,37.2,80,Linked Lists & Doubly Linked Lists,"Graph Algorithms, Dynamic Programming, Stacks & Queues, Trees & Binary Search Trees, Sorting & Searching Algorithms, Linked Lists & Doubly Linked Lists, Arrays & Hash Maps, System Design Basics & Caching",64,4,Medium,M1 -> M4 -> M5,90,66,Good,Stacks & Queues
STU0297,Liam Gupta,23,Male,UG,Visual,3.16,85,2,17.4,30,Sorting & Searching Algorithms,"Greedy Algorithms & Backtracking, Stacks & Queues, Sorting & Searching Algorithms",83,3,Medium,M1 -> M2 -> M5,86,95,Excellent,Greedy Algorithms & Backtracking
STU0298,Isabella Patel,26,Male,PG,Visual,3.53,76,5,41.1,100,Stacks & Queues,"System Design Basics & Caching, Sorting & Searching Algorithms, Machine Learning Foundations, Dynamic Programming, Greedy Algorithms & Backtracking, Stacks & Queues, Graph Algorithms, Trees & Binary Search Trees, Linked Lists & Doubly Linked Lists, Arrays & Hash Maps",69,0,Medium,M1 -> M3 -> M5,99,71,Excellent,Greedy Algorithms & Backtracking
STU0299,Priya Joshi,20,Male,High School,Kinesthetic,3.23,84,3,29.0,90,System Design Basics & Caching,"System Design Basics & Caching, Linked Lists & Doubly Linked Lists, Dynamic Programming, Trees & Binary Search Trees, Arrays & Hash Maps, Sorting & Searching Algorithms, Machine Learning Foundations, Graph Algorithms, Greedy Algorithms & Backtracking",83,1,Medium,M1 -> M2 -> M6,70,77,Excellent,Trees & Binary Search Trees
STU0300,Sneha Singh,20,Male,UG,Visual,2.42,81,1,49.9,20,Dynamic Programming,"Linked Lists & Doubly Linked Lists, Machine Learning Foundations",87,0,Hard,M1 -> M4 -> M6,71,86,Good,Greedy Algorithms & Backtracking
STU0301,Priya Nair,18,Male,UG,Kinesthetic,2.02,59,5,55.6,20,Linked Lists & Doubly Linked Lists,"Machine Learning Foundations, Trees & Binary Search Trees",71,5,Medium,M1 -> M2 -> M6,100,67,Fail,Arrays & Hash Maps
STU0302,Kavya Johnson,20,Male,PG,Kinesthetic,2.14,63,5,53.3,100,Arrays & Hash Maps,"System Design Basics & Caching, Trees & Binary Search Trees, Machine Learning Foundations, Stacks & Queues, Linked Lists & Doubly Linked Lists, Graph Algorithms, Arrays & Hash Maps, Dynamic Programming, Greedy Algorithms & Backtracking, Sorting & Searching Algorithms",90,2,Easy,M1 -> M3 -> M6,75,64,Fair,Machine Learning Foundations
STU0303,Arjun Brown,21,Male,UG,Visual,3.52,83,5,47.5,60,Linked Lists & Doubly Linked Lists,"Greedy Algorithms & Backtracking, Linked Lists & Doubly Linked Lists, Stacks & Queues, Trees & Binary Search Trees, Machine Learning Foundations, Sorting & Searching Algorithms",65,2,Hard,M1 -> M3 -> M5,93,82,Excellent,Greedy Algorithms & Backtracking
STU0304,Emma Jones,21,Female,UG,Auditory,2.38,81,1,59.9,20,Greedy Algorithms & Backtracking,"Sorting & Searching Algorithms, Stacks & Queues",91,5,Medium,M1 -> M2 -> M4,82,89,Good,Greedy Algorithms & Backtracking
STU0305,Priya Kumar,19,Female,High School,Auditory,2.4,71,4,31.0,70,Linked Lists & Doubly Linked Lists,"Trees & Binary Search Trees, Dynamic Programming, Greedy Algorithms & Backtracking, Stacks & Queues, Sorting & Searching Algorithms, Graph Algorithms, System Design Basics & Caching",98,3,Easy,M1 -> M2 -> M5,73,69,Good,Sorting & Searching Algorithms
STU0306,Meera Garcia,21,Male,High School,Visual,3.48,73,4,42.2,20,Greedy Algorithms & Backtracking,"Arrays & Hash Maps, Stacks & Queues",80,1,Hard,M1 -> M2 -> M6,94,78,Fair,Stacks & Queues
STU0307,Olivia Jones,21,Female,PG,Auditory,2.98,91,4,54.6,50,System Design Basics & Caching,"Sorting & Searching Algorithms, System Design Basics & Caching, Arrays & Hash Maps, Dynamic Programming, Greedy Algorithms & Backtracking",67,3,Medium,M1 -> M3 -> M5,71,82,Excellent,System Design Basics & Caching
STU0308,Neha Davis,22,Male,UG,Auditory,2.27,63,4,26.9,70,Greedy Algorithms & Backtracking,"Linked Lists & Doubly Linked Lists, Greedy Algorithms & Backtracking, System Design Basics & Caching, Trees & Binary Search Trees, Graph Algorithms, Machine Learning Foundations, Arrays & Hash Maps",97,3,Easy,M1 -> M3 -> M5,70,71,Good,Sorting & Searching Algorithms
STU0309,Ananya Singh,23,Female,PG,Kinesthetic,2.05,80,1,44.8,60,Dynamic Programming,"Linked Lists & Doubly Linked Lists, Dynamic Programming, Sorting & Searching Algorithms, Stacks & Queues, Trees & Binary Search Trees, System Design Basics & Caching",75,1,Medium,M1 -> M4 -> M4,73,80,Good,Greedy Algorithms & Backtracking
STU0310,Neha Sharma,26,Female,High School,Auditory,3.32,68,3,32.0,70,Machine Learning Foundations,"System Design Basics & Caching, Dynamic Programming, Graph Algorithms, Arrays & Hash Maps, Sorting & Searching Algorithms, Trees & Binary Search Trees, Machine Learning Foundations",84,2,Hard,M1 -> M2 -> M6,76,68,Good,Sorting & Searching Algorithms
STU0311,Meera Miller,23,Male,PG,Auditory,2.73,68,5,33.1,70,Trees & Binary Search Trees,"Greedy Algorithms & Backtracking, Linked Lists & Doubly Linked Lists, Trees & Binary Search Trees, Stacks & Queues, Dynamic Programming, Arrays & Hash Maps, Sorting & Searching Algorithms",74,4,Easy,M1 -> M4 -> M6,88,68,Fair,Sorting & Searching Algorithms
STU0312,Aditya Patel,26,Female,UG,Visual,2.69,88,4,44.9,20,Graph Algorithms,"System Design Basics & Caching, Graph Algorithms",80,1,Hard,M1 -> M3 -> M6,84,95,Excellent,System Design Basics & Caching
STU0313,Neha Sharma,26,Male,PG,Auditory,2.43,84,2,21.8,80,Graph Algorithms,"System Design Basics & Caching, Dynamic Programming, Arrays & Hash Maps, Graph Algorithms, Linked Lists & Doubly Linked Lists, Stacks & Queues, Trees & Binary Search Trees, Greedy Algorithms & Backtracking",79,3,Medium,M1 -> M4 -> M4,78,83,Good,Greedy Algorithms & Backtracking
STU0314,Alex Kumar,22,Male,UG,Visual,2.23,84,5,59.6,40,Arrays & Hash Maps,"Trees & Binary Search Trees, Graph Algorithms, Greedy Algorithms & Backtracking, Machine Learning Foundations",87,5,Easy,M1 -> M2 -> M5,70,82,Good,Greedy Algorithms & Backtracking
STU0315,Olivia Nair,26,Male,PG,Visual,3.93,91,1,32.9,80,Arrays & Hash Maps,"Arrays & Hash Maps, Linked Lists & Doubly Linked Lists, Sorting & Searching Algorithms, Graph Algorithms, Stacks & Queues, Machine Learning Foundations, Trees & Binary Search Trees, System Design Basics & Caching",68,1,Hard,M1 -> M4 -> M4,91,99,Excellent,System Design Basics & Caching
STU0316,Noah Miller,22,Female,High School,Visual,3.2,72,1,22.9,60,Sorting & Searching Algorithms,"Machine Learning Foundations, Dynamic Programming, Trees & Binary Search Trees, Greedy Algorithms & Backtracking, Linked Lists & Doubly Linked Lists, Sorting & Searching Algorithms",77,3,Medium,M1 -> M3 -> M6,92,65,Fair,Stacks & Queues
STU0317,Karan Davis,24,Female,PG,Visual,3.93,82,1,44.0,30,Sorting & Searching Algorithms,"Greedy Algorithms & Backtracking, Sorting & Searching Algorithms, Graph Algorithms",98,0,Easy,M1 -> M4 -> M6,78,89,Good,Greedy Algorithms & Backtracking
STU0318,Arjun Rao,23,Male,PG,Visual,3.72,67,2,56.2,70,Arrays & Hash Maps,"Dynamic Programming, Graph Algorithms, System Design Basics & Caching, Arrays & Hash Maps, Linked Lists & Doubly Linked Lists, Stacks & Queues, Sorting & Searching Algorithms",100,2,Easy,M1 -> M2 -> M5,96,72,Good,Stacks & Queues
STU0319,Meera Brown,23,Female,High School,Visual,3.4,76,4,50.6,90,Linked Lists & Doubly Linked Lists,"Sorting & Searching Algorithms, Dynamic Programming, Machine Learning Foundations, Trees & Binary Search Trees, Greedy Algorithms & Backtracking, Arrays & Hash Maps, Graph Algorithms, Stacks & Queues, System Design Basics & Caching",68,0,Easy,M1 -> M3 -> M6,73,71,Excellent,Trees & Binary Search Trees
STU0320,Sneha Miller,20,Female,UG,Auditory,2.96,70,2,18.8,30,Graph Algorithms,"Stacks & Queues, Sorting & Searching Algorithms, Graph Algorithms",83,1,Easy,M1 -> M4 -> M4,100,60,Good,Sorting & Searching Algorithms
STU0321,Isabella Davis,21,Male,UG,Visual,2.52,73,2,19.0,30,Arrays & Hash Maps,"Dynamic Programming, Machine Learning Foundations, Graph Algorithms",83,1,Hard,M1 -> M2 -> M6,83,77,Fair,Stacks & Queues
STU0322,Ethan Garcia,19,Male,PG,Visual,2.38,80,5,24.7,50,Graph Algorithms,"Greedy Algorithms & Backtracking, Dynamic Programming, Stacks & Queues, Trees & Binary Search Trees, Linked Lists & Doubly Linked Lists",78,5,Easy,M1 -> M2 -> M5,70,79,Excellent,Greedy Algorithms & Backtracking
STU0323,Aditya Mehta,25,Male,UG,Kinesthetic,3.37,59,4,46.9,80,Linked Lists & Doubly Linked Lists,"Arrays & Hash Maps, Greedy Algorithms & Backtracking, Stacks & Queues, Dynamic Programming, System Design Basics & Caching, Trees & Binary Search Trees, Linked Lists & Doubly Linked Lists, Sorting & Searching Algorithms",98,2,Medium,M1 -> M3 -> M4,99,60,Fail,Arrays & Hash Maps
STU0324,Pooja Martinez,18,Male,UG,Kinesthetic,3.24,100,3,22.6,50,Dynamic Programming,"Sorting & Searching Algorithms, Stacks & Queues, Arrays & Hash Maps, Graph Algorithms, Linked Lists & Doubly Linked Lists",91,2,Medium,M1 -> M2 -> M4,92,100,Excellent,Dynamic Programming
STU0325,Riya Singh,22,Male,UG,Visual,3.96,56,2,29.2,80,Graph Algorithms,"Sorting & Searching Algorithms, Dynamic Programming, Graph Algorithms, Stacks & Queues, Greedy Algorithms & Backtracking, System Design Basics & Caching, Machine Learning Foundations, Linked Lists & Doubly Linked Lists",91,1,Easy,M1 -> M2 -> M4,71,53,Fair,Linked Lists & Doubly Linked Lists
STU0326,Neha Verma,25,Female,High School,Kinesthetic,2.93,53,3,59.5,20,Greedy Algorithms & Backtracking,"Arrays & Hash Maps, Greedy Algorithms & Backtracking",95,3,Easy,M1 -> M4 -> M4,81,45,Fail,Arrays & Hash Maps
STU0327,Vikram Rao,20,Male,PG,Kinesthetic,3.65,89,1,27.8,100,Machine Learning Foundations,"Trees & Binary Search Trees, Arrays & Hash Maps, Stacks & Queues, Machine Learning Foundations, System Design Basics & Caching, Linked Lists & Doubly Linked Lists, Dynamic Programming, Greedy Algorithms & Backtracking, Sorting & Searching Algorithms, Graph Algorithms",67,3,Easy,M1 -> M2 -> M5,70,81,Excellent,Graph Algorithms
STU0328,Dev Garcia,25,Female,PG,Kinesthetic,2.01,83,3,57.6,10,Machine Learning Foundations,Greedy Algorithms & Backtracking,96,1,Medium,M1 -> M4 -> M5,95,74,Good,Greedy Algorithms & Backtracking
STU0329,Sophia Patel,26,Female,High School,Auditory,2.51,81,4,50.1,40,Dynamic Programming,"Linked Lists & Doubly Linked Lists, Arrays & Hash Maps, Trees & Binary Search Trees, Machine Learning Foundations",78,5,Medium,M1 -> M2 -> M5,95,84,Good,Trees & Binary Search Trees
STU0330,Sophia Rao,20,Female,PG,Visual,3.66,81,3,42.6,90,Trees & Binary Search Trees,"Greedy Algorithms & Backtracking, Machine Learning Foundations, Dynamic Programming, Trees & Binary Search Trees, Stacks & Queues, Graph Algorithms, System Design Basics & Caching, Arrays & Hash Maps, Linked Lists & Doubly Linked Lists",87,5,Medium,M1 -> M4 -> M5,91,78,Good,Greedy Algorithms & Backtracking
STU0331,Alex Singh,25,Male,UG,Auditory,2.87,71,5,17.1,80,Graph Algorithms,"Stacks & Queues, Machine Learning Foundations, Graph Algorithms, Dynamic Programming, Linked Lists & Doubly Linked Lists, Greedy Algorithms & Backtracking, Trees & Binary Search Trees, Sorting & Searching Algorithms",64,0,Medium,M1 -> M3 -> M4,91,79,Good,Sorting & Searching Algorithms
STU0332,Ethan Nair,23,Female,PG,Visual,3.54,58,2,50.4,10,Linked Lists & Doubly Linked Lists,Greedy Algorithms & Backtracking,85,0,Medium,M1 -> M4 -> M6,94,62,Fair,Linked Lists & Doubly Linked Lists
STU0333,Pooja Nair,23,Male,High School,Visual,2.16,73,4,54.1,100,Graph Algorithms,"Linked Lists & Doubly Linked Lists, Dynamic Programming, Arrays & Hash Maps, Greedy Algorithms & Backtracking, Trees & Binary Search Trees, System Design Basics & Caching, Graph Algorithms, Sorting & Searching Algorithms, Machine Learning Foundations, Stacks & Queues",98,5,Hard,M1 -> M4 -> M6,91,75,Good,Stacks & Queues
STU0334,Olivia Rao,19,Male,High School,Visual,2.38,61,2,36.7,10,Trees & Binary Search Trees,Arrays & Hash Maps,69,5,Medium,M1 -> M2 -> M5,74,66,Fair,Stacks & Queues
STU0335,Riya Sharma,19,Male,High School,Kinesthetic,3.41,86,3,15.4,80,Greedy Algorithms & Backtracking,"Arrays & Hash Maps, Greedy Algorithms & Backtracking, Trees & Binary Search Trees, Linked Lists & Doubly Linked Lists, Stacks & Queues, Graph Algorithms, System Design Basics & Caching, Machine Learning Foundations",100,5,Hard,M1 -> M3 -> M6,89,93,Excellent,Trees & Binary Search Trees
STU0336,Ishita Verma,25,Female,UG,Kinesthetic,3.18,69,1,37.3,100,Greedy Algorithms & Backtracking,"Trees & Binary Search Trees, Arrays & Hash Maps, System Design Basics & Caching, Machine Learning Foundations, Graph Algorithms, Stacks & Queues, Greedy Algorithms & Backtracking, Linked Lists & Doubly Linked Lists, Sorting & Searching Algorithms, Dynamic Programming",82,3,Hard,M1 -> M2 -> M5,76,74,Fair,Machine Learning Foundations
STU0337,Kavya Jones,21,Male,PG,Kinesthetic,2.68,59,1,45.0,100,Greedy Algorithms & Backtracking,"Stacks & Queues, Graph Algorithms, Dynamic Programming, Trees & Binary Search Trees, Sorting & Searching Algorithms, Machine Learning Foundations, Greedy Algorithms & Backtracking, Arrays & Hash Maps, System Design Basics & Caching, Linked Lists & Doubly Linked Lists",68,1,Medium,M1 -> M2 -> M5,79,56,Fair,Linked Lists & Doubly Linked Lists
STU0338,Vikram Davis,18,Male,UG,Auditory,2.71,67,3,34.4,30,Stacks & Queues,"System Design Basics & Caching, Arrays & Hash Maps, Linked Lists & Doubly Linked Lists",99,1,Medium,M1 -> M3 -> M5,94,58,Good,Stacks & Queues
STU0339,Noah Davis,22,Male,PG,Kinesthetic,3.21,78,1,58.9,20,Arrays & Hash Maps,"Greedy Algorithms & Backtracking, Machine Learning Foundations",99,4,Hard,M1 -> M4 -> M4,73,73,Good,Greedy Algorithms & Backtracking
STU0340,Alex Gupta,21,Female,High School,Kinesthetic,2.58,63,2,34.8,80,System Design Basics & Caching,"Greedy Algorithms & Backtracking, Linked Lists & Doubly Linked Lists, Stacks & Queues, Sorting & Searching Algorithms, Machine Learning Foundations, Dynamic Programming, System Design Basics & Caching, Arrays & Hash Maps",86,0,Hard,M1 -> M3 -> M5,75,55,Good,Machine Learning Foundations
STU0341,Aditya Johnson,24,Female,PG,Kinesthetic,2.49,59,2,49.7,90,Dynamic Programming,"Trees & Binary Search Trees, Stacks & Queues, Dynamic Programming, Machine Learning Foundations, Greedy Algorithms & Backtracking, Sorting & Searching Algorithms, System Design Basics & Caching, Arrays & Hash Maps, Linked Lists & Doubly Linked Lists",93,0,Easy,M1 -> M2 -> M5,82,50,Fair,Linked Lists & Doubly Linked Lists
STU0342,Emma Singh,18,Female,UG,Auditory,3.77,75,4,44.0,90,Graph Algorithms,"Sorting & Searching Algorithms, Machine Learning Foundations, Arrays & Hash Maps, Dynamic Programming, Stacks & Queues, Graph Algorithms, Linked Lists & Doubly Linked Lists, System Design Basics & Caching, Trees & Binary Search Trees",94,4,Hard,M1 -> M4 -> M5,82,71,Excellent,Greedy Algorithms & Backtracking
STU0343,Mason Rao,19,Male,PG,Auditory,2.78,75,1,38.0,30,System Design Basics & Caching,"System Design Basics & Caching, Graph Algorithms, Trees & Binary Search Trees",79,4,Hard,M1 -> M2 -> M4,88,73,Good,Greedy Algorithms & Backtracking
STU0344,Sneha Rao,24,Male,PG,Visual,3.68,64,1,35.2,50,System Design Basics & Caching,"Sorting & Searching Algorithms, Linked Lists & Doubly Linked Lists, Arrays & Hash Maps, Dynamic Programming, Machine Learning Foundations",96,5,Hard,M1 -> M4 -> M6,92,74,Fair,Sorting & Searching Algorithms
STU0345,Emma Davis,21,Female,UG,Auditory,3.33,64,2,47.0,100,Stacks & Queues,"Dynamic Programming, System Design Basics & Caching, Trees & Binary Search Trees, Arrays & Hash Maps, Stacks & Queues, Graph Algorithms, Linked Lists & Doubly Linked Lists, Greedy Algorithms & Backtracking, Sorting & Searching Algorithms, Machine Learning Foundations",86,0,Medium,M1 -> M3 -> M4,72,65,Fair,Sorting & Searching Algorithms
STU0346,Emma Miller,24,Female,UG,Kinesthetic,3.0,75,4,20.8,70,Greedy Algorithms & Backtracking,"Greedy Algorithms & Backtracking, Dynamic Programming, Stacks & Queues, Linked Lists & Doubly Linked Lists, Graph Algorithms, System Design Basics & Caching, Trees & Binary Search Trees",92,4,Hard,M1 -> M3 -> M4,75,82,Excellent,Trees & Binary Search Trees
STU0347,Kavya Gupta,24,Male,High School,Auditory,3.14,50,1,31.7,10,System Design Basics & Caching,Stacks & Queues,83,2,Hard,M1 -> M2 -> M4,83,41,Fail,Linked Lists & Doubly Linked Lists
STU0348,Isabella Rao,22,Male,High School,Kinesthetic,2.98,50,1,33.8,20,System Design Basics & Caching,"Sorting & Searching Algorithms, Linked Lists & Doubly Linked Lists",96,2,Hard,M1 -> M3 -> M5,96,59,Fair,Linked Lists & Doubly Linked Lists
STU0349,Rahul Singh,26,Female,UG,Kinesthetic,2.9,61,5,17.1,60,Linked Lists & Doubly Linked Lists,"Machine Learning Foundations, Dynamic Programming, System Design Basics & Caching, Linked Lists & Doubly Linked Lists, Trees & Binary Search Trees, Stacks & Queues",88,5,Easy,M1 -> M2 -> M6,88,71,Fair,Machine Learning Foundations
STU0350,Olivia Rao,26,Male,PG,Kinesthetic,2.17,68,3,50.4,100,System Design Basics & Caching,"Machine Learning Foundations, Arrays & Hash Maps, Trees & Binary Search Trees, Dynamic Programming, Greedy Algorithms & Backtracking, Graph Algorithms, System Design Basics & Caching, Sorting & Searching Algorithms, Stacks & Queues, Linked Lists & Doubly Linked Lists",75,5,Hard,M1 -> M2 -> M6,80,70,Good,Machine Learning Foundations
STU0351,Yash Verma,25,Male,UG,Auditory,2.36,76,4,26.6,10,System Design Basics & Caching,Sorting & Searching Algorithms,67,0,Medium,M1 -> M2 -> M4,94,68,Excellent,Greedy Algorithms & Backtracking
STU0352,Rahul Rao,24,Male,High School,Kinesthetic,3.92,94,1,29.4,30,Arrays & Hash Maps,"Arrays & Hash Maps, Graph Algorithms, Dynamic Programming",86,2,Easy,M1 -> M2 -> M4,77,100,Excellent,Graph Algorithms
STU0353,Yash Mehta,25,Female,High School,Auditory,2.12,84,5,58.4,80,System Design Basics & Caching,"Dynamic Programming, Linked Lists & Doubly Linked Lists, Greedy Algorithms & Backtracking, Arrays & Hash Maps, Trees & Binary Search Trees, System Design Basics & Caching, Machine Learning Foundations, Graph Algorithms",66,1,Medium,M1 -> M3 -> M6,84,76,Good,Trees & Binary Search Trees
STU0354,Ava Miller,21,Male,UG,Kinesthetic,3.97,69,1,51.6,40,System Design Basics & Caching,"Dynamic Programming, System Design Basics & Caching, Greedy Algorithms & Backtracking, Arrays & Hash Maps",99,2,Medium,M1 -> M2 -> M4,78,78,Fair,Machine Learning Foundations
STU0355,Aditya Williams,23,Male,PG,Kinesthetic,2.56,71,1,32.8,30,System Design Basics & Caching,"Machine Learning Foundations, Linked Lists & Doubly Linked Lists, Graph Algorithms",67,1,Hard,M1 -> M3 -> M4,86,71,Good,Machine Learning Foundations
STU0356,Mason Smith,22,Female,UG,Visual,3.32,56,1,42.4,60,Sorting & Searching Algorithms,"Trees & Binary Search Trees, Greedy Algorithms & Backtracking, Sorting & Searching Algorithms, Arrays & Hash Maps, System Design Basics & Caching, Linked Lists & Doubly Linked Lists",60,0,Hard,M1 -> M4 -> M6,85,58,Fair,Linked Lists & Doubly Linked Lists
STU0357,Tanvi Patel,19,Male,PG,Auditory,3.34,71,1,35.8,60,Dynamic Programming,"Machine Learning Foundations, Sorting & Searching Algorithms, Dynamic Programming, Linked Lists & Doubly Linked Lists, System Design Basics & Caching, Arrays & Hash Maps",72,3,Hard,M1 -> M3 -> M6,81,67,Fair,Machine Learning Foundations
STU0358,Rohan Martinez,22,Male,High School,Auditory,3.93,67,5,24.4,10,Graph Algorithms,Greedy Algorithms & Backtracking,72,5,Medium,M1 -> M4 -> M6,75,74,Good,Sorting & Searching Algorithms
STU0359,Vikram Rodriguez,20,Male,PG,Visual,3.49,76,2,53.1,30,Graph Algorithms,"Machine Learning Foundations, Trees & Binary Search Trees, Graph Algorithms",61,5,Medium,M1 -> M4 -> M6,70,79,Excellent,Greedy Algorithms & Backtracking
STU0360,Alex Verma,23,Female,UG,Auditory,2.24,59,3,15.2,90,Greedy Algorithms & Backtracking,"Greedy Algorithms & Backtracking, Sorting & Searching Algorithms, Arrays & Hash Maps, System Design Basics & Caching, Linked Lists & Doubly Linked Lists, Machine Learning Foundations, Stacks & Queues, Dynamic Programming, Trees & Binary Search Trees",72,2,Easy,M1 -> M4 -> M5,99,56,Fail,Arrays & Hash Maps
STU0361,Vikram Kumar,23,Female,High School,Kinesthetic,3.25,79,1,41.7,10,Greedy Algorithms & Backtracking,Dynamic Programming,100,2,Easy,M1 -> M2 -> M5,100,79,Good,Trees & Binary Search Trees
STU0362,Ethan Verma,23,Male,High School,Kinesthetic,3.24,94,1,58.9,20,Greedy Algorithms & Backtracking,"Machine Learning Foundations, Linked Lists & Doubly Linked Lists",62,3,Easy,M1 -> M4 -> M4,71,98,Excellent,Dynamic Programming
STU0363,Ananya Rao,24,Male,High School,Kinesthetic,2.11,70,4,19.3,10,Graph Algorithms,Dynamic Programming,86,1,Medium,M1 -> M3 -> M5,95,73,Fair,Machine Learning Foundations
STU0364,Mason Martinez,19,Female,PG,Kinesthetic,3.57,78,2,55.7,80,System Design Basics & Caching,"Sorting & Searching Algorithms, Trees & Binary Search Trees, Linked Lists & Doubly Linked Lists, Arrays & Hash Maps, Dynamic Programming, Graph Algorithms, Machine Learning Foundations, Stacks & Queues",68,5,Hard,M1 -> M3 -> M5,89,82,Excellent,Greedy Algorithms & Backtracking
STU0365,Neha Mehta,20,Male,High School,Visual,2.62,82,3,31.6,70,System Design Basics & Caching,"Sorting & Searching Algorithms, Graph Algorithms, Stacks & Queues, Linked Lists & Doubly Linked Lists, Trees & Binary Search Trees, Greedy Algorithms & Backtracking, System Design Basics & Caching",60,4,Hard,M1 -> M2 -> M4,96,89,Good,Trees & Binary Search Trees
STU0366,Ava Verma,24,Female,High School,Visual,3.28,65,4,42.0,40,Linked Lists & Doubly Linked Lists,"Sorting & Searching Algorithms, Trees & Binary Search Trees, Greedy Algorithms & Backtracking, Machine Learning Foundations",81,4,Medium,M1 -> M4 -> M5,80,60,Good,Stacks & Queues
STU0367,Priya Jones,18,Female,High School,Visual,3.28,75,3,51.3,40,Greedy Algorithms & Backtracking,"Machine Learning Foundations, Trees & Binary Search Trees, System Design Basics & Caching, Greedy Algorithms & Backtracking",84,1,Easy,M1 -> M3 -> M4,81,65,Good,Trees & Binary Search Trees
STU0368,Tanvi Gupta,20,Female,UG,Visual,3.26,72,3,47.3,60,Arrays & Hash Maps,"Arrays & Hash Maps, Trees & Binary Search Trees, System Design Basics & Caching, Stacks & Queues, Linked Lists & Doubly Linked Lists, Sorting & Searching Algorithms",81,4,Medium,M1 -> M2 -> M4,99,65,Fair,Stacks & Queues
STU0369,Aarav Singh,24,Male,UG,Visual,2.61,73,1,20.3,40,Sorting & Searching Algorithms,"Sorting & Searching Algorithms, Stacks & Queues, Dynamic Programming, Machine Learning Foundations",68,1,Medium,M1 -> M4 -> M5,89,76,Good,Stacks & Queues
STU0370,Alex Mehta,18,Male,PG,Auditory,3.58,60,4,24.4,60,Trees & Binary Search Trees,"Arrays & Hash Maps, Graph Algorithms, Stacks & Queues, Dynamic Programming, System Design Basics & Caching, Sorting & Searching Algorithms",65,3,Medium,M1 -> M2 -> M6,94,70,Fair,Sorting & Searching Algorithms
STU0371,Noah Miller,23,Female,PG,Auditory,2.36,72,5,44.2,60,System Design Basics & Caching,"Greedy Algorithms & Backtracking, Machine Learning Foundations, System Design Basics & Caching, Stacks & Queues, Graph Algorithms, Trees & Binary Search Trees",73,1,Easy,M1 -> M2 -> M5,79,75,Good,Sorting & Searching Algorithms
STU0372,Mason Williams,20,Female,UG,Kinesthetic,2.17,79,3,25.4,20,Graph Algorithms,"Greedy Algorithms & Backtracking, System Design Basics & Caching",62,3,Medium,M1 -> M3 -> M5,83,82,Excellent,Greedy Algorithms & Backtracking
STU0373,Kavya Garcia,23,Female,UG,Visual,2.36,93,5,38.1,40,Graph Algorithms,"Linked Lists & Doubly Linked Lists, Sorting & Searching Algorithms, Machine Learning Foundations, Stacks & Queues",65,2,Easy,M1 -> M2 -> M4,81,84,Excellent,System Design Basics & Caching
STU0374,Tanvi Joshi,23,Male,PG,Auditory,2.5,86,3,52.0,50,Trees & Binary Search Trees,"Machine Learning Foundations, Stacks & Queues, Graph Algorithms, Arrays & Hash Maps, System Design Basics & Caching",85,3,Hard,M1 -> M3 -> M6,94,80,Good,Greedy Algorithms & Backtracking
STU0375,Ava Williams,21,Male,PG,Kinesthetic,2.42,100,4,30.3,40,System Design Basics & Caching,"Machine Learning Foundations, System Design Basics & Caching, Greedy Algorithms & Backtracking, Sorting & Searching Algorithms",65,2,Medium,M1 -> M3 -> M6,76,100,Excellent,System Design Basics & Caching
STU0376,Dev Davis,18,Female,High School,Kinesthetic,3.75,60,4,45.9,50,Arrays & Hash Maps,"Greedy Algorithms & Backtracking, Sorting & Searching Algorithms, System Design Basics & Caching, Linked Lists & Doubly Linked Lists, Trees & Binary Search Trees",85,5,Hard,M1 -> M4 -> M4,95,51,Good,Machine Learning Foundations
STU0377,Isabella Singh,20,Female,PG,Kinesthetic,3.6,85,3,40.6,100,Machine Learning Foundations,"Dynamic Programming, Machine Learning Foundations, Trees & Binary Search Trees, Greedy Algorithms & Backtracking, Arrays & Hash Maps, Graph Algorithms, System Design Basics & Caching, Sorting & Searching Algorithms, Linked Lists & Doubly Linked Lists, Stacks & Queues",88,5,Hard,M1 -> M2 -> M4,87,80,Good,Greedy Algorithms & Backtracking
STU0378,Ananya Martinez,25,Male,High School,Visual,2.14,74,1,31.6,70,Graph Algorithms,"Trees & Binary Search Trees, Machine Learning Foundations, Graph Algorithms, Sorting & Searching Algorithms, Greedy Algorithms & Backtracking, Arrays & Hash Maps, System Design Basics & Caching",60,1,Easy,M1 -> M3 -> M4,74,81,Good,Stacks & Queues
STU0379,Riya Garcia,19,Female,High School,Visual,3.74,100,5,47.3,50,Dynamic Programming,"Greedy Algorithms & Backtracking, Stacks & Queues, Graph Algorithms, Machine Learning Foundations, Linked Lists & Doubly Linked Lists",89,2,Easy,M1 -> M2 -> M5,96,100,Excellent,Graph Algorithms
STU0380,Pooja Mehta,26,Female,PG,Auditory,2.92,59,2,23.1,100,Arrays & Hash Maps,"Linked Lists & Doubly Linked Lists, Graph Algorithms, Greedy Algorithms & Backtracking, Stacks & Queues, Sorting & Searching Algorithms, Dynamic Programming, Trees & Binary Search Trees, System Design Basics & Caching, Arrays & Hash Maps, Machine Learning Foundations",99,5,Hard,M1 -> M4 -> M4,88,52,Fair,Linked Lists & Doubly Linked Lists
STU0381,Arjun Verma,21,Male,UG,Kinesthetic,3.08,59,5,20.5,20,Trees & Binary Search Trees,"Greedy Algorithms & Backtracking, Dynamic Programming",83,0,Easy,M1 -> M3 -> M5,78,55,Fair,Arrays & Hash Maps
STU0382,Siddharth Verma,25,Male,High School,Kinesthetic,3.39,63,2,29.7,80,Dynamic Programming,"Sorting & Searching Algorithms, Dynamic Programming, Trees & Binary Search Trees, Greedy Algorithms & Backtracking, Arrays & Hash Maps, Machine Learning Foundations, Stacks & Queues, Graph Algorithms",89,3,Easy,M1 -> M4 -> M6,92,67,Fair,Machine Learning Foundations
STU0383,Rahul Garcia,22,Male,High School,Visual,3.21,40,2,18.5,30,Graph Algorithms,"Linked Lists & Doubly Linked Lists, System Design Basics & Caching, Dynamic Programming",60,5,Easy,M1 -> M3 -> M4,92,40,Fair,Linked Lists & Doubly Linked Lists
STU0384,Mason Davis,21,Female,PG,Visual,3.67,64,2,31.9,90,Linked Lists & Doubly Linked Lists,"Dynamic Programming, Graph Algorithms, Greedy Algorithms & Backtracking, Arrays & Hash Maps, System Design Basics & Caching, Machine Learning Foundations, Sorting & Searching Algorithms, Linked Lists & Doubly Linked Lists, Trees & Binary Search Trees",75,1,Easy,M1 -> M2 -> M5,91,56,Fair,Sorting & Searching Algorithms
STU0385,Sneha Gupta,20,Male,High School,Auditory,3.03,60,1,25.5,60,Sorting & Searching Algorithms,"System Design Basics & Caching, Trees & Binary Search Trees, Machine Learning Foundations, Graph Algorithms, Greedy Algorithms & Backtracking, Sorting & Searching Algorithms",66,2,Medium,M1 -> M3 -> M6,70,62,Fair,Sorting & Searching Algorithms
STU0386,Vikram Jones,21,Male,PG,Auditory,3.3,74,1,47.1,60,Arrays & Hash Maps,"Linked Lists & Doubly Linked Lists, Trees & Binary Search Trees, Dynamic Programming, Stacks & Queues, Graph Algorithms, System Design Basics & Caching",96,1,Hard,M1 -> M4 -> M5,92,76,Fair,Sorting & Searching Algorithms
STU0387,Emma Singh,23,Male,PG,Kinesthetic,2.64,77,1,42.7,80,Linked Lists & Doubly Linked Lists,"Sorting & Searching Algorithms, Arrays & Hash Maps, Greedy Algorithms & Backtracking, Trees & Binary Search Trees, Graph Algorithms, Linked Lists & Doubly Linked Lists, System Design Basics & Caching, Dynamic Programming",67,2,Easy,M1 -> M2 -> M6,71,71,Excellent,Greedy Algorithms & Backtracking
STU0388,Kavya Garcia,22,Male,High School,Auditory,2.41,100,4,48.3,10,Trees & Binary Search Trees,Machine Learning Foundations,81,1,Hard,M1 -> M4 -> M4,95,100,Excellent,System Design Basics & Caching
STU0389,Alex Rao,18,Male,PG,Auditory,2.69,86,4,38.5,40,System Design Basics & Caching,"Arrays & Hash Maps, Trees & Binary Search Trees, System Design Basics & Caching, Graph Algorithms",71,3,Easy,M1 -> M3 -> M4,71,96,Good,Greedy Algorithms & Backtracking
STU0390,Rahul Joshi,20,Male,High School,Kinesthetic,3.1,63,4,29.0,40,Trees & Binary Search Trees,"System Design Basics & Caching, Linked Lists & Doubly Linked Lists, Dynamic Programming, Sorting & Searching Algorithms",72,1,Hard,M1 -> M3 -> M5,84,73,Fair,Machine Learning Foundations
STU0391,Vikram Nair,25,Male,UG,Auditory,2.76,58,4,53.4,80,Greedy Algorithms & Backtracking,"Dynamic Programming, System Design Basics & Caching, Machine Learning Foundations, Greedy Algorithms & Backtracking, Linked Lists & Doubly Linked Lists, Trees & Binary Search Trees, Arrays & Hash Maps, Sorting & Searching Algorithms",79,4,Medium,M1 -> M3 -> M5,79,62,Fail,Arrays & Hash Maps
STU0392,Ishita Williams,26,Female,High School,Auditory,2.27,79,4,57.3,80,Trees & Binary Search Trees,"Stacks & Queues, Trees & Binary Search Trees, Arrays & Hash Maps, Greedy Algorithms & Backtracking, Graph Algorithms, Machine Learning Foundations, System Design Basics & Caching, Linked Lists & Doubly Linked Lists",83,3,Easy,M1 -> M3 -> M4,82,87,Good,Trees & Binary Search Trees
STU0393,Neha Joshi,24,Female,PG,Auditory,3.02,52,3,43.4,80,Sorting & Searching Algorithms,"Arrays & Hash Maps, Dynamic Programming, System Design Basics & Caching, Sorting & Searching Algorithms, Linked Lists & Doubly Linked Lists, Greedy Algorithms & Backtracking, Trees & Binary Search Trees, Machine Learning Foundations",61,5,Medium,M1 -> M3 -> M6,100,46,Fail,Arrays & Hash Maps
STU0394,Aditya Mehta,20,Male,High School,Visual,3.29,99,3,37.5,70,Dynamic Programming,"Machine Learning Foundations, Linked Lists & Doubly Linked Lists, Trees & Binary Search Trees, Greedy Algorithms & Backtracking, System Design Basics & Caching, Dynamic Programming, Stacks & Queues",94,5,Hard,M1 -> M4 -> M5,83,91,Excellent,Dynamic Programming
STU0395,Priya Rodriguez,23,Male,UG,Kinesthetic,2.42,89,5,33.8,70,Graph Algorithms,"Arrays & Hash Maps, Stacks & Queues, Greedy Algorithms & Backtracking, Machine Learning Foundations, Dynamic Programming, Sorting & Searching Algorithms, Trees & Binary Search Trees",78,5,Easy,M1 -> M2 -> M5,92,83,Excellent,System Design Basics & Caching
STU0396,Vikram Garcia,20,Male,UG,Kinesthetic,3.63,64,3,59.2,30,Trees & Binary Search Trees,"Arrays & Hash Maps, Stacks & Queues, Trees & Binary Search Trees",86,3,Easy,M1 -> M4 -> M4,79,56,Fair,Machine Learning Foundations
STU0397,Arjun Gupta,22,Male,UG,Visual,3.17,46,2,38.5,80,Greedy Algorithms & Backtracking,"Linked Lists & Doubly Linked Lists, Arrays & Hash Maps, System Design Basics & Caching, Stacks & Queues, Greedy Algorithms & Backtracking, Graph Algorithms, Sorting & Searching Algorithms, Trees & Binary Search Trees",60,3,Medium,M1 -> M3 -> M5,89,49,Fair,Linked Lists & Doubly Linked Lists
STU0398,Karan Johnson,23,Female,High School,Auditory,3.33,92,4,47.6,70,Machine Learning Foundations,"Arrays & Hash Maps, Sorting & Searching Algorithms, System Design Basics & Caching, Dynamic Programming, Machine Learning Foundations, Greedy Algorithms & Backtracking, Trees & Binary Search Trees",68,0,Hard,M1 -> M4 -> M5,94,89,Excellent,Dynamic Programming
STU0399,Kavya Jones,25,Female,PG,Visual,2.01,70,5,36.8,60,Arrays & Hash Maps,"Sorting & Searching Algorithms, Arrays & Hash Maps, Machine Learning Foundations, Greedy Algorithms & Backtracking, Trees & Binary Search Trees, Linked Lists & Doubly Linked Lists",99,0,Easy,M1 -> M4 -> M6,93,72,Good,Stacks & Queues
STU0400,Ishita Martinez,21,Male,PG,Kinesthetic,3.57,90,1,36.7,90,Arrays & Hash Maps,"Stacks & Queues, Greedy Algorithms & Backtracking, Linked Lists & Doubly Linked Lists, Machine Learning Foundations, Sorting & Searching Algorithms, Graph Algorithms, Trees & Binary Search Trees, Arrays & Hash Maps, System Design Basics & Caching",94,1,Hard,M1 -> M2 -> M6,72,83,Excellent,Graph Algorithms
STU0401,Riya Sharma,20,Female,UG,Auditory,2.44,48,3,54.2,50,Greedy Algorithms & Backtracking,"Linked Lists & Doubly Linked Lists, Stacks & Queues, Greedy Algorithms & Backtracking, Arrays & Hash Maps, Sorting & Searching Algorithms",96,4,Hard,M1 -> M4 -> M6,93,50,Fair,Linked Lists & Doubly Linked Lists
STU0402,Alex Davis,24,Male,High School,Auditory,2.23,63,5,57.2,20,Linked Lists & Doubly Linked Lists,"Linked Lists & Doubly Linked Lists, Sorting & Searching Algorithms",67,4,Hard,M1 -> M3 -> M6,70,62,Good,Sorting & Searching Algorithms
STU0403,Ananya Rodriguez,26,Male,UG,Auditory,2.64,72,4,29.2,60,Stacks & Queues,"System Design Basics & Caching, Trees & Binary Search Trees, Linked Lists & Doubly Linked Lists, Machine Learning Foundations, Arrays & Hash Maps, Graph Algorithms",78,1,Medium,M1 -> M2 -> M6,74,63,Good,Sorting & Searching Algorithms
STU0404,Pooja Smith,22,Male,UG,Kinesthetic,3.15,72,3,21.9,40,Greedy Algorithms & Backtracking,"Graph Algorithms, Dynamic Programming, Arrays & Hash Maps, System Design Basics & Caching",73,5,Easy,M1 -> M4 -> M6,99,67,Fair,Machine Learning Foundations
STU0405,Ava Garcia,24,Female,PG,Visual,3.98,65,3,46.3,90,Dynamic Programming,"Sorting & Searching Algorithms, Dynamic Programming, Greedy Algorithms & Backtracking, Stacks & Queues, Trees & Binary Search Trees, Machine Learning Foundations, Arrays & Hash Maps, System Design Basics & Caching, Linked Lists & Doubly Linked Lists",72,5,Medium,M1 -> M2 -> M4,94,73,Good,Stacks & Queues
STU0406,Ava Verma,22,Female,PG,Visual,3.15,81,5,19.6,80,Greedy Algorithms & Backtracking,"Graph Algorithms, Stacks & Queues, Trees & Binary Search Trees, Linked Lists & Doubly Linked Lists, Sorting & Searching Algorithms, Dynamic Programming, Arrays & Hash Maps, Machine Learning Foundations",69,3,Easy,M1 -> M4 -> M4,73,82,Excellent,Greedy Algorithms & Backtracking
STU0407,Meera Kumar,18,Male,PG,Kinesthetic,2.68,55,3,46.0,70,Stacks & Queues,"Dynamic Programming, Trees & Binary Search Trees, Arrays & Hash Maps, Greedy Algorithms & Backtracking, Linked Lists & Doubly Linked Lists, System Design Basics & Caching, Graph Algorithms",71,5,Medium,M1 -> M3 -> M6,78,65,Fail,Arrays & Hash Maps
STU0408,Alex Jones,23,Male,High School,Visual,2.17,69,4,60.0,80,System Design Basics & Caching,"Trees & Binary Search Trees, Arrays & Hash Maps, Greedy Algorithms & Backtracking, Stacks & Queues, Sorting & Searching Algorithms, System Design Basics & Caching, Linked Lists & Doubly Linked Lists, Machine Learning Foundations",87,2,Hard,M1 -> M3 -> M4,99,76,Fair,Stacks & Queues
STU0409,Neha Williams,18,Female,PG,Kinesthetic,3.57,73,1,40.0,90,Greedy Algorithms & Backtracking,"Linked Lists & Doubly Linked Lists, System Design Basics & Caching, Machine Learning Foundations, Dynamic Programming, Greedy Algorithms & Backtracking, Arrays & Hash Maps, Sorting & Searching Algorithms, Stacks & Queues, Graph Algorithms",80,0,Easy,M1 -> M4 -> M4,87,71,Fair,Machine Learning Foundations
STU0410,Ava Verma,19,Male,PG,Auditory,2.73,79,2,41.0,90,Stacks & Queues,"Dynamic Programming, Arrays & Hash Maps, Trees & Binary Search Trees, Stacks & Queues, System Design Basics & Caching, Graph Algorithms, Machine Learning Foundations, Greedy Algorithms & Backtracking, Linked Lists & Doubly Linked Lists",80,4,Hard,M1 -> M4 -> M6,76,72,Excellent,Greedy Algorithms & Backtracking
STU0411,Emma Verma,21,Male,High School,Visual,2.6,82,3,27.5,40,Stacks & Queues,"Machine Learning Foundations, System Design Basics & Caching, Trees & Binary Search Trees, Graph Algorithms",99,3,Easy,M1 -> M3 -> M6,82,86,Excellent,Greedy Algorithms & Backtracking
STU0412,Rohan Nair,24,Male,PG,Visual,2.14,55,3,59.7,50,Trees & Binary Search Trees,"Sorting & Searching Algorithms, System Design Basics & Caching, Stacks & Queues, Trees & Binary Search Trees, Linked Lists & Doubly Linked Lists",87,3,Hard,M1 -> M3 -> M4,73,62,Fail,Arrays & Hash Maps
STU0413,Riya Patel,23,Male,UG,Auditory,3.56,48,4,59.1,30,Trees & Binary Search Trees,"Graph Algorithms, Arrays & Hash Maps, Linked Lists & Doubly Linked Lists",74,3,Hard,M1 -> M2 -> M6,98,47,Fail,Arrays & Hash Maps
STU0414,Yash Garcia,19,Female,PG,Kinesthetic,3.73,91,4,41.7,90,Graph Algorithms,"Machine Learning Foundations, Linked Lists & Doubly Linked Lists, Arrays & Hash Maps, System Design Basics & Caching, Stacks & Queues, Trees & Binary Search Trees, Dynamic Programming, Graph Algorithms, Sorting & Searching Algorithms",76,0,Hard,M1 -> M4 -> M4,74,85,Excellent,Graph Algorithms
STU0415,Arjun Rodriguez,22,Male,PG,Kinesthetic,3.95,76,3,50.9,40,Machine Learning Foundations,"Dynamic Programming, Greedy Algorithms & Backtracking, Stacks & Queues, Trees & Binary Search Trees",92,2,Easy,M1 -> M4 -> M6,79,86,Excellent,Greedy Algorithms & Backtracking
STU0416,Ava Patel,22,Female,UG,Visual,3.27,60,5,17.6,20,Trees & Binary Search Trees,"Linked Lists & Doubly Linked Lists, Stacks & Queues",78,4,Hard,M1 -> M3 -> M6,99,54,Fair,Stacks & Queues
STU0417,Meera Garcia,26,Male,UG,Visual,3.23,95,3,26.0,10,Dynamic Programming,System Design Basics & Caching,93,5,Easy,M1 -> M4 -> M5,91,100,Excellent,Dynamic Programming
STU0418,Mason Mehta,20,Male,UG,Visual,3.03,73,4,22.7,10,Dynamic Programming,Greedy Algorithms & Backtracking,67,2,Medium,M1 -> M4 -> M4,79,78,Fair,Stacks & Queues
STU0419,Ishita Nair,21,Male,PG,Kinesthetic,3.14,89,4,17.6,40,Graph Algorithms,"System Design Basics & Caching, Arrays & Hash Maps, Greedy Algorithms & Backtracking, Graph Algorithms",60,4,Easy,M1 -> M3 -> M5,70,90,Excellent,Dynamic Programming
STU0420,Mason Kumar,24,Female,High School,Visual,2.86,73,1,56.1,40,Linked Lists & Doubly Linked Lists,"System Design Basics & Caching, Machine Learning Foundations, Stacks & Queues, Trees & Binary Search Trees",60,1,Medium,M1 -> M2 -> M5,81,72,Good,Stacks & Queues
STU0421,Kavya Brown,20,Female,High School,Auditory,3.31,100,3,16.8,80,Stacks & Queues,"Stacks & Queues, Sorting & Searching Algorithms, Dynamic Programming, Arrays & Hash Maps, Machine Learning Foundations, Linked Lists & Doubly Linked Lists, Greedy Algorithms & Backtracking, Trees & Binary Search Trees",85,3,Hard,M1 -> M2 -> M4,76,100,Excellent,Dynamic Programming
STU0422,Emma Nair,19,Female,UG,Kinesthetic,2.99,98,2,19.9,30,Sorting & Searching Algorithms,"Dynamic Programming, System Design Basics & Caching, Machine Learning Foundations",66,0,Hard,M1 -> M4 -> M4,77,89,Excellent,Dynamic Programming
STU0423,Emma Smith,24,Male,UG,Auditory,2.58,68,1,53.9,80,Linked Lists & Doubly Linked Lists,"Dynamic Programming, Trees & Binary Search Trees, Stacks & Queues, Sorting & Searching Algorithms, Graph Algorithms, Linked Lists & Doubly Linked Lists, Machine Learning Foundations, System Design Basics & Caching",75,5,Easy,M1 -> M3 -> M6,92,74,Fair,Sorting & Searching Algorithms
STU0424,Pooja Kumar,21,Male,High School,Visual,2.26,86,2,34.2,10,Graph Algorithms,Trees & Binary Search Trees,99,1,Medium,M1 -> M3 -> M6,92,96,Excellent,Trees & Binary Search Trees
STU0425,Sneha Mehta,23,Female,UG,Visual,3.02,81,3,31.4,10,Graph Algorithms,Linked Lists & Doubly Linked Lists,82,5,Easy,M1 -> M2 -> M4,70,72,Excellent,Greedy Algorithms & Backtracking
STU0426,Emma Smith,21,Female,UG,Auditory,3.82,92,4,31.4,20,Dynamic Programming,"Stacks & Queues, Graph Algorithms",79,0,Easy,M1 -> M4 -> M6,80,93,Excellent,Graph Algorithms
STU0427,Sophia Johnson,26,Female,High School,Kinesthetic,2.55,57,4,56.6,100,Dynamic Programming,"Linked Lists & Doubly Linked Lists, Machine Learning Foundations, Stacks & Queues, Sorting & Searching Algorithms, Dynamic Programming, Graph Algorithms, Arrays & Hash Maps, Trees & Binary Search Trees, Greedy Algorithms & Backtracking, System Design Basics & Caching",64,4,Easy,M1 -> M4 -> M5,87,51,Fair,Arrays & Hash Maps
STU0428,Ananya Singh,21,Female,PG,Kinesthetic,2.51,82,2,42.0,90,Sorting & Searching Algorithms,"Sorting & Searching Algorithms, Greedy Algorithms & Backtracking, Linked Lists & Doubly Linked Lists, Trees & Binary Search Trees, Arrays & Hash Maps, Dynamic Programming, Graph Algorithms, Stacks & Queues, Machine Learning Foundations",68,2,Medium,M1 -> M4 -> M5,91,89,Good,Trees & Binary Search Trees
STU0429,Ava Miller,19,Male,UG,Kinesthetic,2.77,87,5,46.4,70,Dynamic Programming,"Machine Learning Foundations, Graph Algorithms, Trees & Binary Search Trees, Linked Lists & Doubly Linked Lists, Arrays & Hash Maps, Dynamic Programming, System Design Basics & Caching",92,3,Medium,M1 -> M3 -> M4,92,85,Excellent,Greedy Algorithms & Backtracking
STU0430,Tanvi Gupta,20,Male,High School,Kinesthetic,2.48,45,2,27.2,10,Stacks & Queues,Graph Algorithms,63,5,Easy,M1 -> M4 -> M4,90,46,Fail,Linked Lists & Doubly Linked Lists
STU0431,Alex Martinez,23,Female,High School,Kinesthetic,3.77,54,1,52.1,50,Stacks & Queues,"Dynamic Programming, Graph Algorithms, Sorting & Searching Algorithms, Arrays & Hash Maps, Greedy Algorithms & Backtracking",74,5,Hard,M1 -> M3 -> M4,91,62,Fail,Linked Lists & Doubly Linked Lists
STU0432,Priya Williams,22,Male,UG,Visual,2.65,41,4,31.6,40,Machine Learning Foundations,"Dynamic Programming, Stacks & Queues, Greedy Algorithms & Backtracking, Linked Lists & Doubly Linked Lists",90,0,Easy,M1 -> M2 -> M4,88,46,Fair,Arrays & Hash Maps
STU0433,Sophia Kumar,22,Male,UG,Visual,3.77,67,4,19.5,70,Machine Learning Foundations,"Trees & Binary Search Trees, Linked Lists & Doubly Linked Lists, Stacks & Queues, Arrays & Hash Maps, Machine Learning Foundations, System Design Basics & Caching, Sorting & Searching Algorithms",93,1,Medium,M1 -> M4 -> M4,82,57,Fair,Stacks & Queues
STU0434,Priya Sharma,18,Male,High School,Visual,2.54,82,2,28.8,100,Arrays & Hash Maps,"Arrays & Hash Maps, Linked Lists & Doubly Linked Lists, Sorting & Searching Algorithms, Dynamic Programming, Greedy Algorithms & Backtracking, Machine Learning Foundations, System Design Basics & Caching, Graph Algorithms, Trees & Binary Search Trees, Stacks & Queues",90,1,Easy,M1 -> M4 -> M6,70,73,Excellent,Trees & Binary Search Trees
STU0435,Priya Davis,22,Male,PG,Auditory,2.28,94,3,44.5,40,Arrays & Hash Maps,"Trees & Binary Search Trees, Dynamic Programming, System Design Basics & Caching, Linked Lists & Doubly Linked Lists",74,5,Medium,M1 -> M4 -> M4,75,87,Excellent,System Design Basics & Caching
STU0436,Sneha Gupta,22,Female,High School,Kinesthetic,2.67,73,5,23.2,60,Linked Lists & Doubly Linked Lists,"Arrays & Hash Maps, Stacks & Queues, System Design Basics & Caching, Trees & Binary Search Trees, Graph Algorithms, Greedy Algorithms & Backtracking",87,1,Medium,M1 -> M4 -> M5,98,66,Good,Machine Learning Foundations
STU0437,Aditya Garcia,23,Female,PG,Visual,3.58,96,4,47.5,30,Stacks & Queues,"Sorting & Searching Algorithms, Stacks & Queues, Dynamic Programming",90,0,Easy,M1 -> M4 -> M5,72,96,Excellent,Dynamic Programming
STU0438,Rahul Kumar,24,Female,UG,Auditory,2.85,51,5,39.0,70,Machine Learning Foundations,"Sorting & Searching Algorithms, Stacks & Queues, Trees & Binary Search Trees, Greedy Algorithms & Backtracking, Dynamic Programming, Graph Algorithms, Machine Learning Foundations",94,4,Hard,M1 -> M2 -> M6,83,57,Fair,Arrays & Hash Maps
STU0439,Yash Mehta,19,Male,UG,Visual,2.41,46,4,58.1,10,Sorting & Searching Algorithms,System Design Basics & Caching,67,0,Medium,M1 -> M2 -> M5,74,53,Fair,Arrays & Hash Maps
STU0440,Isabella Brown,21,Male,High School,Visual,3.49,71,4,31.7,20,Stacks & Queues,"Dynamic Programming, Arrays & Hash Maps",66,5,Easy,M1 -> M4 -> M4,74,72,Good,Stacks & Queues
STU0441,Rahul Patel,21,Male,High School,Kinesthetic,3.66,77,4,47.5,70,Stacks & Queues,"Stacks & Queues, Greedy Algorithms & Backtracking, Machine Learning Foundations, Sorting & Searching Algorithms, Graph Algorithms, System Design Basics & Caching, Trees & Binary Search Trees",88,5,Easy,M1 -> M2 -> M4,98,87,Excellent,Trees & Binary Search Trees
STU0442,Ananya Martinez,20,Male,High School,Auditory,3.67,71,1,38.5,80,System Design Basics & Caching,"Graph Algorithms, System Design Basics & Caching, Machine Learning Foundations, Sorting & Searching Algorithms, Linked Lists & Doubly Linked Lists, Trees & Binary Search Trees, Dynamic Programming, Greedy Algorithms & Backtracking",68,5,Easy,M1 -> M2 -> M5,96,78,Fair,Sorting & Searching Algorithms
STU0443,Pooja Patel,25,Female,UG,Kinesthetic,3.28,40,1,31.3,70,Stacks & Queues,"Arrays & Hash Maps, Sorting & Searching Algorithms, Dynamic Programming, Linked Lists & Doubly Linked Lists, Stacks & Queues, Machine Learning Foundations, Graph Algorithms",81,0,Easy,M1 -> M4 -> M4,76,49,Fail,Linked Lists & Doubly Linked Lists
STU0444,Aarav Rao,21,Male,PG,Visual,2.48,70,5,59.4,20,Machine Learning Foundations,"Machine Learning Foundations, Arrays & Hash Maps",90,0,Medium,M1 -> M2 -> M5,100,72,Good,Stacks & Queues
STU0445,Siddharth Joshi,23,Female,PG,Auditory,3.95,52,1,37.6,20,Sorting & Searching Algorithms,"Dynamic Programming, System Design Basics & Caching",69,0,Easy,M1 -> M3 -> M6,79,47,Fair,Linked Lists & Doubly Linked Lists
STU0446,Rahul Jones,19,Male,PG,Visual,3.77,82,4,50.3,30,Stacks & Queues,"System Design Basics & Caching, Machine Learning Foundations, Sorting & Searching Algorithms",81,2,Hard,M1 -> M2 -> M6,82,79,Excellent,Greedy Algorithms & Backtracking
STU0447,Vikram Martinez,19,Male,PG,Kinesthetic,3.99,77,5,54.0,20,Arrays & Hash Maps,"Stacks & Queues, Graph Algorithms",65,3,Easy,M1 -> M3 -> M4,78,85,Good,Greedy Algorithms & Backtracking
STU0448,Kavya Johnson,19,Male,High School,Kinesthetic,3.54,57,4,16.8,50,Greedy Algorithms & Backtracking,"Graph Algorithms, Greedy Algorithms & Backtracking, Stacks & Queues, Arrays & Hash Maps, Machine Learning Foundations",78,3,Hard,M1 -> M3 -> M5,97,66,Fail,Arrays & Hash Maps
STU0449,Karan Johnson,19,Female,PG,Auditory,2.53,64,2,46.5,10,Machine Learning Foundations,Arrays & Hash Maps,95,0,Easy,M1 -> M3 -> M5,88,66,Fair,Sorting & Searching Algorithms
STU0450,Ava Patel,21,Female,UG,Kinesthetic,2.19,56,2,33.1,80,Greedy Algorithms & Backtracking,"System Design Basics & Caching, Greedy Algorithms & Backtracking, Linked Lists & Doubly Linked Lists, Arrays & Hash Maps, Machine Learning Foundations, Dynamic Programming, Trees & Binary Search Trees, Sorting & Searching Algorithms",64,2,Hard,M1 -> M2 -> M6,85,49,Fair,Linked Lists & Doubly Linked Lists
STU0451,Aditya Jones,18,Male,UG,Visual,3.28,71,4,24.6,60,Machine Learning Foundations,"Arrays & Hash Maps, Dynamic Programming, Machine Learning Foundations, System Design Basics & Caching, Stacks & Queues, Trees & Binary Search Trees",73,0,Hard,M1 -> M3 -> M5,75,63,Good,Stacks & Queues
STU0452,Rahul Patel,22,Female,High School,Auditory,3.75,86,3,22.4,80,Dynamic Programming,"System Design Basics & Caching, Trees & Binary Search Trees, Graph Algorithms, Linked Lists & Doubly Linked Lists, Arrays & Hash Maps, Sorting & Searching Algorithms, Machine Learning Foundations, Dynamic Programming",82,3,Medium,M1 -> M4 -> M5,99,94,Good,Trees & Binary Search Trees
STU0453,Arjun Sharma,26,Male,High School,Kinesthetic,3.34,57,3,38.4,100,Stacks & Queues,"Sorting & Searching Algorithms, Machine Learning Foundations, Arrays & Hash Maps, Linked Lists & Doubly Linked Lists, Trees & Binary Search Trees, Dynamic Programming, System Design Basics & Caching, Graph Algorithms, Greedy Algorithms & Backtracking, Stacks & Queues",60,3,Hard,M1 -> M4 -> M5,88,50,Fail,Arrays & Hash Maps
STU0454,Ananya Joshi,21,Female,PG,Kinesthetic,3.55,79,3,55.3,100,Dynamic Programming,"Trees & Binary Search Trees, Sorting & Searching Algorithms, Machine Learning Foundations, Linked Lists & Doubly Linked Lists, System Design Basics & Caching, Graph Algorithms, Arrays & Hash Maps, Dynamic Programming, Stacks & Queues, Greedy Algorithms & Backtracking",92,0,Medium,M1 -> M3 -> M5,81,86,Excellent,Greedy Algorithms & Backtracking
STU0455,Riya Miller,23,Male,High School,Auditory,2.86,64,4,27.8,30,System Design Basics & Caching,"Machine Learning Foundations, Stacks & Queues, Dynamic Programming",87,5,Easy,M1 -> M2 -> M4,90,54,Fair,Sorting & Searching Algorithms
STU0456,Pooja Brown,19,Female,PG,Kinesthetic,3.85,60,3,53.3,20,Greedy Algorithms & Backtracking,"System Design Basics & Caching, Arrays & Hash Maps",73,1,Medium,M1 -> M2 -> M4,100,53,Good,Machine Learning Foundations
STU0457,Kavya Jones,24,Female,High School,Auditory,3.56,70,1,16.2,90,Graph Algorithms,"Graph Algorithms, Machine Learning Foundations, System Design Basics & Caching, Dynamic Programming, Trees & Binary Search Trees, Linked Lists & Doubly Linked Lists, Arrays & Hash Maps, Greedy Algorithms & Backtracking, Sorting & Searching Algorithms",83,4,Hard,M1 -> M3 -> M4,83,67,Good,Sorting & Searching Algorithms
STU0458,Tanvi Williams,21,Female,High School,Kinesthetic,2.86,56,5,20.3,70,Stacks & Queues,"Dynamic Programming, Sorting & Searching Algorithms, Stacks & Queues, Trees & Binary Search Trees, Linked Lists & Doubly Linked Lists, Arrays & Hash Maps, System Design Basics & Caching",96,3,Medium,M1 -> M4 -> M4,76,48,Fair,Arrays & Hash Maps
STU0459,Rohan Sharma,24,Male,PG,Kinesthetic,2.31,63,2,44.4,100,System Design Basics & Caching,"Linked Lists & Doubly Linked Lists, Dynamic Programming, Arrays & Hash Maps, Sorting & Searching Algorithms, System Design Basics & Caching, Machine Learning Foundations, Trees & Binary Search Trees, Stacks & Queues, Graph Algorithms, Greedy Algorithms & Backtracking",74,2,Medium,M1 -> M4 -> M5,91,54,Fair,Machine Learning Foundations
STU0460,Aditya Patel,20,Male,PG,Kinesthetic,3.73,54,1,21.4,20,Greedy Algorithms & Backtracking,"Machine Learning Foundations, Linked Lists & Doubly Linked Lists",76,1,Easy,M1 -> M2 -> M5,85,44,Fair,Linked Lists & Doubly Linked Lists
STU0461,Riya Patel,25,Male,High School,Kinesthetic,2.84,100,5,53.5,60,Greedy Algorithms & Backtracking,"Stacks & Queues, Machine Learning Foundations, Graph Algorithms, Arrays & Hash Maps, Linked Lists & Doubly Linked Lists, Greedy Algorithms & Backtracking",67,2,Hard,M1 -> M3 -> M6,87,90,Excellent,System Design Basics & Caching
STU0462,Neha Miller,22,Male,High School,Kinesthetic,2.06,72,2,24.7,10,System Design Basics & Caching,System Design Basics & Caching,83,0,Easy,M1 -> M3 -> M4,72,66,Fair,Machine Learning Foundations
STU0463,Aditya Nair,25,Male,High School,Auditory,3.42,61,2,23.9,50,Greedy Algorithms & Backtracking,"Greedy Algorithms & Backtracking, Dynamic Programming, System Design Basics & Caching, Linked Lists & Doubly Linked Lists, Stacks & Queues",77,3,Hard,M1 -> M2 -> M4,85,64,Good,Machine Learning Foundations
STU0464,Mason Jones,24,Female,UG,Kinesthetic,2.22,75,1,58.1,70,Dynamic Programming,"Trees & Binary Search Trees, Sorting & Searching Algorithms, System Design Basics & Caching, Greedy Algorithms & Backtracking, Arrays & Hash Maps, Machine Learning Foundations, Linked Lists & Doubly Linked Lists",76,4,Easy,M1 -> M3 -> M4,75,75,Excellent,Greedy Algorithms & Backtracking
STU0465,Riya Kumar,23,Male,High School,Visual,3.31,70,3,24.6,60,Stacks & Queues,"Sorting & Searching Algorithms, Linked Lists & Doubly Linked Lists, Arrays & Hash Maps, Stacks & Queues, Machine Learning Foundations, Greedy Algorithms & Backtracking",96,2,Hard,M1 -> M3 -> M5,76,76,Fair,Stacks & Queues
STU0466,Vikram Gupta,26,Female,PG,Kinesthetic,3.89,68,3,51.6,20,Machine Learning Foundations,"Dynamic Programming, Machine Learning Foundations",72,1,Medium,M1 -> M2 -> M5,73,61,Good,Sorting & Searching Algorithms
STU0467,Dev Kumar,23,Female,High School,Kinesthetic,2.04,81,4,27.8,10,Machine Learning Foundations,Arrays & Hash Maps,85,0,Easy,M1 -> M3 -> M6,72,86,Good,Trees & Binary Search Trees
STU0468,Priya Brown,22,Female,UG,Auditory,2.8,83,3,57.2,90,Sorting & Searching Algorithms,"Greedy Algorithms & Backtracking, Arrays & Hash Maps, Dynamic Programming, Stacks & Queues, Sorting & Searching Algorithms, Trees & Binary Search Trees, Graph Algorithms, Machine Learning Foundations, System Design Basics & Caching",66,0,Medium,M1 -> M2 -> M4,97,86,Good,Greedy Algorithms & Backtracking
STU0469,Sneha Kumar,19,Male,PG,Auditory,3.63,64,5,50.6,90,Arrays & Hash Maps,"Arrays & Hash Maps, Graph Algorithms, Machine Learning Foundations, Greedy Algorithms & Backtracking, Dynamic Programming, Stacks & Queues, Sorting & Searching Algorithms, Linked Lists & Doubly Linked Lists, System Design Basics & Caching",84,2,Easy,M1 -> M4 -> M5,74,64,Fair,Sorting & Searching Algorithms
STU0470,Ava Singh,24,Female,PG,Visual,3.04,63,4,25.2,40,Machine Learning Foundations,"Greedy Algorithms & Backtracking, Machine Learning Foundations, Graph Algorithms, Stacks & Queues",76,2,Hard,M1 -> M4 -> M4,90,59,Good,Stacks & Queues
STU0471,Liam Patel,19,Female,High School,Visual,2.03,67,3,24.4,40,Greedy Algorithms & Backtracking,"Dynamic Programming, Trees & Binary Search Trees, Greedy Algorithms & Backtracking, Arrays & Hash Maps",97,4,Medium,M1 -> M3 -> M6,90,61,Good,Stacks & Queues
STU0472,Ava Miller,19,Male,High School,Auditory,2.77,37,3,57.8,80,Machine Learning Foundations,"System Design Basics & Caching, Trees & Binary Search Trees, Dynamic Programming, Linked Lists & Doubly Linked Lists, Arrays & Hash Maps, Stacks & Queues, Machine Learning Foundations, Sorting & Searching Algorithms",96,5,Easy,M1 -> M4 -> M4,70,41,Fail,Linked Lists & Doubly Linked Lists
STU0473,Neha Nair,18,Female,PG,Kinesthetic,2.91,49,2,32.9,50,Linked Lists & Doubly Linked Lists,"System Design Basics & Caching, Linked Lists & Doubly Linked Lists, Sorting & Searching Algorithms, Trees & Binary Search Trees, Machine Learning Foundations",87,4,Easy,M1 -> M3 -> M5,71,59,Fair,Linked Lists & Doubly Linked Lists
STU0474,Arjun Brown,21,Female,High School,Auditory,2.35,92,1,44.1,50,System Design Basics & Caching,"Machine Learning Foundations, Greedy Algorithms & Backtracking, Dynamic Programming, Arrays & Hash Maps, Sorting & Searching Algorithms",67,1,Easy,M1 -> M4 -> M5,72,99,Excellent,Graph Algorithms
STU0475,Priya Nair,21,Female,UG,Auditory,2.2,96,3,46.8,50,Greedy Algorithms & Backtracking,"Trees & Binary Search Trees, Stacks & Queues, Machine Learning Foundations, System Design Basics & Caching, Sorting & Searching Algorithms",78,5,Hard,M1 -> M4 -> M6,85,95,Excellent,Graph Algorithms
STU0476,Ava Mehta,20,Female,PG,Visual,2.33,68,2,58.8,60,Greedy Algorithms & Backtracking,"Stacks & Queues, Arrays & Hash Maps, Greedy Algorithms & Backtracking, Trees & Binary Search Trees, Machine Learning Foundations, System Design Basics & Caching",64,1,Medium,M1 -> M4 -> M5,88,58,Fair,Stacks & Queues
STU0477,Meera Mehta,25,Male,High School,Visual,3.13,80,1,19.5,50,Trees & Binary Search Trees,"System Design Basics & Caching, Machine Learning Foundations, Stacks & Queues, Dynamic Programming, Linked Lists & Doubly Linked Lists",81,3,Hard,M1 -> M4 -> M5,85,78,Excellent,Trees & Binary Search Trees
STU0478,Kavya Jones,18,Female,UG,Kinesthetic,2.67,76,2,31.1,90,Machine Learning Foundations,"Greedy Algorithms & Backtracking, Linked Lists & Doubly Linked Lists, Graph Algorithms, Sorting & Searching Algorithms, Machine Learning Foundations, Arrays & Hash Maps, System Design Basics & Caching, Trees & Binary Search Trees, Dynamic Programming",61,1,Hard,M1 -> M3 -> M4,72,72,Excellent,Greedy Algorithms & Backtracking
STU0479,Isabella Williams,19,Female,PG,Kinesthetic,3.09,100,3,23.6,80,System Design Basics & Caching,"Stacks & Queues, Graph Algorithms, Sorting & Searching Algorithms, Machine Learning Foundations, Trees & Binary Search Trees, System Design Basics & Caching, Greedy Algorithms & Backtracking, Linked Lists & Doubly Linked Lists",97,4,Medium,M1 -> M4 -> M4,95,100,Excellent,Dynamic Programming
STU0480,Yash Johnson,22,Male,High School,Auditory,3.85,88,5,40.1,30,Greedy Algorithms & Backtracking,"Stacks & Queues, System Design Basics & Caching, Graph Algorithms",70,2,Easy,M1 -> M2 -> M5,84,79,Excellent,Graph Algorithms
STU0481,Vikram Rao,19,Male,UG,Auditory,2.01,70,5,22.0,60,Arrays & Hash Maps,"Arrays & Hash Maps, Graph Algorithms, Stacks & Queues, Greedy Algorithms & Backtracking, Dynamic Programming, System Design Basics & Caching",65,5,Easy,M1 -> M3 -> M6,79,67,Fair,Sorting & Searching Algorithms
STU0482,Ananya Garcia,23,Male,PG,Kinesthetic,2.77,57,5,21.3,70,Linked Lists & Doubly Linked Lists,"Graph Algorithms, Machine Learning Foundations, System Design Basics & Caching, Linked Lists & Doubly Linked Lists, Greedy Algorithms & Backtracking, Trees & Binary Search Trees, Stacks & Queues",72,2,Medium,M1 -> M3 -> M4,88,67,Fair,Arrays & Hash Maps
STU0483,Dev Davis,20,Female,UG,Visual,2.28,47,4,16.2,80,Sorting & Searching Algorithms,"System Design Basics & Caching, Sorting & Searching Algorithms, Greedy Algorithms & Backtracking, Stacks & Queues, Trees & Binary Search Trees, Machine Learning Foundations, Graph Algorithms, Linked Lists & Doubly Linked Lists",95,0,Hard,M1 -> M2 -> M4,99,46,Fair,Arrays & Hash Maps
STU0484,Olivia Mehta,26,Female,High School,Kinesthetic,3.09,75,1,17.5,100,Graph Algorithms,"Arrays & Hash Maps, Dynamic Programming, Stacks & Queues, Trees & Binary Search Trees, Sorting & Searching Algorithms, Machine Learning Foundations, System Design Basics & Caching, Greedy Algorithms & Backtracking, Linked Lists & Doubly Linked Lists, Graph Algorithms",66,2,Hard,M1 -> M4 -> M5,80,66,Excellent,Trees & Binary Search Trees
STU0485,Priya Rodriguez,26,Male,PG,Visual,3.03,60,1,18.0,90,Greedy Algorithms & Backtracking,"Stacks & Queues, Trees & Binary Search Trees, Machine Learning Foundations, Greedy Algorithms & Backtracking, Sorting & Searching Algorithms, Dynamic Programming, Arrays & Hash Maps, Linked Lists & Doubly Linked Lists, System Design Basics & Caching",69,4,Easy,M1 -> M2 -> M4,85,50,Fair,Stacks & Queues
STU0486,Ethan Miller,25,Female,High School,Visual,2.6,50,2,43.6,80,Stacks & Queues,"Trees & Binary Search Trees, System Design Basics & Caching, Graph Algorithms, Dynamic Programming, Greedy Algorithms & Backtracking, Machine Learning Foundations, Arrays & Hash Maps, Linked Lists & Doubly Linked Lists",71,1,Hard,M1 -> M2 -> M6,92,57,Fail,Linked Lists & Doubly Linked Lists
STU0487,Vikram Garcia,25,Female,UG,Kinesthetic,2.2,62,1,27.8,100,Greedy Algorithms & Backtracking,"Sorting & Searching Algorithms, Graph Algorithms, Dynamic Programming, Trees & Binary Search Trees, Machine Learning Foundations, Arrays & Hash Maps, Greedy Algorithms & Backtracking, Linked Lists & Doubly Linked Lists, Stacks & Queues, System Design Basics & Caching",67,4,Hard,M1 -> M2 -> M6,98,71,Good,Machine Learning Foundations
STU0488,Dev Verma,23,Male,UG,Kinesthetic,2.92,55,5,53.5,10,Stacks & Queues,Sorting & Searching Algorithms,92,1,Easy,M1 -> M4 -> M4,90,49,Fair,Arrays & Hash Maps
STU0489,Kavya Rodriguez,23,Female,PG,Visual,2.56,97,2,40.9,50,Dynamic Programming,"Linked Lists & Doubly Linked Lists, Greedy Algorithms & Backtracking, Dynamic Programming, Trees & Binary Search Trees, Graph Algorithms",92,5,Medium,M1 -> M2 -> M6,88,100,Excellent,System Design Basics & Caching
STU0490,Kavya Rodriguez,24,Male,High School,Visual,3.7,85,4,29.6,30,Trees & Binary Search Trees,"Linked Lists & Doubly Linked Lists, Machine Learning Foundations, Greedy Algorithms & Backtracking",74,5,Medium,M1 -> M2 -> M6,94,88,Good,Trees & Binary Search Trees
STU0491,Isabella Patel,18,Female,High School,Visual,3.69,71,2,29.5,20,Greedy Algorithms & Backtracking,"Sorting & Searching Algorithms, Arrays & Hash Maps",88,3,Medium,M1 -> M2 -> M5,84,70,Fair,Machine Learning Foundations
STU0492,Sneha Joshi,20,Female,PG,Visual,2.17,94,1,51.5,10,Linked Lists & Doubly Linked Lists,Trees & Binary Search Trees,60,2,Easy,M1 -> M4 -> M6,80,89,Excellent,System Design Basics & Caching
STU0493,Emma Miller,25,Male,High School,Kinesthetic,3.66,73,1,40.6,90,Sorting & Searching Algorithms,"Sorting & Searching Algorithms, System Design Basics & Caching, Stacks & Queues, Dynamic Programming, Arrays & Hash Maps, Trees & Binary Search Trees, Graph Algorithms, Greedy Algorithms & Backtracking, Linked Lists & Doubly Linked Lists",68,4,Easy,M1 -> M3 -> M4,89,80,Fair,Machine Learning Foundations
STU0494,Karan Sharma,21,Female,UG,Auditory,3.41,59,5,40.9,20,Stacks & Queues,"Graph Algorithms, Linked Lists & Doubly Linked Lists",93,4,Hard,M1 -> M4 -> M4,92,52,Fair,Arrays & Hash Maps
STU0495,Yash Garcia,22,Male,High School,Auditory,2.84,94,3,56.6,40,Sorting & Searching Algorithms,"Arrays & Hash Maps, Stacks & Queues, Trees & Binary Search Trees, Graph Algorithms",63,1,Hard,M1 -> M4 -> M6,96,85,Excellent,System Design Basics & Caching
STU0496,Kavya Patel,24,Male,PG,Auditory,3.89,80,3,34.4,50,Arrays & Hash Maps,"Linked Lists & Doubly Linked Lists, Arrays & Hash Maps, Greedy Algorithms & Backtracking, Graph Algorithms, Machine Learning Foundations",79,1,Hard,M1 -> M2 -> M6,97,82,Good,Trees & Binary Search Trees
STU0497,Emma Sharma,26,Female,High School,Auditory,3.53,56,1,34.7,30,Dynamic Programming,"Dynamic Programming, System Design Basics & Caching, Stacks & Queues",99,2,Easy,M1 -> M3 -> M4,77,48,Fair,Linked Lists & Doubly Linked Lists
STU0498,Yash Sharma,21,Female,PG,Kinesthetic,3.14,69,1,17.5,10,Trees & Binary Search Trees,Arrays & Hash Maps,88,1,Hard,M1 -> M3 -> M6,98,66,Good,Machine Learning Foundations
STU0499,Ishita Singh,24,Female,PG,Visual,3.31,58,4,46.7,20,Graph Algorithms,"System Design Basics & Caching, Trees & Binary Search Trees",82,1,Medium,M1 -> M3 -> M6,97,68,Fair,Arrays & Hash Maps
STU0500,Sneha Miller,22,Female,PG,Kinesthetic,3.01,51,5,36.9,10,Sorting & Searching Algorithms,Dynamic Programming,65,1,Hard,M1 -> M3 -> M6,76,44,Fail,Arrays & Hash Maps
STU0501,Kavya Singh,18,Male,PG,Auditory,3.3,85,1,17.7,80,Linked Lists & Doubly Linked Lists,"Arrays & Hash Maps, Greedy Algorithms & Backtracking, Machine Learning Foundations, Stacks & Queues, Dynamic Programming, Graph Algorithms, Trees & Binary Search Trees, Linked Lists & Doubly Linked Lists",99,3,Easy,M1 -> M3 -> M5,77,81,Excellent,Greedy Algorithms & Backtracking
STU0502,Arjun Kumar,24,Male,PG,Auditory,2.06,100,1,30.3,60,Arrays & Hash Maps,"Machine Learning Foundations, Sorting & Searching Algorithms, Graph Algorithms, Dynamic Programming, Greedy Algorithms & Backtracking, Linked Lists & Doubly Linked Lists",99,3,Easy,M1 -> M4 -> M6,95,93,Excellent,System Design Basics & Caching
STU0503,Tanvi Williams,22,Female,UG,Kinesthetic,3.44,51,1,59.9,90,Graph Algorithms,"Stacks & Queues, Dynamic Programming, Greedy Algorithms & Backtracking, Sorting & Searching Algorithms, Linked Lists & Doubly Linked Lists, System Design Basics & Caching, Arrays & Hash Maps, Graph Algorithms, Machine Learning Foundations",94,2,Medium,M1 -> M2 -> M6,81,49,Fair,Linked Lists & Doubly Linked Lists
STU0504,Emma Nair,18,Male,UG,Kinesthetic,3.32,80,4,16.7,50,Stacks & Queues,"Greedy Algorithms & Backtracking, Machine Learning Foundations, Arrays & Hash Maps, Trees & Binary Search Trees, System Design Basics & Caching",82,3,Hard,M1 -> M3 -> M4,100,72,Good,Greedy Algorithms & Backtracking
STU0505,Aditya Martinez,26,Female,High School,Auditory,2.36,62,2,54.2,50,Graph Algorithms,"Greedy Algorithms & Backtracking, Stacks & Queues, Trees & Binary Search Trees, Sorting & Searching Algorithms, Linked Lists & Doubly Linked Lists",63,1,Medium,M1 -> M4 -> M6,88,62,Fair,Stacks & Queues
STU0506,Ananya Davis,21,Male,PG,Auditory,3.95,64,1,42.0,10,Sorting & Searching Algorithms,System Design Basics & Caching,82,0,Easy,M1 -> M4 -> M4,76,64,Fair,Sorting & Searching Algorithms
STU0507,Yash Johnson,24,Male,PG,Auditory,3.75,63,4,55.4,30,Arrays & Hash Maps,"Sorting & Searching Algorithms, Machine Learning Foundations, System Design Basics & Caching",83,3,Easy,M1 -> M4 -> M4,81,54,Good,Sorting & Searching Algorithms
STU0508,Ishita Singh,18,Male,PG,Visual,3.62,59,1,58.1,90,System Design Basics & Caching,"Machine Learning Foundations, Sorting & Searching Algorithms, Trees & Binary Search Trees, Greedy Algorithms & Backtracking, Graph Algorithms, Arrays & Hash Maps, Linked Lists & Doubly Linked Lists, Dynamic Programming, System Design Basics & Caching",74,4,Easy,M1 -> M4 -> M6,97,65,Fair,Linked Lists & Doubly Linked Lists
STU0509,Olivia Verma,25,Female,UG,Auditory,2.39,72,4,48.0,100,Graph Algorithms,"Trees & Binary Search Trees, Sorting & Searching Algorithms, Machine Learning Foundations, Dynamic Programming, Stacks & Queues, Linked Lists & Doubly Linked Lists, Greedy Algorithms & Backtracking, Graph Algorithms, Arrays & Hash Maps, System Design Basics & Caching",86,2,Medium,M1 -> M3 -> M6,89,69,Fair,Machine Learning Foundations
STU0510,Dev Brown,21,Male,PG,Visual,3.55,59,4,33.9,70,Machine Learning Foundations,"Stacks & Queues, Graph Algorithms, System Design Basics & Caching, Machine Learning Foundations, Dynamic Programming, Arrays & Hash Maps, Greedy Algorithms & Backtracking",69,4,Easy,M1 -> M2 -> M5,75,52,Fail,Arrays & Hash Maps
STU0511,Riya Nair,26,Female,PG,Visual,2.25,76,2,59.5,10,Dynamic Programming,Arrays & Hash Maps,68,4,Easy,M1 -> M3 -> M5,82,83,Excellent,Greedy Algorithms & Backtracking
STU0512,Sneha Rao,19,Female,UG,Kinesthetic,3.22,71,4,56.0,20,Arrays & Hash Maps,"Linked Lists & Doubly Linked Lists, Sorting & Searching Algorithms",100,3,Hard,M1 -> M3 -> M5,74,66,Good,Machine Learning Foundations
STU0513,Sophia Rodriguez,26,Male,High School,Visual,3.19,68,3,57.5,60,Greedy Algorithms & Backtracking,"Dynamic Programming, Sorting & Searching Algorithms, Greedy Algorithms & Backtracking, Linked Lists & Doubly Linked Lists, Graph Algorithms, System Design Basics & Caching",66,1,Hard,M1 -> M2 -> M6,98,74,Good,Stacks & Queues
STU0514,Yash Miller,24,Female,UG,Auditory,2.64,58,5,27.5,30,Stacks & Queues,"Arrays & Hash Maps, Trees & Binary Search Trees, Dynamic Programming",99,2,Medium,M1 -> M2 -> M5,85,62,Fail,Linked Lists & Doubly Linked Lists
STU0515,Sneha Kumar,22,Female,PG,Visual,3.85,63,1,58.2,50,Stacks & Queues,"Linked Lists & Doubly Linked Lists, Trees & Binary Search Trees, Stacks & Queues, Arrays & Hash Maps, Graph Algorithms",94,4,Medium,M1 -> M3 -> M4,76,62,Fair,Stacks & Queues
STU0516,Yash Brown,25,Male,UG,Auditory,3.84,83,3,18.9,20,Greedy Algorithms & Backtracking,"Dynamic Programming, Greedy Algorithms & Backtracking",68,2,Hard,M1 -> M3 -> M4,95,80,Good,Greedy Algorithms & Backtracking
STU0517,Sophia Patel,23,Male,PG,Auditory,2.55,79,1,26.1,90,Linked Lists & Doubly Linked Lists,"Sorting & Searching Algorithms, Arrays & Hash Maps, Dynamic Programming, System Design Basics & Caching, Machine Learning Foundations, Graph Algorithms, Stacks & Queues, Greedy Algorithms & Backtracking, Trees & Binary Search Trees",97,3,Medium,M1 -> M4 -> M4,85,73,Good,Greedy Algorithms & Backtracking
STU0518,Meera Kumar,25,Female,High School,Visual,3.27,57,4,18.0,20,System Design Basics & Caching,"Trees & Binary Search Trees, Arrays & Hash Maps",95,4,Hard,M1 -> M2 -> M5,78,66,Fail,Arrays & Hash Maps
STU0519,Arjun Rodriguez,21,Female,UG,Kinesthetic,3.31,73,4,50.9,30,Graph Algorithms,"Trees & Binary Search Trees, Graph Algorithms, Greedy Algorithms & Backtracking",85,4,Easy,M1 -> M3 -> M4,73,72,Good,Machine Learning Foundations
STU0520,Riya Jones,23,Male,PG,Auditory,2.23,83,4,45.9,80,Sorting & Searching Algorithms,"Linked Lists & Doubly Linked Lists, Sorting & Searching Algorithms, Dynamic Programming, System Design Basics & Caching, Machine Learning Foundations, Trees & Binary Search Trees, Graph Algorithms, Stacks & Queues",61,2,Hard,M1 -> M3 -> M4,94,83,Good,Greedy Algorithms & Backtracking
STU0521,Aditya Smith,24,Female,UG,Auditory,2.8,46,2,30.3,10,Graph Algorithms,Greedy Algorithms & Backtracking,62,2,Hard,M1 -> M4 -> M4,76,56,Fail,Linked Lists & Doubly Linked Lists
STU0522,Priya Martinez,23,Male,PG,Kinesthetic,2.04,80,3,56.1,10,Dynamic Programming,Linked Lists & Doubly Linked Lists,95,0,Easy,M1 -> M3 -> M6,75,87,Good,Greedy Algorithms & Backtracking
STU0523,Arjun Mehta,22,Male,UG,Auditory,2.83,62,2,27.7,90,Trees & Binary Search Trees,"Arrays & Hash Maps, Machine Learning Foundations, System Design Basics & Caching, Dynamic Programming, Graph Algorithms, Greedy Algorithms & Backtracking, Trees & Binary Search Trees, Linked Lists & Doubly Linked Lists, Sorting & Searching Algorithms",61,1,Hard,M1 -> M2 -> M5,73,64,Fair,Sorting & Searching Algorithms
STU0524,Alex Williams,20,Female,High School,Visual,2.15,80,2,52.4,70,Arrays & Hash Maps,"Arrays & Hash Maps, System Design Basics & Caching, Stacks & Queues, Machine Learning Foundations, Sorting & Searching Algorithms, Graph Algorithms, Trees & Binary Search Trees",79,2,Medium,M1 -> M3 -> M5,76,73,Good,Trees & Binary Search Trees
STU0525,Aditya Rodriguez,25,Female,UG,Auditory,2.19,60,4,15.8,70,System Design Basics & Caching,"Graph Algorithms, Greedy Algorithms & Backtracking, Machine Learning Foundations, Sorting & Searching Algorithms, System Design Basics & Caching, Dynamic Programming, Linked Lists & Doubly Linked Lists",91,5,Easy,M1 -> M4 -> M6,84,57,Good,Sorting & Searching Algorithms
STU0526,Yash Sharma,24,Male,UG,Auditory,2.95,44,1,19.3,20,Graph Algorithms,"Sorting & Searching Algorithms, Stacks & Queues",70,1,Easy,M1 -> M4 -> M4,74,46,Fair,Linked Lists & Doubly Linked Lists
STU0527,Pooja Garcia,26,Male,High School,Auditory,2.5,47,5,33.3,50,Sorting & Searching Algorithms,"Stacks & Queues, Arrays & Hash Maps, Sorting & Searching Algorithms, Greedy Algorithms & Backtracking, Graph Algorithms",60,2,Medium,M1 -> M4 -> M5,100,57,Fair,Arrays & Hash Maps
STU0528,Sneha Smith,25,Female,PG,Kinesthetic,3.72,72,4,20.7,20,Linked Lists & Doubly Linked Lists,"Dynamic Programming, Linked Lists & Doubly Linked Lists",60,1,Medium,M1 -> M2 -> M4,97,65,Fair,Machine Learning Foundations
STU0529,Ananya Brown,25,Male,PG,Kinesthetic,2.97,75,5,55.0,90,Dynamic Programming,"Dynamic Programming, Arrays & Hash Maps, Graph Algorithms, System Design Basics & Caching, Trees & Binary Search Trees, Stacks & Queues, Greedy Algorithms & Backtracking, Sorting & Searching Algorithms, Linked Lists & Doubly Linked Lists",96,5,Easy,M1 -> M4 -> M6,95,84,Excellent,Greedy Algorithms & Backtracking
STU0530,Liam Johnson,26,Female,UG,Auditory,2.42,58,2,21.8,60,Stacks & Queues,"Stacks & Queues, System Design Basics & Caching, Greedy Algorithms & Backtracking, Arrays & Hash Maps, Machine Learning Foundations, Trees & Binary Search Trees",64,0,Easy,M1 -> M2 -> M6,87,62,Fail,Linked Lists & Doubly Linked Lists
STU0531,Karan Gupta,18,Female,PG,Visual,2.13,81,3,40.3,90,Trees & Binary Search Trees,"Sorting & Searching Algorithms, Arrays & Hash Maps, Trees & Binary Search Trees, Stacks & Queues, Dynamic Programming, Greedy Algorithms & Backtracking, Machine Learning Foundations, Linked Lists & Doubly Linked Lists, Graph Algorithms",72,0,Medium,M1 -> M4 -> M4,75,79,Good,Greedy Algorithms & Backtracking
STU0532,Yash Gupta,20,Female,UG,Kinesthetic,3.54,47,2,36.4,100,Machine Learning Foundations,"Graph Algorithms, Greedy Algorithms & Backtracking, Trees & Binary Search Trees, Linked Lists & Doubly Linked Lists, Arrays & Hash Maps, Dynamic Programming, Machine Learning Foundations, Sorting & Searching Algorithms, Stacks & Queues, System Design Basics & Caching",60,2,Medium,M1 -> M4 -> M5,91,52,Fail,Arrays & Hash Maps
STU0533,Karan Rao,26,Male,High School,Kinesthetic,2.79,71,2,57.5,70,Greedy Algorithms & Backtracking,"Sorting & Searching Algorithms, Graph Algorithms, Machine Learning Foundations, System Design Basics & Caching, Arrays & Hash Maps, Dynamic Programming, Linked Lists & Doubly Linked Lists",77,5,Medium,M1 -> M3 -> M6,91,64,Good,Sorting & Searching Algorithms
STU0534,Tanvi Brown,23,Male,High School,Auditory,3.71,53,1,23.8,60,Dynamic Programming,"Trees & Binary Search Trees, System Design Basics & Caching, Machine Learning Foundations, Greedy Algorithms & Backtracking, Stacks & Queues, Linked Lists & Doubly Linked Lists",83,4,Medium,M1 -> M3 -> M4,99,51,Fair,Linked Lists & Doubly Linked Lists
STU0535,Siddharth Sharma,22,Male,PG,Auditory,3.28,62,4,22.8,70,Arrays & Hash Maps,"Graph Algorithms, Machine Learning Foundations, Arrays & Hash Maps, System Design Basics & Caching, Greedy Algorithms & Backtracking, Trees & Binary Search Trees, Dynamic Programming",94,0,Easy,M1 -> M4 -> M6,97,56,Fair,Stacks & Queues
STU0536,Rohan Brown,19,Male,UG,Kinesthetic,3.42,72,3,52.7,60,Linked Lists & Doubly Linked Lists,"System Design Basics & Caching, Graph Algorithms, Trees & Binary Search Trees, Sorting & Searching Algorithms, Machine Learning Foundations, Arrays & Hash Maps",80,5,Hard,M1 -> M4 -> M4,82,75,Good,Machine Learning Foundations
STU0537,Ethan Verma,19,Male,PG,Visual,3.46,59,3,42.4,20,Stacks & Queues,"Greedy Algorithms & Backtracking, Arrays & Hash Maps",92,3,Hard,M1 -> M3 -> M5,81,52,Fail,Arrays & Hash Maps
STU0538,Karan Jones,19,Female,High School,Visual,3.84,66,2,50.5,30,Linked Lists & Doubly Linked Lists,"Stacks & Queues, Sorting & Searching Algorithms, Arrays & Hash Maps",73,5,Medium,M1 -> M4 -> M4,96,76,Fair,Stacks & Queues
STU0539,Mason Joshi,20,Female,High School,Auditory,3.41,87,2,52.6,30,Graph Algorithms,"Stacks & Queues, Sorting & Searching Algorithms, Dynamic Programming",77,1,Medium,M1 -> M3 -> M6,78,79,Excellent,Trees & Binary Search Trees
STU0540,Meera Johnson,23,Female,PG,Kinesthetic,2.9,63,5,40.6,30,Arrays & Hash Maps,"Machine Learning Foundations, Dynamic Programming, Stacks & Queues",87,2,Hard,M1 -> M2 -> M5,100,69,Good,Machine Learning Foundations
STU0541,Tanvi Nair,19,Male,UG,Visual,2.94,84,2,36.4,10,Linked Lists & Doubly Linked Lists,System Design Basics & Caching,89,4,Easy,M1 -> M4 -> M6,80,77,Excellent,Greedy Algorithms & Backtracking
STU0542,Alex Johnson,18,Male,UG,Auditory,2.67,55,2,36.0,20,Stacks & Queues,"Sorting & Searching Algorithms, Graph Algorithms",71,0,Hard,M1 -> M4 -> M6,83,57,Fair,Linked Lists & Doubly Linked Lists
STU0543,Meera Mehta,22,Female,PG,Auditory,2.97,79,5,16.3,70,Graph Algorithms,"Arrays & Hash Maps, Trees & Binary Search Trees, Linked Lists & Doubly Linked Lists, System Design Basics & Caching, Dynamic Programming, Stacks & Queues, Sorting & Searching Algorithms",92,1,Easy,M1 -> M4 -> M4,91,79,Good,Greedy Algorithms & Backtracking
STU0544,Olivia Verma,19,Female,High School,Auditory,2.92,93,2,28.6,30,Greedy Algorithms & Backtracking,"Arrays & Hash Maps, Stacks & Queues, Trees & Binary Search Trees",65,1,Easy,M1 -> M2 -> M5,93,90,Excellent,System Design Basics & Caching
STU0545,Rahul Davis,23,Male,UG,Visual,2.69,34,4,20.8,80,System Design Basics & Caching,"Dynamic Programming, Trees & Binary Search Trees, Greedy Algorithms & Backtracking, Sorting & Searching Algorithms, System Design Basics & Caching, Machine Learning Foundations, Linked Lists & Doubly Linked Lists, Arrays & Hash Maps",68,3,Medium,M1 -> M4 -> M6,89,40,Fair,Arrays & Hash Maps
STU0546,Tanvi Patel,23,Female,PG,Kinesthetic,3.94,60,2,49.6,10,Trees & Binary Search Trees,Machine Learning Foundations,83,2,Medium,M1 -> M4 -> M6,99,52,Fair,Machine Learning Foundations
STU0547,Alex Mehta,20,Female,High School,Visual,2.42,80,4,45.4,70,Linked Lists & Doubly Linked Lists,"Sorting & Searching Algorithms, Dynamic Programming, Stacks & Queues, Trees & Binary Search Trees, Linked Lists & Doubly Linked Lists, Greedy Algorithms & Backtracking, Graph Algorithms",90,0,Medium,M1 -> M2 -> M4,91,86,Excellent,Trees & Binary Search Trees
STU0548,Ethan Gupta,25,Male,UG,Kinesthetic,3.47,68,1,36.9,70,Arrays & Hash Maps,"Stacks & Queues, Sorting & Searching Algorithms, Machine Learning Foundations, Graph Algorithms, Dynamic Programming, Trees & Binary Search Trees, System Design Basics & Caching",85,3,Hard,M1 -> M3 -> M5,90,61,Good,Machine Learning Foundations
STU0549,Pooja Jones,26,Female,UG,Kinesthetic,2.67,77,5,26.6,90,Sorting & Searching Algorithms,"Linked Lists & Doubly Linked Lists, Stacks & Queues, Dynamic Programming, Graph Algorithms, Trees & Binary Search Trees, Arrays & Hash Maps, Machine Learning Foundations, Greedy Algorithms & Backtracking, Sorting & Searching Algorithms",92,4,Medium,M1 -> M3 -> M4,79,68,Excellent,Greedy Algorithms & Backtracking
STU0550,Priya Garcia,25,Female,High School,Kinesthetic,3.37,62,2,28.2,50,Dynamic Programming,"Sorting & Searching Algorithms, Graph Algorithms, Arrays & Hash Maps, System Design Basics & Caching, Stacks & Queues",86,0,Hard,M1 -> M4 -> M4,73,63,Good,Machine Learning Foundations
STU0551,Sophia Verma,26,Female,High School,Visual,2.17,73,4,55.2,20,Stacks & Queues,"Stacks & Queues, Greedy Algorithms & Backtracking",82,3,Hard,M1 -> M4 -> M6,84,64,Fair,Stacks & Queues
STU0552,Rohan Smith,23,Male,High School,Kinesthetic,3.95,69,3,56.7,20,Dynamic Programming,"System Design Basics & Caching, Linked Lists & Doubly Linked Lists",79,3,Hard,M1 -> M4 -> M5,90,61,Fair,Machine Learning Foundations
STU0553,Ethan Brown,19,Male,PG,Auditory,3.99,89,3,37.6,100,System Design Basics & Caching,"System Design Basics & Caching, Trees & Binary Search Trees, Arrays & Hash Maps, Stacks & Queues, Graph Algorithms, Machine Learning Foundations, Linked Lists & Doubly Linked Lists, Sorting & Searching Algorithms, Dynamic Programming, Greedy Algorithms & Backtracking",62,4,Medium,M1 -> M2 -> M6,78,79,Excellent,Graph Algorithms
STU0554,Riya Joshi,18,Female,PG,Visual,2.55,75,5,28.0,80,Machine Learning Foundations,"Sorting & Searching Algorithms, Linked Lists & Doubly Linked Lists, Trees & Binary Search Trees, System Design Basics & Caching, Arrays & Hash Maps, Stacks & Queues, Dynamic Programming, Machine Learning Foundations",98,3,Medium,M1 -> M4 -> M5,99,82,Excellent,Greedy Algorithms & Backtracking
STU0555,Aarav Smith,23,Female,UG,Auditory,2.3,77,4,40.3,80,Trees & Binary Search Trees,"System Design Basics & Caching, Stacks & Queues, Dynamic Programming, Machine Learning Foundations, Trees & Binary Search Trees, Arrays & Hash Maps, Graph Algorithms, Greedy Algorithms & Backtracking",82,0,Medium,M1 -> M3 -> M5,84,81,Excellent,Greedy Algorithms & Backtracking
STU0556,Aarav Singh,20,Female,PG,Auditory,2.83,65,4,59.5,10,Graph Algorithms,System Design Basics & Caching,84,4,Easy,M1 -> M2 -> M5,76,58,Fair,Machine Learning Foundations
STU0557,Yash Rao,20,Male,PG,Auditory,3.1,64,3,37.6,60,Trees & Binary Search Trees,"Dynamic Programming, Graph Algorithms, Sorting & Searching Algorithms, Machine Learning Foundations, Stacks & Queues, Arrays & Hash Maps",94,3,Medium,M1 -> M3 -> M5,96,68,Good,Sorting & Searching Algorithms
STU0558,Neha Kumar,24,Female,High School,Kinesthetic,3.66,65,2,21.2,80,Stacks & Queues,"Linked Lists & Doubly Linked Lists, Dynamic Programming, System Design Basics & Caching, Trees & Binary Search Trees, Greedy Algorithms & Backtracking, Machine Learning Foundations, Arrays & Hash Maps, Stacks & Queues",99,4,Hard,M1 -> M2 -> M5,77,60,Good,Machine Learning Foundations
STU0559,Yash Garcia,19,Female,High School,Kinesthetic,3.2,77,4,57.2,70,System Design Basics & Caching,"System Design Basics & Caching, Trees & Binary Search Trees, Stacks & Queues, Machine Learning Foundations, Greedy Algorithms & Backtracking, Linked Lists & Doubly Linked Lists, Graph Algorithms",72,2,Medium,M1 -> M2 -> M6,84,74,Good,Trees & Binary Search Trees
STU0560,Emma Martinez,25,Male,High School,Auditory,3.0,65,2,35.8,20,Machine Learning Foundations,"Sorting & Searching Algorithms, Stacks & Queues",64,0,Medium,M1 -> M4 -> M5,72,68,Good,Sorting & Searching Algorithms
STU0561,Aditya Davis,19,Male,UG,Auditory,3.66,76,1,31.4,10,Graph Algorithms,Dynamic Programming,92,5,Easy,M1 -> M2 -> M4,97,74,Excellent,Greedy Algorithms & Backtracking
STU0562,Noah Rodriguez,19,Male,UG,Auditory,3.31,100,1,29.9,30,Trees & Binary Search Trees,"Greedy Algorithms & Backtracking, Trees & Binary Search Trees, Graph Algorithms",64,3,Medium,M1 -> M3 -> M4,80,99,Excellent,Dynamic Programming
STU0563,Liam Jones,23,Female,PG,Auditory,3.14,85,2,40.5,100,Arrays & Hash Maps,"Stacks & Queues, Machine Learning Foundations, Graph Algorithms, Arrays & Hash Maps, Linked Lists & Doubly Linked Lists, System Design Basics & Caching, Greedy Algorithms & Backtracking, Trees & Binary Search Trees, Sorting & Searching Algorithms, Dynamic Programming",79,3,Hard,M1 -> M2 -> M6,74,79,Excellent,Greedy Algorithms & Backtracking
STU0564,Pooja Rao,24,Female,PG,Visual,2.06,67,3,47.5,40,Machine Learning Foundations,"Graph Algorithms, Stacks & Queues, Arrays & Hash Maps, System Design Basics & Caching",93,3,Easy,M1 -> M3 -> M6,88,73,Fair,Stacks & Queues
STU0565,Karan Miller,23,Female,UG,Kinesthetic,2.34,90,2,25.1,90,Greedy Algorithms & Backtracking,"Stacks & Queues, Greedy Algorithms & Backtracking, Dynamic Programming, Arrays & Hash Maps, Sorting & Searching Algorithms, System Design Basics & Caching, Machine Learning Foundations, Graph Algorithms, Linked Lists & Doubly Linked Lists",77,4,Easy,M1 -> M2 -> M6,81,95,Excellent,System Design Basics & Caching
STU0566,Dev Rodriguez,18,Male,PG,Visual,2.73,65,3,37.8,10,Dynamic Programming,Linked Lists & Doubly Linked Lists,77,4,Hard,M1 -> M2 -> M5,86,62,Fair,Stacks & Queues
STU0567,Sneha Nair,20,Male,High School,Kinesthetic,3.43,41,1,48.4,30,Arrays & Hash Maps,"Machine Learning Foundations, Graph Algorithms, System Design Basics & Caching",64,1,Easy,M1 -> M2 -> M4,88,49,Fail,Linked Lists & Doubly Linked Lists
STU0568,Meera Jones,19,Male,UG,Kinesthetic,2.15,56,4,28.5,80,Linked Lists & Doubly Linked Lists,"Greedy Algorithms & Backtracking, Linked Lists & Doubly Linked Lists, Machine Learning Foundations, System Design Basics & Caching, Arrays & Hash Maps, Graph Algorithms, Dynamic Programming, Stacks & Queues",60,4,Hard,M1 -> M4 -> M5,76,64,Fail,Arrays & Hash Maps
STU0569,Olivia Martinez,25,Male,UG,Auditory,3.2,43,2,30.4,80,Stacks & Queues,"Sorting & Searching Algorithms, System Design Basics & Caching, Greedy Algorithms & Backtracking, Graph Algorithms, Stacks & Queues, Machine Learning Foundations, Dynamic Programming, Trees & Binary Search Trees",95,4,Medium,M1 -> M2 -> M4,70,43,Fair,Linked Lists & Doubly Linked Lists
STU0570,Mason Miller,25,Female,High School,Visual,2.13,66,2,50.0,70,Graph Algorithms,"Linked Lists & Doubly Linked Lists, Greedy Algorithms & Backtracking, Sorting & Searching Algorithms, System Design Basics & Caching, Dynamic Programming, Graph Algorithms, Machine Learning Foundations",74,1,Medium,M1 -> M3 -> M6,73,65,Good,Stacks & Queues
STU0571,Isabella Martinez,21,Male,UG,Visual,2.38,72,3,25.3,70,Stacks & Queues,"Stacks & Queues, Machine Learning Foundations, Sorting & Searching Algorithms, Graph Algorithms, Trees & Binary Search Trees, Dynamic Programming, Greedy Algorithms & Backtracking",76,3,Medium,M1 -> M3 -> M4,80,73,Good,Stacks & Queues
STU0572,Ethan Smith,25,Female,UG,Kinesthetic,2.79,97,3,15.9,70,Arrays & Hash Maps,"Dynamic Programming, Arrays & Hash Maps, Machine Learning Foundations, Stacks & Queues, Sorting & Searching Algorithms, Linked Lists & Doubly Linked Lists, Trees & Binary Search Trees",72,1,Medium,M1 -> M3 -> M5,70,97,Excellent,System Design Basics & Caching
STU0573,Riya Williams,23,Male,High School,Kinesthetic,3.01,76,4,57.4,50,Linked Lists & Doubly Linked Lists,"Linked Lists & Doubly Linked Lists, Trees & Binary Search Trees, Stacks & Queues, Greedy Algorithms & Backtracking, Sorting & Searching Algorithms",97,3,Hard,M1 -> M4 -> M5,100,81,Good,Trees & Binary Search Trees
STU0574,Sneha Nair,24,Male,High School,Visual,3.28,68,2,54.6,50,System Design Basics & Caching,"Sorting & Searching Algorithms, Greedy Algorithms & Backtracking, Graph Algorithms, Arrays & Hash Maps, Trees & Binary Search Trees",64,2,Hard,M1 -> M2 -> M4,79,76,Good,Stacks & Queues
STU0575,Vikram Davis,19,Female,High School,Auditory,3.15,84,3,58.1,50,System Design Basics & Caching,"System Design Basics & Caching, Graph Algorithms, Arrays & Hash Maps, Linked Lists & Doubly Linked Lists, Greedy Algorithms & Backtracking",83,3,Medium,M1 -> M2 -> M5,77,88,Good,Trees & Binary Search Trees
STU0576,Kavya Smith,21,Female,UG,Kinesthetic,3.5,38,4,34.2,10,Stacks & Queues,Linked Lists & Doubly Linked Lists,91,0,Easy,M1 -> M4 -> M5,88,41,Fail,Arrays & Hash Maps
STU0577,Ananya Miller,23,Female,UG,Kinesthetic,2.67,75,5,50.1,20,Linked Lists & Doubly Linked Lists,"Machine Learning Foundations, Linked Lists & Doubly Linked Lists",94,1,Hard,M1 -> M4 -> M5,90,71,Good,Greedy Algorithms & Backtracking
STU0578,Noah Patel,24,Female,UG,Auditory,3.78,83,4,38.7,30,Sorting & Searching Algorithms,"Linked Lists & Doubly Linked Lists, Stacks & Queues, Sorting & Searching Algorithms",87,0,Medium,M1 -> M2 -> M6,70,73,Excellent,Greedy Algorithms & Backtracking
STU0579,Sneha Smith,24,Male,UG,Visual,3.17,49,2,49.8,60,System Design Basics & Caching,"Greedy Algorithms & Backtracking, Trees & Binary Search Trees, Sorting & Searching Algorithms, Machine Learning Foundations, Graph Algorithms, Linked Lists & Doubly Linked Lists",73,2,Easy,M1 -> M4 -> M6,94,43,Fail,Linked Lists & Doubly Linked Lists
STU0580,Tanvi Johnson,19,Female,UG,Visual,3.32,89,2,49.8,40,Graph Algorithms,"Stacks & Queues, Dynamic Programming, Graph Algorithms, Linked Lists & Doubly Linked Lists",61,1,Medium,M1 -> M3 -> M4,70,93,Excellent,Dynamic Programming
STU0581,Ava Joshi,24,Male,UG,Auditory,2.8,77,5,56.1,40,Dynamic Programming,"Machine Learning Foundations, Linked Lists & Doubly Linked Lists, System Design Basics & Caching, Greedy Algorithms & Backtracking",93,0,Hard,M1 -> M2 -> M5,89,78,Good,Greedy Algorithms & Backtracking
STU0582,Sophia Smith,24,Male,High School,Visual,3.6,65,4,51.2,60,Greedy Algorithms & Backtracking,"Graph Algorithms, System Design Basics & Caching, Linked Lists & Doubly Linked Lists, Trees & Binary Search Trees, Arrays & Hash Maps, Sorting & Searching Algorithms",85,0,Hard,M1 -> M2 -> M5,79,62,Good,Stacks & Queues
STU0583,Liam Patel,24,Female,High School,Auditory,3.46,81,5,22.0,60,Arrays & Hash Maps,"Stacks & Queues, Trees & Binary Search Trees, Machine Learning Foundations, Graph Algorithms, Arrays & Hash Maps, Linked Lists & Doubly Linked Lists",90,0,Medium,M1 -> M3 -> M6,96,76,Excellent,Trees & Binary Search Trees
STU0584,Riya Kumar,20,Male,PG,Kinesthetic,2.36,100,2,28.8,20,Stacks & Queues,"Arrays & Hash Maps, Greedy Algorithms & Backtracking",100,2,Medium,M1 -> M3 -> M6,70,90,Excellent,System Design Basics & Caching
STU0585,Karan Sharma,25,Male,PG,Visual,3.83,74,5,47.5,10,System Design Basics & Caching,Dynamic Programming,70,1,Easy,M1 -> M2 -> M5,73,79,Fair,Sorting & Searching Algorithms
STU0586,Dev Brown,26,Female,High School,Kinesthetic,3.62,75,4,55.5,10,Graph Algorithms,Greedy Algorithms & Backtracking,76,1,Hard,M1 -> M4 -> M6,73,80,Excellent,Trees & Binary Search Trees
STU0587,Meera Rodriguez,21,Male,High School,Kinesthetic,2.26,65,3,54.9,30,Trees & Binary Search Trees,"Linked Lists & Doubly Linked Lists, Machine Learning Foundations, Dynamic Programming",66,1,Medium,M1 -> M4 -> M6,80,69,Fair,Machine Learning Foundations
STU0588,Emma Rodriguez,26,Female,High School,Auditory,2.84,59,2,59.1,30,Machine Learning Foundations,"Arrays & Hash Maps, Dynamic Programming, Machine Learning Foundations",60,1,Medium,M1 -> M2 -> M5,70,67,Fail,Linked Lists & Doubly Linked Lists
STU0589,Meera Garcia,23,Male,PG,Kinesthetic,2.81,84,3,44.5,40,Greedy Algorithms & Backtracking,"Machine Learning Foundations, Graph Algorithms, Greedy Algorithms & Backtracking, Arrays & Hash Maps",92,2,Medium,M1 -> M3 -> M5,94,91,Good,Greedy Algorithms & Backtracking
STU0590,Dev Gupta,23,Female,High School,Auditory,2.85,59,1,25.2,10,System Design Basics & Caching,Stacks & Queues,89,0,Medium,M1 -> M3 -> M5,83,66,Fail,Linked Lists & Doubly Linked Lists
STU0591,Rohan Miller,20,Female,PG,Visual,2.28,73,5,38.6,40,Arrays & Hash Maps,"Trees & Binary Search Trees, Sorting & Searching Algorithms, Stacks & Queues, Graph Algorithms",94,2,Easy,M1 -> M3 -> M4,91,68,Fair,Stacks & Queues
STU0592,Alex Martinez,21,Male,PG,Kinesthetic,2.85,64,5,58.7,40,Graph Algorithms,"Arrays & Hash Maps, Dynamic Programming, Graph Algorithms, Trees & Binary Search Trees",90,3,Medium,M1 -> M2 -> M4,92,71,Good,Machine Learning Foundations
STU0593,Emma Rao,21,Male,High School,Auditory,2.28,79,3,18.2,80,Stacks & Queues,"Trees & Binary Search Trees, Dynamic Programming, Stacks & Queues, Sorting & Searching Algorithms, Machine Learning Foundations, System Design Basics & Caching, Linked Lists & Doubly Linked Lists, Arrays & Hash Maps",77,1,Hard,M1 -> M4 -> M6,100,73,Good,Trees & Binary Search Trees
STU0594,Vikram Jones,20,Female,UG,Visual,3.27,77,2,18.2,90,Graph Algorithms,"System Design Basics & Caching, Linked Lists & Doubly Linked Lists, Greedy Algorithms & Backtracking, Machine Learning Foundations, Sorting & Searching Algorithms, Trees & Binary Search Trees, Stacks & Queues, Arrays & Hash Maps, Dynamic Programming",81,2,Easy,M1 -> M3 -> M5,90,81,Good,Greedy Algorithms & Backtracking
STU0595,Riya Rodriguez,20,Female,UG,Visual,3.05,87,2,54.1,20,Machine Learning Foundations,"Machine Learning Foundations, Sorting & Searching Algorithms",91,5,Easy,M1 -> M2 -> M6,97,85,Excellent,Greedy Algorithms & Backtracking
STU0596,Ethan Nair,22,Female,UG,Kinesthetic,3.67,64,2,41.6,60,Linked Lists & Doubly Linked Lists,"Arrays & Hash Maps, Linked Lists & Doubly Linked Lists, Greedy Algorithms & Backtracking, System Design Basics & Caching, Graph Algorithms, Trees & Binary Search Trees",77,0,Hard,M1 -> M4 -> M6,82,73,Good,Machine Learning Foundations
STU0597,Siddharth Williams,18,Male,PG,Kinesthetic,3.91,67,4,53.4,100,Linked Lists & Doubly Linked Lists,"Linked Lists & Doubly Linked Lists, Trees & Binary Search Trees, Sorting & Searching Algorithms, Graph Algorithms, Greedy Algorithms & Backtracking, Dynamic Programming, System Design Basics & Caching, Machine Learning Foundations, Arrays & Hash Maps, Stacks & Queues",96,4,Easy,M1 -> M4 -> M4,88,62,Good,Sorting & Searching Algorithms
STU0598,Aarav Smith,19,Female,UG,Visual,3.46,57,1,29.6,50,Sorting & Searching Algorithms,"Sorting & Searching Algorithms, Machine Learning Foundations, Trees & Binary Search Trees, Stacks & Queues, Greedy Algorithms & Backtracking",100,2,Hard,M1 -> M2 -> M6,90,57,Fail,Linked Lists & Doubly Linked Lists
STU0599,Sophia Williams,23,Male,UG,Visual,2.67,65,4,24.1,100,System Design Basics & Caching,"Trees & Binary Search Trees, Sorting & Searching Algorithms, Graph Algorithms, Arrays & Hash Maps, System Design Basics & Caching, Dynamic Programming, Machine Learning Foundations, Linked Lists & Doubly Linked Lists, Stacks & Queues, Greedy Algorithms & Backtracking",91,2,Easy,M1 -> M3 -> M4,80,55,Good,Stacks & Queues
STU0600,Priya Joshi,22,Female,PG,Kinesthetic,2.36,77,4,21.0,100,Linked Lists & Doubly Linked Lists,"Trees & Binary Search Trees, Linked Lists & Doubly Linked Lists, System Design Basics & Caching, Sorting & Searching Algorithms, Graph Algorithms, Machine Learning Foundations, Stacks & Queues, Arrays & Hash Maps, Greedy Algorithms & Backtracking, Dynamic Programming",84,0,Easy,M1 -> M4 -> M6,80,74,Excellent,Greedy Algorithms & Backtracking
STU0601,Dev Verma,21,Male,PG,Auditory,2.05,83,2,21.5,40,Trees & Binary Search Trees,"Trees & Binary Search Trees, Machine Learning Foundations, Greedy Algorithms & Backtracking, Sorting & Searching Algorithms",78,1,Hard,M1 -> M3 -> M5,87,91,Excellent,Greedy Algorithms & Backtracking
STU0602,Vikram Brown,20,Female,PG,Kinesthetic,3.78,58,5,31.1,70,Graph Algorithms,"Sorting & Searching Algorithms, Graph Algorithms, Dynamic Programming, Stacks & Queues, Greedy Algorithms & Backtracking, Linked Lists & Doubly Linked Lists, Machine Learning Foundations",68,2,Easy,M1 -> M4 -> M6,73,64,Fail,Arrays & Hash Maps
STU0603,Liam Garcia,26,Female,High School,Kinesthetic,2.46,85,5,34.7,60,System Design Basics & Caching,"Trees & Binary Search Trees, Greedy Algorithms & Backtracking, Graph Algorithms, System Design Basics & Caching, Arrays & Hash Maps, Machine Learning Foundations",97,3,Hard,M1 -> M4 -> M5,90,76,Good,Trees & Binary Search Trees
STU0604,Mason Johnson,25,Male,High School,Kinesthetic,2.71,92,2,59.4,50,Machine Learning Foundations,"Graph Algorithms, Arrays & Hash Maps, Greedy Algorithms & Backtracking, Trees & Binary Search Trees, Sorting & Searching Algorithms",73,5,Hard,M1 -> M4 -> M6,79,92,Excellent,System Design Basics & Caching
STU0605,Sneha Rodriguez,26,Female,High School,Kinesthetic,3.96,78,2,26.2,100,Sorting & Searching Algorithms,"Arrays & Hash Maps, Machine Learning Foundations, Sorting & Searching Algorithms, Graph Algorithms, System Design Basics & Caching, Greedy Algorithms & Backtracking, Dynamic Programming, Stacks & Queues, Linked Lists & Doubly Linked Lists, Trees & Binary Search Trees",98,1,Hard,M1 -> M4 -> M5,73,78,Good,Trees & Binary Search Trees
STU0606,Rohan Gupta,24,Female,UG,Auditory,3.39,100,3,23.0,30,Sorting & Searching Algorithms,"Stacks & Queues, Linked Lists & Doubly Linked Lists, Graph Algorithms",87,2,Medium,M1 -> M2 -> M5,76,97,Excellent,Dynamic Programming
STU0607,Kavya Patel,23,Female,High School,Kinesthetic,2.52,60,3,16.2,100,Arrays & Hash Maps,"System Design Basics & Caching, Arrays & Hash Maps, Sorting & Searching Algorithms, Machine Learning Foundations, Linked Lists & Doubly Linked Lists, Dynamic Programming, Graph Algorithms, Trees & Binary Search Trees, Greedy Algorithms & Backtracking, Stacks & Queues",96,4,Hard,M1 -> M2 -> M4,89,65,Fair,Machine Learning Foundations
STU0608,Neha Davis,21,Female,High School,Kinesthetic,3.83,53,5,55.0,100,Sorting & Searching Algorithms,"Machine Learning Foundations, Stacks & Queues, Greedy Algorithms & Backtracking, Sorting & Searching Algorithms, Linked Lists & Doubly Linked Lists, Graph Algorithms, Dynamic Programming, Trees & Binary Search Trees, Arrays & Hash Maps, System Design Basics & Caching",67,2,Easy,M1 -> M3 -> M6,88,59,Fail,Arrays & Hash Maps
STU0609,Neha Gupta,25,Male,PG,Visual,3.99,45,1,30.2,60,Greedy Algorithms & Backtracking,"System Design Basics & Caching, Dynamic Programming, Greedy Algorithms & Backtracking, Arrays & Hash Maps, Sorting & Searching Algorithms, Graph Algorithms",83,1,Easy,M1 -> M2 -> M5,81,40,Fair,Linked Lists & Doubly Linked Lists
STU0610,Isabella Garcia,19,Male,PG,Kinesthetic,2.64,94,4,49.4,90,Machine Learning Foundations,"Machine Learning Foundations, System Design Basics & Caching, Dynamic Programming, Greedy Algorithms & Backtracking, Graph Algorithms, Linked Lists & Doubly Linked Lists, Stacks & Queues, Sorting & Searching Algorithms, Arrays & Hash Maps",78,5,Easy,M1 -> M3 -> M5,85,84,Excellent,System Design Basics & Caching
STU0611,Meera Gupta,23,Female,PG,Auditory,2.61,81,5,48.7,50,Arrays & Hash Maps,"System Design Basics & Caching, Arrays & Hash Maps, Trees & Binary Search Trees, Machine Learning Foundations, Stacks & Queues",96,4,Hard,M1 -> M4 -> M4,70,72,Excellent,Greedy Algorithms & Backtracking
STU0612,Ishita Williams,21,Female,PG,Visual,3.65,71,1,35.6,70,System Design Basics & Caching,"System Design Basics & Caching, Stacks & Queues, Sorting & Searching Algorithms, Greedy Algorithms & Backtracking, Dynamic Programming, Arrays & Hash Maps, Linked Lists & Doubly Linked Lists",71,1,Medium,M1 -> M4 -> M4,76,79,Fair,Stacks & Queues
STU0613,Alex Martinez,18,Male,UG,Visual,3.8,76,3,59.3,20,Graph Algorithms,"Arrays & Hash Maps, Trees & Binary Search Trees",84,1,Easy,M1 -> M2 -> M4,89,73,Excellent,Greedy Algorithms & Backtracking
STU0614,Pooja Nair,24,Female,High School,Kinesthetic,3.47,55,2,51.8,50,Dynamic Programming,"Arrays & Hash Maps, Dynamic Programming, System Design Basics & Caching, Trees & Binary Search Trees, Stacks & Queues",91,2,Medium,M1 -> M2 -> M6,74,52,Fair,Linked Lists & Doubly Linked Lists
STU0615,Rohan Gupta,19,Male,UG,Visual,2.37,100,5,26.8,60,Stacks & Queues,"Graph Algorithms, Dynamic Programming, Machine Learning Foundations, Greedy Algorithms & Backtracking, Stacks & Queues, Sorting & Searching Algorithms",67,3,Hard,M1 -> M2 -> M4,97,100,Excellent,System Design Basics & Caching
STU0616,Vikram Singh,26,Male,UG,Auditory,2.22,73,1,25.9,40,Arrays & Hash Maps,"Dynamic Programming, Stacks & Queues, Linked Lists & Doubly Linked Lists, Machine Learning Foundations",99,2,Easy,M1 -> M3 -> M6,91,79,Fair,Sorting & Searching Algorithms
STU0617,Noah Joshi,21,Female,High School,Kinesthetic,2.03,73,4,24.0,30,Sorting & Searching Algorithms,"Graph Algorithms, Stacks & Queues, Sorting & Searching Algorithms",63,3,Easy,M1 -> M4 -> M4,75,83,Good,Machine Learning Foundations
STU0618,Vikram Smith,25,Male,UG,Visual,3.69,82,5,39.0,100,System Design Basics & Caching,"Graph Algorithms, System Design Basics & Caching, Stacks & Queues, Linked Lists & Doubly Linked Lists, Machine Learning Foundations, Greedy Algorithms & Backtracking, Arrays & Hash Maps, Trees & Binary Search Trees, Sorting & Searching Algorithms, Dynamic Programming",99,5,Easy,M1 -> M3 -> M4,98,75,Excellent,Greedy Algorithms & Backtracking
STU0619,Emma Mehta,18,Female,High School,Kinesthetic,2.12,79,4,57.2,70,Machine Learning Foundations,"Linked Lists & Doubly Linked Lists, Trees & Binary Search Trees, Arrays & Hash Maps, Graph Algorithms, Dynamic Programming, Greedy Algorithms & Backtracking, Sorting & Searching Algorithms",84,2,Easy,M1 -> M3 -> M6,91,84,Excellent,Trees & Binary Search Trees
STU0620,Pooja Nair,23,Female,UG,Visual,2.91,75,3,48.3,60,Trees & Binary Search Trees,"Stacks & Queues, Graph Algorithms, Machine Learning Foundations, Trees & Binary Search Trees, Greedy Algorithms & Backtracking, Linked Lists & Doubly Linked Lists",87,2,Easy,M1 -> M4 -> M6,82,69,Excellent,Greedy Algorithms & Backtracking
STU0621,Ethan Johnson,21,Female,UG,Auditory,2.92,60,5,24.3,80,Greedy Algorithms & Backtracking,"Dynamic Programming, Greedy Algorithms & Backtracking, Sorting & Searching Algorithms, Stacks & Queues, Machine Learning Foundations, Trees & Binary Search Trees, Linked Lists & Doubly Linked Lists, System Design Basics & Caching",73,5,Hard,M1 -> M4 -> M6,81,64,Fair,Sorting & Searching Algorithms
STU0622,Tanvi Brown,23,Female,High School,Auditory,2.28,79,5,33.5,20,System Design Basics & Caching,"Greedy Algorithms & Backtracking, Graph Algorithms",72,1,Hard,M1 -> M4 -> M5,83,74,Good,Trees & Binary Search Trees
STU0623,Dev Sharma,21,Female,PG,Kinesthetic,2.34,100,3,42.5,100,Stacks & Queues,"Dynamic Programming, Trees & Binary Search Trees, Stacks & Queues, System Design Basics & Caching, Greedy Algorithms & Backtracking, Machine Learning Foundations, Linked Lists & Doubly Linked Lists, Sorting & Searching Algorithms, Arrays & Hash Maps, Graph Algorithms",99,4,Easy,M1 -> M2 -> M6,95,92,Excellent,System Design Basics & Caching
STU0624,Rohan Sharma,18,Male,UG,Visual,2.63,92,5,55.9,60,Trees & Binary Search Trees,"Stacks & Queues, Trees & Binary Search Trees, Graph Algorithms, Dynamic Programming, Arrays & Hash Maps, Machine Learning Foundations",97,3,Medium,M1 -> M4 -> M4,79,85,Excellent,System Design Basics & Caching
STU0625,Olivia Davis,20,Male,High School,Auditory,2.24,95,1,49.0,100,Dynamic Programming,"Stacks & Queues, System Design Basics & Caching, Greedy Algorithms & Backtracking, Sorting & Searching Algorithms, Machine Learning Foundations, Linked Lists & Doubly Linked Lists, Arrays & Hash Maps, Dynamic Programming, Trees & Binary Search Trees, Graph Algorithms",68,3,Easy,M1 -> M3 -> M4,88,96,Excellent,System Design Basics & Caching
STU0626,Isabella Jones,20,Female,High School,Auditory,3.89,64,1,59.7,100,Sorting & Searching Algorithms,"Sorting & Searching Algorithms, Linked Lists & Doubly Linked Lists, Machine Learning Foundations, Arrays & Hash Maps, System Design Basics & Caching, Greedy Algorithms & Backtracking, Stacks & Queues, Trees & Binary Search Trees, Graph Algorithms, Dynamic Programming",72,5,Medium,M1 -> M3 -> M6,70,73,Fair,Sorting & Searching Algorithms
STU0627,Mason Rodriguez,24,Male,UG,Auditory,2.38,57,2,46.5,50,System Design Basics & Caching,"Arrays & Hash Maps, Greedy Algorithms & Backtracking, Sorting & Searching Algorithms, Linked Lists & Doubly Linked Lists, Machine Learning Foundations",76,3,Hard,M1 -> M2 -> M5,94,61,Fair,Linked Lists & Doubly Linked Lists
STU0628,Emma Patel,23,Male,High School,Kinesthetic,2.02,70,3,31.5,100,Arrays & Hash Maps,"Graph Algorithms, Dynamic Programming, Trees & Binary Search Trees, Greedy Algorithms & Backtracking, System Design Basics & Caching, Sorting & Searching Algorithms, Arrays & Hash Maps, Stacks & Queues, Linked Lists & Doubly Linked Lists, Machine Learning Foundations",92,3,Hard,M1 -> M2 -> M5,78,77,Good,Machine Learning Foundations
STU0629,Vikram Garcia,22,Female,High School,Auditory,3.84,72,1,51.5,20,Sorting & Searching Algorithms,"System Design Basics & Caching, Linked Lists & Doubly Linked Lists",66,1,Easy,M1 -> M2 -> M6,94,64,Fair,Sorting & Searching Algorithms
STU0630,Ava Patel,18,Male,PG,Auditory,3.74,88,1,23.4,100,Linked Lists & Doubly Linked Lists,"Stacks & Queues, Greedy Algorithms & Backtracking, Sorting & Searching Algorithms, Dynamic Programming, System Design Basics & Caching, Arrays & Hash Maps, Graph Algorithms, Trees & Binary Search Trees, Machine Learning Foundations, Linked Lists & Doubly Linked Lists",65,0,Easy,M1 -> M4 -> M4,71,80,Excellent,Graph Algorithms
STU0631,Arjun Smith,26,Male,UG,Visual,3.42,46,2,37.8,80,Machine Learning Foundations,"Stacks & Queues, Greedy Algorithms & Backtracking, Graph Algorithms, Sorting & Searching Algorithms, Dynamic Programming, System Design Basics & Caching, Arrays & Hash Maps, Linked Lists & Doubly Linked Lists",65,1,Hard,M1 -> M2 -> M6,76,40,Fair,Linked Lists & Doubly Linked Lists
STU0632,Liam Patel,21,Male,UG,Visual,2.32,94,3,27.7,100,Graph Algorithms,"Machine Learning Foundations, Dynamic Programming, Graph Algorithms, Linked Lists & Doubly Linked Lists, Trees & Binary Search Trees, Stacks & Queues, Greedy Algorithms & Backtracking, Sorting & Searching Algorithms, Arrays & Hash Maps, System Design Basics & Caching",70,0,Easy,M1 -> M3 -> M6,89,97,Excellent,Dynamic Programming
STU0633,Rohan Jones,18,Male,UG,Kinesthetic,3.54,69,3,37.5,60,Machine Learning Foundations,"Linked Lists & Doubly Linked Lists, Graph Algorithms, Sorting & Searching Algorithms, Trees & Binary Search Trees, Stacks & Queues, Dynamic Programming",91,2,Easy,M1 -> M2 -> M6,71,70,Fair,Machine Learning Foundations
STU0634,Riya Jones,25,Female,UG,Auditory,3.74,65,2,33.0,80,Greedy Algorithms & Backtracking,"Stacks & Queues, Machine Learning Foundations, Dynamic Programming, Trees & Binary Search Trees, Arrays & Hash Maps, Linked Lists & Doubly Linked Lists, System Design Basics & Caching, Graph Algorithms",60,3,Easy,M1 -> M2 -> M6,76,58,Fair,Sorting & Searching Algorithms
STU0635,Aarav Williams,25,Male,UG,Auditory,2.4,56,4,57.6,80,Dynamic Programming,"Stacks & Queues, Graph Algorithms, System Design Basics & Caching, Linked Lists & Doubly Linked Lists, Dynamic Programming, Trees & Binary Search Trees, Greedy Algorithms & Backtracking, Sorting & Searching Algorithms",70,3,Easy,M1 -> M3 -> M4,100,56,Fail,Arrays & Hash Maps
STU0636,Liam Garcia,22,Male,High School,Kinesthetic,3.89,47,2,30.2,40,Dynamic Programming,"Greedy Algorithms & Backtracking, Arrays & Hash Maps, Graph Algorithms, Sorting & Searching Algorithms",79,5,Hard,M1 -> M4 -> M4,79,47,Fail,Linked Lists & Doubly Linked Lists
STU0637,Sophia Johnson,20,Female,PG,Auditory,2.13,84,4,50.4,80,Sorting & Searching Algorithms,"Dynamic Programming, Trees & Binary Search Trees, System Design Basics & Caching, Stacks & Queues, Sorting & Searching Algorithms, Linked Lists & Doubly Linked Lists, Machine Learning Foundations, Greedy Algorithms & Backtracking",95,2,Easy,M1 -> M4 -> M4,100,84,Excellent,Greedy Algorithms & Backtracking
STU0638,Olivia Rodriguez,21,Male,High School,Auditory,3.13,73,1,32.3,10,Sorting & Searching Algorithms,System Design Basics & Caching,69,4,Hard,M1 -> M3 -> M6,78,65,Good,Sorting & Searching Algorithms
STU0639,Dev Williams,21,Female,PG,Visual,2.73,52,2,43.5,10,Greedy Algorithms & Backtracking,Trees & Binary Search Trees,80,2,Medium,M1 -> M4 -> M4,100,52,Fair,Linked Lists & Doubly Linked Lists
STU0640,Meera Smith,26,Male,PG,Visual,3.92,52,1,28.4,100,Machine Learning Foundations,"Linked Lists & Doubly Linked Lists, Graph Algorithms, Arrays & Hash Maps, Sorting & Searching Algorithms, Machine Learning Foundations, System Design Basics & Caching, Stacks & Queues, Greedy Algorithms & Backtracking, Dynamic Programming, Trees & Binary Search Trees",73,1,Medium,M1 -> M4 -> M6,72,53,Fail,Linked Lists & Doubly Linked Lists
STU0641,Dev Singh,25,Female,PG,Visual,3.19,66,4,27.8,60,Linked Lists & Doubly Linked Lists,"Graph Algorithms, Greedy Algorithms & Backtracking, Machine Learning Foundations, Linked Lists & Doubly Linked Lists, Sorting & Searching Algorithms, System Design Basics & Caching",97,1,Medium,M1 -> M2 -> M4,87,71,Fair,Stacks & Queues
STU0642,Kavya Singh,23,Female,PG,Visual,3.26,97,5,49.0,60,Dynamic Programming,"Stacks & Queues, Sorting & Searching Algorithms, Arrays & Hash Maps, System Design Basics & Caching, Machine Learning Foundations, Dynamic Programming",62,4,Medium,M1 -> M4 -> M4,72,89,Excellent,System Design Basics & Caching
STU0643,Rahul Singh,19,Male,PG,Visual,2.18,68,4,39.5,60,Sorting & Searching Algorithms,"Sorting & Searching Algorithms, Linked Lists & Doubly Linked Lists, Dynamic Programming, Stacks & Queues, Arrays & Hash Maps, Trees & Binary Search Trees",93,3,Hard,M1 -> M4 -> M4,96,60,Good,Stacks & Queues
STU0644,Ethan Joshi,25,Male,High School,Auditory,2.45,49,1,43.9,10,System Design Basics & Caching,Arrays & Hash Maps,74,3,Hard,M1 -> M2 -> M4,80,49,Fail,Arrays & Hash Maps
STU0645,Arjun Williams,18,Female,UG,Visual,3.34,68,5,37.1,70,System Design Basics & Caching,"Linked Lists & Doubly Linked Lists, Arrays & Hash Maps, Trees & Binary Search Trees, Graph Algorithms, System Design Basics & Caching, Machine Learning Foundations, Dynamic Programming",82,5,Easy,M1 -> M3 -> M4,87,58,Fair,Sorting & Searching Algorithms
STU0646,Isabella Martinez,22,Female,PG,Auditory,3.02,67,2,29.7,30,Trees & Binary Search Trees,"Machine Learning Foundations, Graph Algorithms, Sorting & Searching Algorithms",76,3,Hard,M1 -> M2 -> M5,100,77,Good,Sorting & Searching Algorithms
STU0647,Emma Miller,24,Male,High School,Visual,2.08,31,2,54.9,20,Trees & Binary Search Trees,"Trees & Binary Search Trees, Graph Algorithms",79,2,Easy,M1 -> M4 -> M5,86,40,Fail,Linked Lists & Doubly Linked Lists
STU0648,Ishita Sharma,21,Male,UG,Visual,3.0,71,2,18.5,70,Sorting & Searching Algorithms,"Greedy Algorithms & Backtracking, Dynamic Programming, Stacks & Queues, Trees & Binary Search Trees, System Design Basics & Caching, Graph Algorithms, Machine Learning Foundations",66,0,Easy,M1 -> M2 -> M5,79,75,Fair,Stacks & Queues
STU0649,Arjun Rodriguez,20,Male,High School,Auditory,2.43,68,1,28.4,40,Dynamic Programming,"Sorting & Searching Algorithms, Linked Lists & Doubly Linked Lists, Graph Algorithms, Trees & Binary Search Trees",62,0,Easy,M1 -> M3 -> M4,99,78,Good,Sorting & Searching Algorithms
STU0650,Sophia Sharma,25,Male,High School,Visual,2.17,82,1,46.6,40,Greedy Algorithms & Backtracking,"Machine Learning Foundations, System Design Basics & Caching, Graph Algorithms, Stacks & Queues",90,0,Medium,M1 -> M2 -> M4,91,84,Good,Trees & Binary Search Trees
STU0651,Aarav Verma,25,Female,UG,Auditory,2.35,99,1,58.2,10,Machine Learning Foundations,Arrays & Hash Maps,77,5,Medium,M1 -> M3 -> M4,70,97,Excellent,System Design Basics & Caching
STU0652,Ava Joshi,21,Female,High School,Kinesthetic,2.09,88,4,51.9,100,Dynamic Programming,"System Design Basics & Caching, Greedy Algorithms & Backtracking, Trees & Binary Search Trees, Sorting & Searching Algorithms, Dynamic Programming, Arrays & Hash Maps, Stacks & Queues, Linked Lists & Doubly Linked Lists, Graph Algorithms, Machine Learning Foundations",94,1,Hard,M1 -> M3 -> M6,87,82,Excellent,System Design Basics & Caching
STU0653,Karan Johnson,24,Male,PG,Auditory,2.74,67,5,26.4,60,Graph Algorithms,"Stacks & Queues, Greedy Algorithms & Backtracking, Dynamic Programming, Machine Learning Foundations, Trees & Binary Search Trees, Arrays & Hash Maps",68,2,Hard,M1 -> M3 -> M6,75,58,Good,Sorting & Searching Algorithms
STU0654,Karan Miller,20,Female,PG,Kinesthetic,3.66,55,1,52.1,30,Machine Learning Foundations,"Stacks & Queues, Trees & Binary Search Trees, Dynamic Programming",67,4,Medium,M1 -> M4 -> M4,99,62,Fail,Linked Lists & Doubly Linked Lists
STU0655,Emma Kumar,21,Female,UG,Visual,2.65,100,4,46.0,60,System Design Basics & Caching,"Dynamic Programming, System Design Basics & Caching, Machine Learning Foundations, Linked Lists & Doubly Linked Lists, Graph Algorithms, Stacks & Queues",66,1,Hard,M1 -> M3 -> M4,98,96,Excellent,System Design Basics & Caching
STU0656,Liam Sharma,26,Male,UG,Visual,3.83,72,1,57.8,50,Trees & Binary Search Trees,"Dynamic Programming, Graph Algorithms, Trees & Binary Search Trees, System Design Basics & Caching, Sorting & Searching Algorithms",72,0,Hard,M1 -> M2 -> M4,72,64,Fair,Sorting & Searching Algorithms
STU0657,Aditya Jones,19,Female,UG,Kinesthetic,2.81,72,1,37.5,100,Graph Algorithms,"Sorting & Searching Algorithms, Dynamic Programming, Machine Learning Foundations, Linked Lists & Doubly Linked Lists, Stacks & Queues, Trees & Binary Search Trees, Graph Algorithms, Greedy Algorithms & Backtracking, Arrays & Hash Maps, System Design Basics & Caching",82,0,Easy,M1 -> M3 -> M6,83,80,Good,Machine Learning Foundations
STU0658,Pooja Johnson,25,Male,UG,Visual,3.93,71,1,18.7,20,Greedy Algorithms & Backtracking,"Graph Algorithms, System Design Basics & Caching",100,0,Medium,M1 -> M2 -> M6,71,71,Good,Stacks & Queues
STU0659,Ishita Davis,25,Male,PG,Auditory,2.19,74,1,37.6,30,Machine Learning Foundations,"Arrays & Hash Maps, System Design Basics & Caching, Greedy Algorithms & Backtracking",89,2,Hard,M1 -> M4 -> M6,71,72,Good,Sorting & Searching Algorithms
STU0660,Yash Gupta,26,Female,High School,Auditory,2.59,69,1,45.9,30,Arrays & Hash Maps,"Graph Algorithms, Sorting & Searching Algorithms, Dynamic Programming",64,1,Hard,M1 -> M2 -> M5,95,79,Fair,Sorting & Searching Algorithms
STU0661,Mason Kumar,24,Male,UG,Visual,2.45,63,4,31.5,100,Greedy Algorithms & Backtracking,"Trees & Binary Search Trees, Greedy Algorithms & Backtracking, Linked Lists & Doubly Linked Lists, Arrays & Hash Maps, System Design Basics & Caching, Sorting & Searching Algorithms, Graph Algorithms, Stacks & Queues, Dynamic Programming, Machine Learning Foundations",87,0,Easy,M1 -> M4 -> M6,83,68,Good,Stacks & Queues
STU0662,Ananya Nair,24,Female,High School,Visual,2.17,63,2,18.9,60,Greedy Algorithms & Backtracking,"Dynamic Programming, System Design Basics & Caching, Trees & Binary Search Trees, Linked Lists & Doubly Linked Lists, Arrays & Hash Maps, Sorting & Searching Algorithms",71,5,Medium,M1 -> M4 -> M5,72,58,Good,Stacks & Queues
STU0663,Yash Brown,19,Male,High School,Visual,2.29,71,5,50.5,30,Dynamic Programming,"Arrays & Hash Maps, Sorting & Searching Algorithms, Machine Learning Foundations",67,4,Medium,M1 -> M3 -> M4,99,68,Fair,Stacks & Queues
STU0664,Ava Garcia,21,Male,PG,Auditory,2.96,63,2,53.6,40,Linked Lists & Doubly Linked Lists,"Stacks & Queues, Dynamic Programming, Linked Lists & Doubly Linked Lists, Greedy Algorithms & Backtracking",69,0,Easy,M1 -> M4 -> M4,90,66,Fair,Sorting & Searching Algorithms
STU0665,Ethan Johnson,21,Female,UG,Visual,3.5,61,1,23.7,10,Sorting & Searching Algorithms,Dynamic Programming,83,3,Medium,M1 -> M4 -> M4,89,67,Fair,Stacks & Queues
STU0666,Mason Brown,20,Male,PG,Kinesthetic,2.58,73,4,18.0,20,Dynamic Programming,"Machine Learning Foundations, Arrays & Hash Maps",65,5,Medium,M1 -> M4 -> M4,78,75,Fair,Machine Learning Foundations
STU0667,Aditya Jones,23,Female,PG,Kinesthetic,2.65,68,5,46.3,50,Greedy Algorithms & Backtracking,"System Design Basics & Caching, Greedy Algorithms & Backtracking, Dynamic Programming, Machine Learning Foundations, Sorting & Searching Algorithms",98,4,Easy,M1 -> M3 -> M5,92,73,Fair,Machine Learning Foundations
STU0668,Karan Davis,26,Male,UG,Kinesthetic,2.54,94,2,40.5,50,Graph Algorithms,"Machine Learning Foundations, System Design Basics & Caching, Trees & Binary Search Trees, Stacks & Queues, Dynamic Programming",82,2,Hard,M1 -> M3 -> M6,83,92,Excellent,System Design Basics & Caching
STU0669,Aditya Martinez,24,Male,PG,Visual,3.6,32,5,38.4,50,Trees & Binary Search Trees,"Sorting & Searching Algorithms, System Design Basics & Caching, Machine Learning Foundations, Linked Lists & Doubly Linked Lists, Trees & Binary Search Trees",67,5,Easy,M1 -> M4 -> M4,89,42,Fair,Arrays & Hash Maps
STU0670,Ethan Smith,20,Female,UG,Visual,2.78,88,5,18.2,50,Machine Learning Foundations,"Greedy Algorithms & Backtracking, System Design Basics & Caching, Sorting & Searching Algorithms, Linked Lists & Doubly Linked Lists, Stacks & Queues",67,3,Easy,M1 -> M3 -> M4,76,86,Excellent,System Design Basics & Caching
STU0671,Isabella Garcia,25,Female,PG,Kinesthetic,2.84,90,4,29.1,50,Arrays & Hash Maps,"Dynamic Programming, Greedy Algorithms & Backtracking, Linked Lists & Doubly Linked Lists, Trees & Binary Search Trees, Machine Learning Foundations",68,1,Medium,M1 -> M2 -> M4,73,97,Excellent,Graph Algorithms
STU0672,Tanvi Nair,20,Male,PG,Kinesthetic,2.85,40,1,20.0,10,Machine Learning Foundations,Arrays & Hash Maps,99,5,Easy,M1 -> M2 -> M4,89,49,Fair,Linked Lists & Doubly Linked Lists
STU0673,Yash Nair,26,Female,High School,Visual,2.05,66,4,20.6,100,Sorting & Searching Algorithms,"Trees & Binary Search Trees, Stacks & Queues, Dynamic Programming, Linked Lists & Doubly Linked Lists, Graph Algorithms, Sorting & Searching Algorithms, Arrays & Hash Maps, Machine Learning Foundations, System Design Basics & Caching, Greedy Algorithms & Backtracking",75,3,Easy,M1 -> M4 -> M4,99,63,Good,Stacks & Queues
STU0674,Aditya Gupta,18,Male,PG,Auditory,2.87,66,5,48.8,100,Dynamic Programming,"Greedy Algorithms & Backtracking, Trees & Binary Search Trees, System Design Basics & Caching, Arrays & Hash Maps, Dynamic Programming, Machine Learning Foundations, Graph Algorithms, Linked Lists & Doubly Linked Lists, Sorting & Searching Algorithms, Stacks & Queues",61,4,Medium,M1 -> M4 -> M5,95,72,Fair,Sorting & Searching Algorithms
STU0675,Karan Smith,18,Female,PG,Kinesthetic,2.78,50,4,24.3,80,Machine Learning Foundations,"Trees & Binary Search Trees, Sorting & Searching Algorithms, Stacks & Queues, System Design Basics & Caching, Arrays & Hash Maps, Graph Algorithms, Machine Learning Foundations, Dynamic Programming",80,2,Easy,M1 -> M4 -> M5,82,59,Fail,Arrays & Hash Maps
STU0676,Mason Garcia,18,Male,PG,Kinesthetic,2.13,60,3,31.2,10,Dynamic Programming,Machine Learning Foundations,61,3,Medium,M1 -> M3 -> M4,78,61,Good,Machine Learning Foundations
STU0677,Sneha Nair,23,Female,UG,Visual,2.34,55,2,19.2,100,System Design Basics & Caching,"Machine Learning Foundations, System Design Basics & Caching, Trees & Binary Search Trees, Dynamic Programming, Arrays & Hash Maps, Greedy Algorithms & Backtracking, Stacks & Queues, Sorting & Searching Algorithms, Graph Algorithms, Linked Lists & Doubly Linked Lists",95,0,Medium,M1 -> M3 -> M4,74,58,Fair,Linked Lists & Doubly Linked Lists
STU0678,Aditya Kumar,21,Female,UG,Visual,3.04,98,5,36.2,40,Linked Lists & Doubly Linked Lists,"Machine Learning Foundations, Arrays & Hash Maps, Stacks & Queues, Greedy Algorithms & Backtracking",87,1,Hard,M1 -> M2 -> M6,72,90,Excellent,Dynamic Programming
STU0679,Noah Gupta,22,Male,PG,Visual,3.56,86,5,37.7,90,Sorting & Searching Algorithms,"Stacks & Queues, Machine Learning Foundations, System Design Basics & Caching, Linked Lists & Doubly Linked Lists, Arrays & Hash Maps, Greedy Algorithms & Backtracking, Dynamic Programming, Trees & Binary Search Trees, Sorting & Searching Algorithms",63,3,Easy,M1 -> M2 -> M4,97,95,Excellent,Trees & Binary Search Trees
STU0680,Ethan Johnson,22,Female,High School,Auditory,2.35,91,1,59.2,20,Trees & Binary Search Trees,"Stacks & Queues, Arrays & Hash Maps",68,0,Hard,M1 -> M4 -> M5,94,93,Excellent,System Design Basics & Caching
STU0681,Tanvi Davis,24,Female,PG,Kinesthetic,2.71,82,5,59.8,100,Machine Learning Foundations,"Dynamic Programming, Graph Algorithms, Machine Learning Foundations, Linked Lists & Doubly Linked Lists, System Design Basics & Caching, Trees & Binary Search Trees, Greedy Algorithms & Backtracking, Arrays & Hash Maps, Stacks & Queues, Sorting & Searching Algorithms",79,0,Medium,M1 -> M3 -> M5,81,72,Excellent,Greedy Algorithms & Backtracking
STU0682,Karan Garcia,21,Male,High School,Auditory,3.55,55,4,26.0,30,Greedy Algorithms & Backtracking,"Machine Learning Foundations, Stacks & Queues, Graph Algorithms",61,1,Medium,M1 -> M3 -> M5,92,59,Fair,Arrays & Hash Maps
STU0683,Kavya Joshi,25,Male,UG,Visual,2.49,64,3,35.9,30,Linked Lists & Doubly Linked Lists,"Graph Algorithms, Sorting & Searching Algorithms, Arrays & Hash Maps",84,5,Medium,M1 -> M4 -> M5,96,70,Fair,Stacks & Queues
STU0684,Tanvi Garcia,18,Female,High School,Auditory,2.66,79,5,27.1,50,System Design Basics & Caching,"Stacks & Queues, Arrays & Hash Maps, Linked Lists & Doubly Linked Lists, Greedy Algorithms & Backtracking, Sorting & Searching Algorithms",61,4,Medium,M1 -> M2 -> M5,80,88,Excellent,Trees & Binary Search Trees
STU0685,Dev Johnson,23,Female,UG,Visual,3.6,53,4,47.9,100,Linked Lists & Doubly Linked Lists,"Greedy Algorithms & Backtracking, Machine Learning Foundations, Dynamic Programming, System Design Basics & Caching, Graph Algorithms, Arrays & Hash Maps, Sorting & Searching Algorithms, Trees & Binary Search Trees, Linked Lists & Doubly Linked Lists, Stacks & Queues",100,2,Medium,M1 -> M4 -> M5,82,50,Fail,Arrays & Hash Maps
STU0686,Ananya Verma,22,Male,High School,Visual,2.84,82,1,59.6,40,Dynamic Programming,"Stacks & Queues, Dynamic Programming, Graph Algorithms, Linked Lists & Doubly Linked Lists",70,0,Medium,M1 -> M2 -> M4,99,77,Excellent,Trees & Binary Search Trees
STU0687,Isabella Garcia,19,Male,PG,Auditory,3.62,68,3,43.4,60,Machine Learning Foundations,"Sorting & Searching Algorithms, Greedy Algorithms & Backtracking, Graph Algorithms, System Design Basics & Caching, Dynamic Programming, Machine Learning Foundations",80,4,Easy,M1 -> M4 -> M4,96,58,Good,Sorting & Searching Algorithms
STU0688,Riya Garcia,22,Female,PG,Auditory,3.0,66,2,54.6,70,Arrays & Hash Maps,"Machine Learning Foundations, Graph Algorithms, System Design Basics & Caching, Arrays & Hash Maps, Linked Lists & Doubly Linked Lists, Greedy Algorithms & Backtracking, Sorting & Searching Algorithms",75,3,Hard,M1 -> M4 -> M6,81,69,Fair,Sorting & Searching Algorithms
STU0689,Sophia Williams,24,Female,UG,Visual,2.48,82,3,57.2,100,Greedy Algorithms & Backtracking,"Linked Lists & Doubly Linked Lists, Sorting & Searching Algorithms, Arrays & Hash Maps, Trees & Binary Search Trees, Dynamic Programming, System Design Basics & Caching, Machine Learning Foundations, Graph Algorithms, Stacks & Queues, Greedy Algorithms & Backtracking",67,2,Easy,M1 -> M3 -> M6,82,85,Excellent,Greedy Algorithms & Backtracking
STU0690,Ava Mehta,22,Male,PG,Visual,2.67,78,1,57.0,100,Sorting & Searching Algorithms,"Machine Learning Foundations, Dynamic Programming, Linked Lists & Doubly Linked Lists, Arrays & Hash Maps, System Design Basics & Caching, Sorting & Searching Algorithms, Graph Algorithms, Trees & Binary Search Trees, Greedy Algorithms & Backtracking, Stacks & Queues",69,0,Medium,M1 -> M2 -> M5,91,79,Good,Trees & Binary Search Trees
STU0691,Emma Rodriguez,19,Male,High School,Auditory,2.66,66,1,42.6,10,Machine Learning Foundations,Linked Lists & Doubly Linked Lists,72,1,Hard,M1 -> M2 -> M5,79,75,Good,Sorting & Searching Algorithms
STU0692,Ethan Miller,19,Female,High School,Visual,2.92,89,3,16.4,50,Stacks & Queues,"System Design Basics & Caching, Linked Lists & Doubly Linked Lists, Greedy Algorithms & Backtracking, Graph Algorithms, Machine Learning Foundations",81,5,Medium,M1 -> M3 -> M5,100,95,Excellent,System Design Basics & Caching
STU0693,Ishita Rao,24,Female,High School,Auditory,3.33,55,1,17.6,40,Trees & Binary Search Trees,"Greedy Algorithms & Backtracking, Stacks & Queues, System Design Basics & Caching, Arrays & Hash Maps",67,1,Easy,M1 -> M2 -> M6,79,55,Fail,Linked Lists & Doubly Linked Lists
STU0694,Liam Smith,21,Female,UG,Auditory,2.25,81,3,18.0,90,Machine Learning Foundations,"Graph Algorithms, Trees & Binary Search Trees, Greedy Algorithms & Backtracking, Sorting & Searching Algorithms, Arrays & Hash Maps, Stacks & Queues, Linked Lists & Doubly Linked Lists, System Design Basics & Caching, Dynamic Programming",62,2,Medium,M1 -> M3 -> M6,95,81,Excellent,Greedy Algorithms & Backtracking
STU0695,Dev Singh,23,Female,PG,Auditory,3.92,80,2,38.1,100,Stacks & Queues,"Arrays & Hash Maps, Stacks & Queues, Graph Algorithms, Trees & Binary Search Trees, Machine Learning Foundations, Dynamic Programming, System Design Basics & Caching, Sorting & Searching Algorithms, Greedy Algorithms & Backtracking, Linked Lists & Doubly Linked Lists",91,2,Easy,M1 -> M3 -> M4,90,81,Good,Greedy Algorithms & Backtracking
STU0696,Liam Smith,23,Female,High School,Visual,2.97,67,5,59.7,90,Trees & Binary Search Trees,"Trees & Binary Search Trees, Stacks & Queues, Sorting & Searching Algorithms, Greedy Algorithms & Backtracking, Dynamic Programming, Graph Algorithms, System Design Basics & Caching, Machine Learning Foundations, Linked Lists & Doubly Linked Lists",99,4,Hard,M1 -> M3 -> M6,87,66,Fair,Stacks & Queues
STU0697,Tanvi Jones,18,Female,UG,Visual,2.81,76,5,40.7,20,Greedy Algorithms & Backtracking,"Dynamic Programming, Greedy Algorithms & Backtracking",80,4,Easy,M1 -> M3 -> M6,96,73,Excellent,Greedy Algorithms & Backtracking
STU0698,Emma Rodriguez,22,Female,UG,Visual,3.06,53,2,32.9,10,Trees & Binary Search Trees,Greedy Algorithms & Backtracking,87,0,Medium,M1 -> M4 -> M6,70,59,Fair,Linked Lists & Doubly Linked Lists
STU0699,Ava Rao,18,Female,PG,Visual,3.07,85,1,45.8,90,Graph Algorithms,"Linked Lists & Doubly Linked Lists, Trees & Binary Search Trees, Dynamic Programming, Graph Algorithms, Sorting & Searching Algorithms, Stacks & Queues, Machine Learning Foundations, Greedy Algorithms & Backtracking, Arrays & Hash Maps",65,2,Easy,M1 -> M2 -> M4,99,83,Excellent,Greedy Algorithms & Backtracking
STU0700,Neha Rao,22,Female,High School,Auditory,2.41,69,5,46.1,30,Sorting & Searching Algorithms,"Linked Lists & Doubly Linked Lists, Graph Algorithms, System Design Basics & Caching",100,0,Easy,M1 -> M2 -> M4,94,67,Fair,Stacks & Queues
STU0701,Neha Gupta,25,Female,High School,Kinesthetic,3.53,64,3,22.9,90,Greedy Algorithms & Backtracking,"System Design Basics & Caching, Linked Lists & Doubly Linked Lists, Greedy Algorithms & Backtracking, Sorting & Searching Algorithms, Graph Algorithms, Stacks & Queues, Arrays & Hash Maps, Machine Learning Foundations, Trees & Binary Search Trees",72,4,Easy,M1 -> M4 -> M4,75,58,Fair,Machine Learning Foundations
STU0702,Karan Kumar,26,Male,UG,Kinesthetic,2.7,87,5,43.7,60,Dynamic Programming,"Dynamic Programming, Linked Lists & Doubly Linked Lists, Machine Learning Foundations, System Design Basics & Caching, Greedy Algorithms & Backtracking, Sorting & Searching Algorithms",97,5,Hard,M1 -> M4 -> M5,94,91,Good,Greedy Algorithms & Backtracking
STU0703,Arjun Smith,23,Male,High School,Visual,2.91,61,1,59.4,10,Machine Learning Foundations,Sorting & Searching Algorithms,83,5,Easy,M1 -> M3 -> M5,74,54,Fair,Stacks & Queues
STU0704,Pooja Miller,26,Male,PG,Visual,2.95,50,3,16.8,90,System Design Basics & Caching,"Sorting & Searching Algorithms, Linked Lists & Doubly Linked Lists, Arrays & Hash Maps, Dynamic Programming, Machine Learning Foundations, Stacks & Queues, System Design Basics & Caching, Trees & Binary Search Trees, Graph Algorithms",66,0,Medium,M1 -> M4 -> M5,74,48,Fail,Arrays & Hash Maps
STU0705,Karan Brown,19,Female,High School,Auditory,2.62,48,1,54.1,50,Dynamic Programming,"Arrays & Hash Maps, Machine Learning Foundations, Graph Algorithms, Stacks & Queues, Linked Lists & Doubly Linked Lists",93,4,Easy,M1 -> M3 -> M4,78,48,Fail,Linked Lists & Doubly Linked Lists
STU0706,Karan Gupta,20,Male,PG,Visual,2.46,81,5,57.1,50,Graph Algorithms,"System Design Basics & Caching, Machine Learning Foundations, Linked Lists & Doubly Linked Lists, Dynamic Programming, Sorting & Searching Algorithms",94,2,Easy,M1 -> M2 -> M5,79,84,Excellent,Greedy Algorithms & Backtracking
STU0707,Rohan Smith,22,Male,High School,Visual,2.19,52,1,30.0,100,Arrays & Hash Maps,"Linked Lists & Doubly Linked Lists, Greedy Algorithms & Backtracking, Arrays & Hash Maps, Trees & Binary Search Trees, Stacks & Queues, Dynamic Programming, System Design Basics & Caching, Machine Learning Foundations, Graph Algorithms, Sorting & Searching Algorithms",71,5,Medium,M1 -> M4 -> M4,76,46,Fail,Linked Lists & Doubly Linked Lists
STU0708,Neha Miller,21,Female,High School,Kinesthetic,3.05,98,2,42.6,50,Machine Learning Foundations,"Trees & Binary Search Trees, Greedy Algorithms & Backtracking, Machine Learning Foundations, Arrays & Hash Maps, System Design Basics & Caching",84,1,Easy,M1 -> M3 -> M5,82,100,Excellent,Dynamic Programming
STU0709,Riya Rodriguez,22,Female,High School,Kinesthetic,3.71,40,1,59.0,20,Dynamic Programming,"Graph Algorithms, Greedy Algorithms & Backtracking",85,4,Hard,M1 -> M4 -> M4,75,50,Fair,Linked Lists & Doubly Linked Lists
STU0710,Yash Gupta,21,Male,PG,Visual,2.46,97,3,58.2,40,Arrays & Hash Maps,"Linked Lists & Doubly Linked Lists, Dynamic Programming, Stacks & Queues, Machine Learning Foundations",96,0,Hard,M1 -> M4 -> M4,70,100,Excellent,System Design Basics & Caching
STU0711,Priya Smith,21,Female,High School,Visual,3.45,75,4,44.7,20,Sorting & Searching Algorithms,"Sorting & Searching Algorithms, Dynamic Programming",77,3,Medium,M1 -> M2 -> M5,76,72,Good,Trees & Binary Search Trees
STU0712,Meera Garcia,22,Female,High School,Auditory,2.01,70,3,21.3,80,Stacks & Queues,"Arrays & Hash Maps, Machine Learning Foundations, Greedy Algorithms & Backtracking, Graph Algorithms, Stacks & Queues, Linked Lists & Doubly Linked Lists, Trees & Binary Search Trees, System Design Basics & Caching",77,1,Easy,M1 -> M3 -> M6,88,74,Fair,Sorting & Searching Algorithms
STU0713,Kavya Rao,21,Female,High School,Kinesthetic,3.73,63,4,32.3,80,Dynamic Programming,"Graph Algorithms, Stacks & Queues, Greedy Algorithms & Backtracking, Linked Lists & Doubly Linked Lists, Trees & Binary Search Trees, Dynamic Programming, Arrays & Hash Maps, Sorting & Searching Algorithms",95,4,Hard,M1 -> M2 -> M5,81,69,Fair,Machine Learning Foundations
STU0714,Aditya Gupta,22,Female,PG,Auditory,2.04,77,2,58.1,100,Linked Lists & Doubly Linked Lists,"Trees & Binary Search Trees, Graph Algorithms, System Design Basics & Caching, Dynamic Programming, Linked Lists & Doubly Linked Lists, Greedy Algorithms & Backtracking, Sorting & Searching Algorithms, Stacks & Queues, Machine Learning Foundations, Arrays & Hash Maps",80,5,Easy,M1 -> M4 -> M5,85,73,Excellent,Greedy Algorithms & Backtracking
STU0715,Neha Gupta,22,Female,UG,Kinesthetic,3.61,71,3,31.1,100,Trees & Binary Search Trees,"Dynamic Programming, Sorting & Searching Algorithms, Linked Lists & Doubly Linked Lists, Trees & Binary Search Trees, Machine Learning Foundations, Graph Algorithms, Greedy Algorithms & Backtracking, Arrays & Hash Maps, System Design Basics & Caching, Stacks & Queues",75,4,Easy,M1 -> M3 -> M6,92,63,Fair,Machine Learning Foundations
STU0716,Priya Rodriguez,20,Male,UG,Visual,2.41,88,2,31.7,70,System Design Basics & Caching,"Linked Lists & Doubly Linked Lists, Machine Learning Foundations, Greedy Algorithms & Backtracking, Sorting & Searching Algorithms, System Design Basics & Caching, Dynamic Programming, Graph Algorithms",62,2,Medium,M1 -> M3 -> M4,90,96,Excellent,System Design Basics & Caching
STU0717,Mason Jones,21,Male,UG,Visual,3.22,73,2,17.0,20,Graph Algorithms,"Machine Learning Foundations, System Design Basics & Caching",77,4,Medium,M1 -> M3 -> M4,98,73,Fair,Stacks & Queues
STU0718,Priya Patel,26,Male,PG,Auditory,2.0,74,5,16.0,60,Sorting & Searching Algorithms,"Greedy Algorithms & Backtracking, System Design Basics & Caching, Stacks & Queues, Arrays & Hash Maps, Sorting & Searching Algorithms, Dynamic Programming",77,1,Easy,M1 -> M2 -> M6,93,69,Fair,Sorting & Searching Algorithms
STU0719,Vikram Joshi,21,Male,UG,Auditory,2.12,66,3,52.6,80,Trees & Binary Search Trees,"Machine Learning Foundations, Stacks & Queues, Arrays & Hash Maps, Greedy Algorithms & Backtracking, Sorting & Searching Algorithms, Linked Lists & Doubly Linked Lists, System Design Basics & Caching, Trees & Binary Search Trees",87,1,Easy,M1 -> M3 -> M5,75,67,Fair,Sorting & Searching Algorithms
STU0720,Ananya Davis,20,Female,High School,Visual,3.53,71,2,46.5,40,Linked Lists & Doubly Linked Lists,"Stacks & Queues, Dynamic Programming, Linked Lists & Doubly Linked Lists, Trees & Binary Search Trees",70,2,Hard,M1 -> M3 -> M4,87,79,Good,Stacks & Queues
STU0721,Vikram Jones,24,Male,PG,Auditory,2.56,76,4,49.8,50,Machine Learning Foundations,"Trees & Binary Search Trees, Arrays & Hash Maps, Machine Learning Foundations, Greedy Algorithms & Backtracking, Stacks & Queues",89,0,Easy,M1 -> M4 -> M4,77,83,Good,Greedy Algorithms & Backtracking
STU0722,Ava Gupta,26,Female,UG,Kinesthetic,3.16,46,2,25.8,30,Arrays & Hash Maps,"System Design Basics & Caching, Stacks & Queues, Trees & Binary Search Trees",63,4,Hard,M1 -> M2 -> M6,72,46,Fail,Linked Lists & Doubly Linked Lists
STU0723,Siddharth Davis,19,Female,UG,Auditory,3.1,51,2,51.1,30,Arrays & Hash Maps,"Dynamic Programming, Greedy Algorithms & Backtracking, Trees & Binary Search Trees",74,5,Easy,M1 -> M4 -> M5,83,61,Fail,Linked Lists & Doubly Linked Lists
STU0724,Tanvi Patel,23,Female,High School,Kinesthetic,2.55,83,1,18.8,60,Arrays & Hash Maps,"Arrays & Hash Maps, Machine Learning Foundations, System Design Basics & Caching, Dynamic Programming, Sorting & Searching Algorithms, Greedy Algorithms & Backtracking",70,5,Easy,M1 -> M2 -> M6,85,76,Good,Trees & Binary Search Trees
STU0725,Dev Davis,23,Male,PG,Kinesthetic,3.94,74,3,32.1,10,Stacks & Queues,Sorting & Searching Algorithms,67,4,Easy,M1 -> M3 -> M4,87,68,Good,Machine Learning Foundations
STU0726,Pooja Rodriguez,26,Female,UG,Auditory,3.04,69,5,43.0,20,Stacks & Queues,"Stacks & Queues, Graph Algorithms",62,2,Medium,M1 -> M4 -> M5,70,60,Fair,Sorting & Searching Algorithms
STU0727,Pooja Verma,18,Female,High School,Auditory,2.69,72,4,40.3,60,Linked Lists & Doubly Linked Lists,"Sorting & Searching Algorithms, System Design Basics & Caching, Graph Algorithms, Greedy Algorithms & Backtracking, Linked Lists & Doubly Linked Lists, Trees & Binary Search Trees",75,3,Hard,M1 -> M3 -> M5,71,73,Fair,Sorting & Searching Algorithms
STU0728,Ishita Kumar,24,Male,PG,Kinesthetic,2.08,77,3,50.4,80,Arrays & Hash Maps,"Dynamic Programming, Trees & Binary Search Trees, System Design Basics & Caching, Greedy Algorithms & Backtracking, Graph Algorithms, Sorting & Searching Algorithms, Machine Learning Foundations, Stacks & Queues",61,4,Easy,M1 -> M2 -> M4,78,68,Good,Greedy Algorithms & Backtracking
STU0729,Isabella Gupta,24,Female,PG,Visual,3.78,63,4,47.3,90,Arrays & Hash Maps,"Graph Algorithms, Machine Learning Foundations, Stacks & Queues, System Design Basics & Caching, Trees & Binary Search Trees, Sorting & Searching Algorithms, Linked Lists & Doubly Linked Lists, Greedy Algorithms & Backtracking, Arrays & Hash Maps",72,4,Easy,M1 -> M3 -> M4,91,55,Good,Stacks & Queues
STU0730,Rahul Williams,22,Male,PG,Kinesthetic,3.29,60,2,31.6,50,Dynamic Programming,"Graph Algorithms, Stacks & Queues, Arrays & Hash Maps, Linked Lists & Doubly Linked Lists, Trees & Binary Search Trees",93,3,Medium,M1 -> M3 -> M4,97,51,Good,Machine Learning Foundations
STU0731,Ethan Williams,22,Female,High School,Auditory,3.89,74,3,39.5,60,Graph Algorithms,"Arrays & Hash Maps, Stacks & Queues, Dynamic Programming, Greedy Algorithms & Backtracking, Linked Lists & Doubly Linked Lists, System Design Basics & Caching",71,2,Medium,M1 -> M4 -> M4,82,73,Fair,Sorting & Searching Algorithms
STU0732,Riya Nair,22,Male,High School,Kinesthetic,2.22,57,3,29.9,40,System Design Basics & Caching,"System Design Basics & Caching, Machine Learning Foundations, Stacks & Queues, Dynamic Programming",68,3,Medium,M1 -> M4 -> M6,71,56,Fail,Arrays & Hash Maps
STU0733,Emma Verma,22,Male,High School,Visual,2.42,78,2,51.3,60,Trees & Binary Search Trees,"System Design Basics & Caching, Graph Algorithms, Sorting & Searching Algorithms, Greedy Algorithms & Backtracking, Arrays & Hash Maps, Trees & Binary Search Trees",66,0,Hard,M1 -> M4 -> M4,71,87,Excellent,Greedy Algorithms & Backtracking
STU0734,Vikram Mehta,19,Male,UG,Visual,2.27,46,5,49.3,60,Trees & Binary Search Trees,"Arrays & Hash Maps, Dynamic Programming, Machine Learning Foundations, Sorting & Searching Algorithms, Greedy Algorithms & Backtracking, System Design Basics & Caching",91,2,Medium,M1 -> M3 -> M6,94,53,Fail,Arrays & Hash Maps
STU0735,Sophia Miller,18,Male,High School,Visual,3.64,87,3,50.0,10,Machine Learning Foundations,Linked Lists & Doubly Linked Lists,67,4,Medium,M1 -> M4 -> M5,85,97,Good,Trees & Binary Search Trees
STU0736,Liam Garcia,22,Female,PG,Visual,3.92,79,1,18.4,70,Arrays & Hash Maps,"Machine Learning Foundations, Trees & Binary Search Trees, Dynamic Programming, Stacks & Queues, Graph Algorithms, Greedy Algorithms & Backtracking, Linked Lists & Doubly Linked Lists",98,0,Medium,M1 -> M2 -> M6,77,76,Excellent,Greedy Algorithms & Backtracking
STU0737,Arjun Miller,25,Female,High School,Kinesthetic,2.28,75,1,25.8,70,Trees & Binary Search Trees,"Stacks & Queues, Machine Learning Foundations, Trees & Binary Search Trees, Graph Algorithms, Dynamic Programming, Sorting & Searching Algorithms, Linked Lists & Doubly Linked Lists",77,2,Easy,M1 -> M2 -> M5,92,74,Good,Trees & Binary Search Trees
STU0738,Rahul Miller,26,Female,PG,Visual,3.66,86,4,57.1,10,Sorting & Searching Algorithms,Trees & Binary Search Trees,87,3,Easy,M1 -> M4 -> M6,73,80,Good,Greedy Algorithms & Backtracking
STU0739,Riya Sharma,18,Male,High School,Kinesthetic,3.77,96,1,29.4,60,Dynamic Programming,"Dynamic Programming, Linked Lists & Doubly Linked Lists, Arrays & Hash Maps, Trees & Binary Search Trees, System Design Basics & Caching, Machine Learning Foundations",73,0,Medium,M1 -> M2 -> M5,81,87,Excellent,Graph Algorithms
STU0740,Ethan Brown,26,Male,UG,Kinesthetic,2.22,87,2,28.7,80,Dynamic Programming,"System Design Basics & Caching, Stacks & Queues, Trees & Binary Search Trees, Graph Algorithms, Machine Learning Foundations, Sorting & Searching Algorithms, Arrays & Hash Maps, Greedy Algorithms & Backtracking",95,0,Medium,M1 -> M2 -> M5,77,92,Excellent,Greedy Algorithms & Backtracking
STU0741,Ava Davis,26,Male,UG,Visual,2.42,44,1,42.3,60,Machine Learning Foundations,"Linked Lists & Doubly Linked Lists, Arrays & Hash Maps, Machine Learning Foundations, Sorting & Searching Algorithms, Stacks & Queues, Trees & Binary Search Trees",63,4,Hard,M1 -> M3 -> M5,75,40,Fail,Linked Lists & Doubly Linked Lists
STU0742,Liam Jones,22,Male,UG,Kinesthetic,3.41,52,5,50.3,100,Dynamic Programming,"Machine Learning Foundations, Dynamic Programming, Graph Algorithms, System Design Basics & Caching, Greedy Algorithms & Backtracking, Sorting & Searching Algorithms, Trees & Binary Search Trees, Arrays & Hash Maps, Linked Lists & Doubly Linked Lists, Stacks & Queues",97,3,Hard,M1 -> M2 -> M5,73,51,Fail,Arrays & Hash Maps
STU0743,Aarav Miller,22,Male,High School,Visual,2.22,62,5,58.2,40,Graph Algorithms,"Stacks & Queues, Dynamic Programming, System Design Basics & Caching, Graph Algorithms",63,3,Easy,M1 -> M4 -> M5,82,72,Fair,Stacks & Queues
STU0744,Priya Jones,24,Male,PG,Auditory,2.35,72,5,55.9,40,Graph Algorithms,"System Design Basics & Caching, Trees & Binary Search Trees, Machine Learning Foundations, Stacks & Queues",75,4,Medium,M1 -> M3 -> M4,100,75,Fair,Machine Learning Foundations
STU0745,Mason Gupta,20,Female,UG,Visual,3.1,79,4,44.7,30,Dynamic Programming,"Machine Learning Foundations, Sorting & Searching Algorithms, Stacks & Queues",65,4,Hard,M1 -> M3 -> M5,72,75,Excellent,Greedy Algorithms & Backtracking
STU0746,Aarav Davis,25,Female,High School,Kinesthetic,3.66,61,1,26.3,30,Trees & Binary Search Trees,"System Design Basics & Caching, Sorting & Searching Algorithms, Machine Learning Foundations",72,2,Medium,M1 -> M2 -> M6,97,67,Fair,Machine Learning Foundations
STU0747,Aditya Verma,18,Male,UG,Visual,2.0,74,1,18.7,90,Dynamic Programming,"Machine Learning Foundations, Dynamic Programming, System Design Basics & Caching, Arrays & Hash Maps, Greedy Algorithms & Backtracking, Sorting & Searching Algorithms, Trees & Binary Search Trees, Stacks & Queues, Graph Algorithms",72,4,Medium,M1 -> M2 -> M4,86,65,Fair,Stacks & Queues
STU0748,Pooja Nair,19,Female,PG,Kinesthetic,2.15,60,2,54.2,60,Arrays & Hash Maps,"Greedy Algorithms & Backtracking, Dynamic Programming, Stacks & Queues, System Design Basics & Caching, Sorting & Searching Algorithms, Graph Algorithms",88,5,Medium,M1 -> M2 -> M6,77,70,Fair,Machine Learning Foundations
STU0749,Aditya Nair,18,Female,UG,Auditory,3.2,62,5,21.2,70,Stacks & Queues,"Arrays & Hash Maps, Greedy Algorithms & Backtracking, Stacks & Queues, Sorting & Searching Algorithms, Trees & Binary Search Trees, Dynamic Programming, Linked Lists & Doubly Linked Lists",61,4,Medium,M1 -> M4 -> M6,99,64,Good,Sorting & Searching Algorithms
STU0750,Isabella Verma,20,Male,UG,Visual,2.79,50,3,31.1,90,System Design Basics & Caching,"Graph Algorithms, Linked Lists & Doubly Linked Lists, Trees & Binary Search Trees, System Design Basics & Caching, Dynamic Programming, Greedy Algorithms & Backtracking, Sorting & Searching Algorithms, Arrays & Hash Maps, Stacks & Queues",70,1,Hard,M1 -> M2 -> M5,99,42,Fair,Arrays & Hash Maps
STU0751,Dev Sharma,21,Male,PG,Visual,2.16,58,4,25.7,30,Arrays & Hash Maps,"Dynamic Programming, Linked Lists & Doubly Linked Lists, Trees & Binary Search Trees",92,5,Hard,M1 -> M3 -> M6,81,60,Fair,Arrays & Hash Maps
STU0752,Priya Joshi,21,Female,High School,Kinesthetic,3.09,51,3,17.2,50,Graph Algorithms,"Machine Learning Foundations, Arrays & Hash Maps, Stacks & Queues, Dynamic Programming, Graph Algorithms",85,2,Medium,M1 -> M3 -> M5,71,48,Fail,Arrays & Hash Maps
STU0753,Dev Joshi,22,Male,UG,Auditory,3.07,57,2,18.4,30,Greedy Algorithms & Backtracking,"Greedy Algorithms & Backtracking, System Design Basics & Caching, Stacks & Queues",70,5,Easy,M1 -> M2 -> M6,78,63,Fail,Linked Lists & Doubly Linked Lists
STU0754,Isabella Brown,20,Female,PG,Auditory,3.57,87,4,16.3,100,Greedy Algorithms & Backtracking,"Trees & Binary Search Trees, Dynamic Programming, Machine Learning Foundations, System Design Basics & Caching, Graph Algorithms, Linked Lists & Doubly Linked Lists, Arrays & Hash Maps, Stacks & Queues, Greedy Algorithms & Backtracking, Sorting & Searching Algorithms",74,4,Hard,M1 -> M3 -> M6,87,97,Good,Greedy Algorithms & Backtracking
STU0755,Riya Williams,19,Female,UG,Kinesthetic,2.12,57,5,21.5,80,Trees & Binary Search Trees,"Dynamic Programming, System Design Basics & Caching, Stacks & Queues, Machine Learning Foundations, Arrays & Hash Maps, Greedy Algorithms & Backtracking, Sorting & Searching Algorithms, Linked Lists & Doubly Linked Lists",70,1,Easy,M1 -> M3 -> M6,72,59,Fair,Arrays & Hash Maps
STU0756,Emma Johnson,18,Female,PG,Auditory,3.87,100,2,18.3,50,Dynamic Programming,"Machine Learning Foundations, Stacks & Queues, Linked Lists & Doubly Linked Lists, Graph Algorithms, Sorting & Searching Algorithms",96,1,Hard,M1 -> M3 -> M5,100,91,Excellent,Graph Algorithms
STU0757,Tanvi Rodriguez,26,Female,High School,Auditory,3.25,79,5,34.5,90,Graph Algorithms,"System Design Basics & Caching, Arrays & Hash Maps, Stacks & Queues, Linked Lists & Doubly Linked Lists, Machine Learning Foundations, Greedy Algorithms & Backtracking, Sorting & Searching Algorithms, Graph Algorithms, Trees & Binary Search Trees",98,5,Medium,M1 -> M4 -> M4,98,88,Excellent,Trees & Binary Search Trees
STU0758,Karan Martinez,26,Male,PG,Visual,2.57,74,2,25.6,80,System Design Basics & Caching,"System Design Basics & Caching, Greedy Algorithms & Backtracking, Arrays & Hash Maps, Sorting & Searching Algorithms, Dynamic Programming, Trees & Binary Search Trees, Machine Learning Foundations, Linked Lists & Doubly Linked Lists",94,3,Hard,M1 -> M2 -> M6,75,64,Good,Stacks & Queues
STU0759,Isabella Martinez,25,Female,UG,Visual,3.93,59,4,32.3,20,Greedy Algorithms & Backtracking,"Greedy Algorithms & Backtracking, System Design Basics & Caching",69,4,Hard,M1 -> M4 -> M5,97,53,Fair,Arrays & Hash Maps
STU0760,Ethan Singh,23,Male,UG,Kinesthetic,2.08,82,1,44.9,90,Sorting & Searching Algorithms,"System Design Basics & Caching, Arrays & Hash Maps, Dynamic Programming, Sorting & Searching Algorithms, Linked Lists & Doubly Linked Lists, Greedy Algorithms & Backtracking, Stacks & Queues, Machine Learning Foundations, Graph Algorithms",83,3,Hard,M1 -> M4 -> M5,71,72,Excellent,Greedy Algorithms & Backtracking
STU0761,Emma Gupta,20,Female,PG,Visual,3.56,63,5,32.7,60,Sorting & Searching Algorithms,"Graph Algorithms, Machine Learning Foundations, Stacks & Queues, System Design Basics & Caching, Trees & Binary Search Trees, Sorting & Searching Algorithms",68,2,Easy,M1 -> M2 -> M6,90,57,Good,Stacks & Queues
STU0762,Emma Davis,22,Female,High School,Visual,3.09,73,2,56.1,100,Linked Lists & Doubly Linked Lists,"Sorting & Searching Algorithms, Dynamic Programming, Stacks & Queues, Greedy Algorithms & Backtracking, Arrays & Hash Maps, System Design Basics & Caching, Linked Lists & Doubly Linked Lists, Graph Algorithms, Trees & Binary Search Trees, Machine Learning Foundations",81,3,Easy,M1 -> M3 -> M6,97,70,Fair,Stacks & Queues
STU0763,Karan Miller,23,Male,High School,Kinesthetic,2.21,100,1,42.4,70,Sorting & Searching Algorithms,"Sorting & Searching Algorithms, Arrays & Hash Maps, Greedy Algorithms & Backtracking, Graph Algorithms, Stacks & Queues, Trees & Binary Search Trees, Machine Learning Foundations",91,5,Easy,M1 -> M3 -> M4,76,99,Excellent,System Design Basics & Caching
STU0764,Alex Martinez,19,Male,High School,Auditory,3.2,70,5,25.6,30,Arrays & Hash Maps,"Trees & Binary Search Trees, System Design Basics & Caching, Sorting & Searching Algorithms",62,0,Easy,M1 -> M3 -> M5,80,69,Fair,Sorting & Searching Algorithms
STU0765,Dev Gupta,23,Female,High School,Visual,2.43,89,4,47.8,30,Sorting & Searching Algorithms,"Machine Learning Foundations, Trees & Binary Search Trees, Dynamic Programming",93,0,Medium,M1 -> M3 -> M5,71,79,Excellent,System Design Basics & Caching
STU0766,Pooja Nair,20,Male,UG,Visual,2.07,61,4,40.3,60,Stacks & Queues,"Greedy Algorithms & Backtracking, Dynamic Programming, Linked Lists & Doubly Linked Lists, Sorting & Searching Algorithms, Graph Algorithms, System Design Basics & Caching",98,5,Medium,M1 -> M2 -> M5,74,58,Good,Stacks & Queues
STU0767,Ava Miller,26,Female,UG,Visual,3.78,71,4,50.7,60,System Design Basics & Caching,"Dynamic Programming, Machine Learning Foundations, Arrays & Hash Maps, Stacks & Queues, Graph Algorithms, Sorting & Searching Algorithms",88,4,Medium,M1 -> M2 -> M4,92,71,Good,Stacks & Queues
STU0768,Siddharth Smith,22,Female,PG,Kinesthetic,2.84,98,5,56.0,60,Sorting & Searching Algorithms,"Machine Learning Foundations, Graph Algorithms, Stacks & Queues, System Design Basics & Caching, Linked Lists & Doubly Linked Lists, Greedy Algorithms & Backtracking",65,5,Easy,M1 -> M3 -> M4,99,88,Excellent,System Design Basics & Caching
STU0769,Mason Verma,18,Male,UG,Auditory,3.28,62,3,30.3,100,Trees & Binary Search Trees,"Linked Lists & Doubly Linked Lists, Trees & Binary Search Trees, Stacks & Queues, Sorting & Searching Algorithms, Arrays & Hash Maps, Greedy Algorithms & Backtracking, Graph Algorithms, Dynamic Programming, System Design Basics & Caching, Machine Learning Foundations",62,4,Easy,M1 -> M4 -> M6,91,55,Good,Sorting & Searching Algorithms
STU0770,Ishita Rao,22,Female,UG,Kinesthetic,3.24,99,4,21.7,80,Stacks & Queues,"Greedy Algorithms & Backtracking, Trees & Binary Search Trees, Dynamic Programming, System Design Basics & Caching, Sorting & Searching Algorithms, Machine Learning Foundations, Stacks & Queues, Graph Algorithms",60,1,Hard,M1 -> M4 -> M6,75,100,Excellent,Dynamic Programming
STU0771,Ishita Joshi,19,Male,High School,Kinesthetic,3.09,82,2,24.0,20,Stacks & Queues,"Trees & Binary Search Trees, Linked Lists & Doubly Linked Lists",69,5,Hard,M1 -> M2 -> M5,70,74,Good,Greedy Algorithms & Backtracking
STU0772,Siddharth Mehta,24,Female,UG,Visual,2.41,63,2,50.4,90,Greedy Algorithms & Backtracking,"Sorting & Searching Algorithms, Arrays & Hash Maps, Stacks & Queues, Dynamic Programming, Trees & Binary Search Trees, Machine Learning Foundations, System Design Basics & Caching, Greedy Algorithms & Backtracking, Linked Lists & Doubly Linked Lists",82,3,Hard,M1 -> M4 -> M5,90,61,Good,Stacks & Queues
STU0773,Meera Singh,24,Male,PG,Visual,2.65,81,4,58.2,100,Linked Lists & Doubly Linked Lists,"System Design Basics & Caching, Greedy Algorithms & Backtracking, Dynamic Programming, Sorting & Searching Algorithms, Graph Algorithms, Linked Lists & Doubly Linked Lists, Arrays & Hash Maps, Machine Learning Foundations, Trees & Binary Search Trees, Stacks & Queues",90,1,Hard,M1 -> M3 -> M6,76,89,Good,Trees & Binary Search Trees
STU0774,Alex Rodriguez,20,Male,UG,Visual,2.35,86,2,39.9,100,Machine Learning Foundations,"Machine Learning Foundations, Trees & Binary Search Trees, Dynamic Programming, Linked Lists & Doubly Linked Lists, Arrays & Hash Maps, System Design Basics & Caching, Stacks & Queues, Graph Algorithms, Sorting & Searching Algorithms, Greedy Algorithms & Backtracking",69,1,Hard,M1 -> M4 -> M5,100,83,Excellent,Greedy Algorithms & Backtracking
STU0775,Olivia Rodriguez,26,Male,UG,Kinesthetic,3.88,81,4,24.8,50,Dynamic Programming,"Linked Lists & Doubly Linked Lists, Greedy Algorithms & Backtracking, System Design Basics & Caching, Sorting & Searching Algorithms, Dynamic Programming",85,2,Medium,M1 -> M4 -> M5,97,79,Good,Greedy Algorithms & Backtracking
STU0776,Yash Garcia,19,Male,UG,Kinesthetic,3.65,48,5,56.0,100,Greedy Algorithms & Backtracking,"Arrays & Hash Maps, Stacks & Queues, System Design Basics & Caching, Trees & Binary Search Trees, Machine Learning Foundations, Linked Lists & Doubly Linked Lists, Sorting & Searching Algorithms, Graph Algorithms, Dynamic Programming, Greedy Algorithms & Backtracking",67,1,Hard,M1 -> M2 -> M6,100,54,Fair,Arrays & Hash Maps
STU0777,Sneha Singh,20,Male,PG,Visual,2.27,61,3,49.2,60,Dynamic Programming,"Arrays & Hash Maps, System Design Basics & Caching, Trees & Binary Search Trees, Linked Lists & Doubly Linked Lists, Machine Learning Foundations, Sorting & Searching Algorithms",91,4,Hard,M1 -> M4 -> M6,97,69,Good,Stacks & Queues
STU0778,Dev Johnson,21,Female,PG,Kinesthetic,2.71,68,1,27.5,40,System Design Basics & Caching,"Dynamic Programming, Arrays & Hash Maps, System Design Basics & Caching, Linked Lists & Doubly Linked Lists",79,1,Medium,M1 -> M4 -> M6,73,72,Fair,Machine Learning Foundations
STU0779,Rohan Johnson,20,Male,PG,Kinesthetic,3.8,70,5,48.7,20,Arrays & Hash Maps,"Stacks & Queues, Machine Learning Foundations",61,0,Hard,M1 -> M3 -> M6,86,66,Good,Machine Learning Foundations
STU0780,Ananya Martinez,21,Male,PG,Auditory,3.98,81,1,42.4,20,Trees & Binary Search Trees,"Machine Learning Foundations, Greedy Algorithms & Backtracking",67,1,Easy,M1 -> M4 -> M4,76,76,Good,Greedy Algorithms & Backtracking
STU0781,Priya Jones,24,Female,PG,Visual,2.11,74,4,21.1,100,Linked Lists & Doubly Linked Lists,"Linked Lists & Doubly Linked Lists, Machine Learning Foundations, Dynamic Programming, Trees & Binary Search Trees, Arrays & Hash Maps, System Design Basics & Caching, Graph Algorithms, Sorting & Searching Algorithms, Stacks & Queues, Greedy Algorithms & Backtracking",81,5,Hard,M1 -> M2 -> M4,93,70,Good,Stacks & Queues
STU0782,Ananya Rao,21,Female,UG,Auditory,2.42,51,3,49.9,10,Stacks & Queues,Greedy Algorithms & Backtracking,66,1,Easy,M1 -> M2 -> M4,79,41,Fair,Arrays & Hash Maps
STU0783,Olivia Davis,24,Male,UG,Visual,3.15,77,2,46.5,60,Stacks & Queues,"Stacks & Queues, Graph Algorithms, Dynamic Programming, Linked Lists & Doubly Linked Lists, Arrays & Hash Maps, System Design Basics & Caching",83,2,Hard,M1 -> M4 -> M6,70,73,Good,Greedy Algorithms & Backtracking
STU0784,Liam Rodriguez,23,Male,PG,Kinesthetic,2.99,81,4,20.3,10,Linked Lists & Doubly Linked Lists,Trees & Binary Search Trees,77,1,Hard,M1 -> M4 -> M5,81,83,Excellent,Greedy Algorithms & Backtracking
STU0785,Ishita Singh,21,Male,UG,Visual,3.78,80,4,20.5,30,Arrays & Hash Maps,"Stacks & Queues, Greedy Algorithms & Backtracking, Arrays & Hash Maps",99,1,Easy,M1 -> M3 -> M4,89,89,Excellent,Greedy Algorithms & Backtracking
STU0786,Ananya Jones,19,Female,UG,Kinesthetic,2.04,88,3,26.7,40,Stacks & Queues,"Stacks & Queues, Graph Algorithms, Linked Lists & Doubly Linked Lists, Machine Learning Foundations",70,5,Hard,M1 -> M2 -> M4,92,87,Excellent,System Design Basics & Caching
STU0787,Ananya Mehta,18,Male,High School,Kinesthetic,2.73,84,3,34.9,70,Greedy Algorithms & Backtracking,"Machine Learning Foundations, Greedy Algorithms & Backtracking, Sorting & Searching Algorithms, Trees & Binary Search Trees, Stacks & Queues, Graph Algorithms, Arrays & Hash Maps",82,2,Medium,M1 -> M2 -> M5,96,77,Good,Trees & Binary Search Trees
STU0788,Rahul Nair,25,Female,High School,Visual,2.09,78,1,16.7,10,Linked Lists & Doubly Linked Lists,System Design Basics & Caching,61,5,Medium,M1 -> M2 -> M5,78,70,Good,Trees & Binary Search Trees
STU0789,Meera Kumar,24,Male,PG,Visual,3.03,70,3,46.7,60,Greedy Algorithms & Backtracking,"Linked Lists & Doubly Linked Lists, Stacks & Queues, Arrays & Hash Maps, Dynamic Programming, Sorting & Searching Algorithms, Greedy Algorithms & Backtracking",89,0,Easy,M1 -> M3 -> M5,77,61,Fair,Stacks & Queues
STU0790,Dev Mehta,23,Male,High School,Auditory,2.72,47,1,15.8,90,Graph Algorithms,"Greedy Algorithms & Backtracking, Graph Algorithms, Trees & Binary Search Trees, Dynamic Programming, Machine Learning Foundations, Linked Lists & Doubly Linked Lists, Arrays & Hash Maps, Stacks & Queues, Sorting & Searching Algorithms",87,1,Hard,M1 -> M3 -> M5,83,56,Fair,Linked Lists & Doubly Linked Lists
STU0791,Aditya Garcia,18,Male,High School,Kinesthetic,2.01,78,4,56.5,40,Trees & Binary Search Trees,"Machine Learning Foundations, Dynamic Programming, Stacks & Queues, System Design Basics & Caching",87,3,Hard,M1 -> M2 -> M5,72,84,Good,Trees & Binary Search Trees
STU0792,Sneha Singh,25,Male,High School,Visual,3.96,75,1,50.8,70,Dynamic Programming,"Dynamic Programming, Linked Lists & Doubly Linked Lists, Graph Algorithms, Stacks & Queues, Sorting & Searching Algorithms, Greedy Algorithms & Backtracking, Arrays & Hash Maps",63,3,Easy,M1 -> M2 -> M5,70,85,Excellent,Trees & Binary Search Trees
STU0793,Aditya Rodriguez,21,Male,PG,Kinesthetic,3.51,76,1,29.2,50,Machine Learning Foundations,"Arrays & Hash Maps, Sorting & Searching Algorithms, Trees & Binary Search Trees, System Design Basics & Caching, Dynamic Programming",71,0,Hard,M1 -> M4 -> M5,96,85,Good,Greedy Algorithms & Backtracking
STU0794,Ethan Garcia,24,Female,PG,Visual,3.3,52,4,32.2,40,Greedy Algorithms & Backtracking,"Machine Learning Foundations, Greedy Algorithms & Backtracking, Linked Lists & Doubly Linked Lists, Dynamic Programming",95,5,Easy,M1 -> M3 -> M4,76,57,Fair,Arrays & Hash Maps
STU0795,Ishita Verma,25,Female,PG,Auditory,2.5,55,5,45.1,30,Sorting & Searching Algorithms,"Dynamic Programming, Stacks & Queues, Trees & Binary Search Trees",98,2,Easy,M1 -> M4 -> M5,72,53,Fail,Arrays & Hash Maps
STU0796,Neha Brown,20,Male,High School,Auditory,2.1,87,3,19.3,80,System Design Basics & Caching,"Stacks & Queues, Linked Lists & Doubly Linked Lists, System Design Basics & Caching, Trees & Binary Search Trees, Arrays & Hash Maps, Greedy Algorithms & Backtracking, Sorting & Searching Algorithms, Machine Learning Foundations",94,0,Easy,M1 -> M2 -> M4,84,77,Excellent,Trees & Binary Search Trees
STU0797,Sophia Davis,26,Female,PG,Kinesthetic,2.06,71,3,39.1,20,System Design Basics & Caching,"Dynamic Programming, Graph Algorithms",70,0,Hard,M1 -> M4 -> M6,99,68,Good,Machine Learning Foundations
STU0798,Yash Jones,26,Female,UG,Visual,3.08,82,5,17.1,10,Arrays & Hash Maps,Graph Algorithms,90,2,Medium,M1 -> M2 -> M4,88,74,Good,Greedy Algorithms & Backtracking
STU0799,Ishita Martinez,24,Male,PG,Kinesthetic,2.17,72,5,45.2,30,System Design Basics & Caching,"Greedy Algorithms & Backtracking, Graph Algorithms, Stacks & Queues",95,4,Medium,M1 -> M4 -> M6,91,82,Good,Machine Learning Foundations
STU0800,Ananya Nair,18,Female,High School,Kinesthetic,2.24,72,3,34.2,20,Machine Learning Foundations,"Dynamic Programming, Linked Lists & Doubly Linked Lists",91,4,Hard,M1 -> M3 -> M5,98,79,Fair,Machine Learning Foundations
STU0801,Tanvi Mehta,23,Female,UG,Visual,3.56,86,3,52.6,80,Machine Learning Foundations,"Dynamic Programming, Stacks & Queues, Graph Algorithms, Sorting & Searching Algorithms, Arrays & Hash Maps, Greedy Algorithms & Backtracking, Trees & Binary Search Trees, System Design Basics & Caching",84,3,Easy,M1 -> M4 -> M5,78,90,Excellent,Greedy Algorithms & Backtracking
STU0802,Siddharth Rao,20,Male,UG,Visual,2.31,64,4,27.4,60,Linked Lists & Doubly Linked Lists,"Dynamic Programming, Stacks & Queues, System Design Basics & Caching, Greedy Algorithms & Backtracking, Graph Algorithms, Linked Lists & Doubly Linked Lists",94,1,Medium,M1 -> M3 -> M6,87,70,Fair,Machine Learning Foundations
STU0803,Sneha Martinez,18,Female,High School,Auditory,2.79,73,1,43.0,30,System Design Basics & Caching,"Greedy Algorithms & Backtracking, Linked Lists & Doubly Linked Lists, Dynamic Programming",64,0,Hard,M1 -> M2 -> M6,77,74,Fair,Sorting & Searching Algorithms
STU0804,Emma Martinez,20,Male,PG,Auditory,2.22,65,2,17.0,40,Greedy Algorithms & Backtracking,"Dynamic Programming, Arrays & Hash Maps, Sorting & Searching Algorithms, Linked Lists & Doubly Linked Lists",76,2,Hard,M1 -> M3 -> M5,70,60,Fair,Sorting & Searching Algorithms
STU0805,Kavya Nair,22,Female,High School,Auditory,2.25,65,2,46.4,20,Dynamic Programming,"Sorting & Searching Algorithms, Arrays & Hash Maps",77,0,Medium,M1 -> M3 -> M4,94,70,Good,Sorting & Searching Algorithms
STU0806,Mason Patel,26,Male,PG,Auditory,3.19,67,4,27.2,100,System Design Basics & Caching,"Arrays & Hash Maps, System Design Basics & Caching, Machine Learning Foundations, Dynamic Programming, Trees & Binary Search Trees, Sorting & Searching Algorithms, Linked Lists & Doubly Linked Lists, Greedy Algorithms & Backtracking, Graph Algorithms, Stacks & Queues",93,0,Medium,M1 -> M4 -> M4,90,69,Good,Sorting & Searching Algorithms
STU0807,Aditya Davis,24,Male,PG,Kinesthetic,2.79,75,1,20.0,100,System Design Basics & Caching,"Greedy Algorithms & Backtracking, Graph Algorithms, Dynamic Programming, System Design Basics & Caching, Stacks & Queues, Arrays & Hash Maps, Sorting & Searching Algorithms, Linked Lists & Doubly Linked Lists, Trees & Binary Search Trees, Machine Learning Foundations",99,1,Medium,M1 -> M2 -> M6,81,72,Good,Greedy Algorithms & Backtracking
STU0808,Liam Williams,18,Female,High School,Visual,2.95,64,4,58.9,70,Arrays & Hash Maps,"Trees & Binary Search Trees, System Design Basics & Caching, Dynamic Programming, Linked Lists & Doubly Linked Lists, Machine Learning Foundations, Stacks & Queues, Greedy Algorithms & Backtracking",68,0,Hard,M1 -> M3 -> M5,71,66,Good,Stacks & Queues
STU0809,Meera Sharma,18,Male,PG,Kinesthetic,3.3,90,3,56.4,50,Stacks & Queues,"Graph Algorithms, System Design Basics & Caching, Machine Learning Foundations, Linked Lists & Doubly Linked Lists, Arrays & Hash Maps",84,5,Hard,M1 -> M4 -> M6,83,93,Excellent,Dynamic Programming
STU0810,Meera Brown,18,Female,UG,Auditory,2.32,58,3,39.2,50,Sorting & Searching Algorithms,"Dynamic Programming, Sorting & Searching Algorithms, Greedy Algorithms & Backtracking, Machine Learning Foundations, Trees & Binary Search Trees",61,4,Easy,M1 -> M3 -> M4,95,64,Fair,Arrays & Hash Maps
STU0811,Olivia Martinez,18,Female,High School,Visual,3.71,69,4,30.1,60,Graph Algorithms,"Dynamic Programming, Machine Learning Foundations, Stacks & Queues, System Design Basics & Caching, Sorting & Searching Algorithms, Linked Lists & Doubly Linked Lists",78,0,Medium,M1 -> M4 -> M6,77,60,Good,Machine Learning Foundations
STU0812,Aarav Brown,20,Male,High School,Visual,2.3,65,3,33.1,30,Greedy Algorithms & Backtracking,"Dynamic Programming, Greedy Algorithms & Backtracking, System Design Basics & Caching",80,4,Medium,M1 -> M2 -> M4,92,58,Fair,Stacks & Queues
STU0813,Rohan Johnson,26,Female,PG,Kinesthetic,3.28,93,1,19.9,10,Arrays & Hash Maps,System Design Basics & Caching,97,4,Medium,M1 -> M3 -> M6,87,87,Excellent,Dynamic Programming
STU0814,Vikram Patel,20,Female,UG,Visual,3.86,74,4,18.4,50,Greedy Algorithms & Backtracking,"Stacks & Queues, Dynamic Programming, Graph Algorithms, System Design Basics & Caching, Linked Lists & Doubly Linked Lists",67,1,Medium,M1 -> M2 -> M6,80,71,Good,Machine Learning Foundations
STU0815,Riya Johnson,24,Male,UG,Kinesthetic,2.7,87,3,20.8,30,Sorting & Searching Algorithms,"Graph Algorithms, System Design Basics & Caching, Stacks & Queues",95,5,Medium,M1 -> M3 -> M5,71,78,Excellent,Greedy Algorithms & Backtracking
STU0816,Emma Brown,22,Female,PG,Auditory,2.57,49,4,27.8,80,Sorting & Searching Algorithms,"Stacks & Queues, Trees & Binary Search Trees, Linked Lists & Doubly Linked Lists, Arrays & Hash Maps, Greedy Algorithms & Backtracking, Sorting & Searching Algorithms, Graph Algorithms, Machine Learning Foundations",94,4,Hard,M1 -> M4 -> M6,96,41,Fair,Arrays & Hash Maps
STU0817,Dev Jones,24,Male,High School,Kinesthetic,2.59,76,5,39.3,30,Greedy Algorithms & Backtracking,"Stacks & Queues, Arrays & Hash Maps, Trees & Binary Search Trees",70,0,Hard,M1 -> M4 -> M4,87,67,Excellent,Trees & Binary Search Trees
STU0818,Olivia Patel,24,Male,High School,Auditory,2.66,85,5,37.6,40,Arrays & Hash Maps,"Dynamic Programming, Trees & Binary Search Trees, Sorting & Searching Algorithms, Greedy Algorithms & Backtracking",69,2,Medium,M1 -> M3 -> M4,70,76,Good,Trees & Binary Search Trees
STU0819,Ava Gupta,26,Male,PG,Auditory,2.88,73,3,26.8,90,Graph Algorithms,"System Design Basics & Caching, Linked Lists & Doubly Linked Lists, Dynamic Programming, Stacks & Queues, Machine Learning Foundations, Greedy Algorithms & Backtracking, Graph Algorithms, Sorting & Searching Algorithms, Trees & Binary Search Trees",63,4,Medium,M1 -> M4 -> M4,89,82,Good,Sorting & Searching Algorithms
STU0820,Vikram Jones,26,Male,High School,Kinesthetic,3.37,87,5,44.7,60,Trees & Binary Search Trees,"Machine Learning Foundations, Linked Lists & Doubly Linked Lists, Stacks & Queues, Graph Algorithms, Trees & Binary Search Trees, Dynamic Programming",94,5,Hard,M1 -> M4 -> M6,94,81,Excellent,Trees & Binary Search Trees
STU0821,Mason Martinez,18,Female,UG,Auditory,3.16,64,2,26.4,30,Greedy Algorithms & Backtracking,"Linked Lists & Doubly Linked Lists, Graph Algorithms, Greedy Algorithms & Backtracking",74,0,Easy,M1 -> M4 -> M5,78,58,Good,Sorting & Searching Algorithms
STU0822,Mason Joshi,26,Male,PG,Auditory,2.33,93,5,37.5,40,Trees & Binary Search Trees,"Machine Learning Foundations, Linked Lists & Doubly Linked Lists, Stacks & Queues, Arrays & Hash Maps",85,1,Easy,M1 -> M4 -> M4,86,99,Excellent,System Design Basics & Caching
STU0823,Isabella Verma,26,Male,High School,Visual,2.24,100,2,55.0,20,Arrays & Hash Maps,"Stacks & Queues, Trees & Binary Search Trees",61,0,Medium,M1 -> M3 -> M5,82,93,Excellent,System Design Basics & Caching
STU0824,Ananya Sharma,26,Female,PG,Auditory,2.24,66,5,28.0,90,Linked Lists & Doubly Linked Lists,"Graph Algorithms, Trees & Binary Search Trees, Sorting & Searching Algorithms, System Design Basics & Caching, Arrays & Hash Maps, Stacks & Queues, Greedy Algorithms & Backtracking, Machine Learning Foundations, Dynamic Programming",80,5,Easy,M1 -> M4 -> M6,95,71,Fair,Sorting & Searching Algorithms
STU0825,Aditya Brown,26,Male,High School,Auditory,2.62,65,3,51.8,100,Sorting & Searching Algorithms,"Linked Lists & Doubly Linked Lists, Arrays & Hash Maps, System Design Basics & Caching, Machine Learning Foundations, Sorting & Searching Algorithms, Greedy Algorithms & Backtracking, Trees & Binary Search Trees, Dynamic Programming, Graph Algorithms, Stacks & Queues",77,2,Medium,M1 -> M3 -> M4,70,56,Good,Sorting & Searching Algorithms
STU0826,Riya Brown,24,Female,UG,Visual,2.15,93,4,39.4,70,Sorting & Searching Algorithms,"Graph Algorithms, Linked Lists & Doubly Linked Lists, System Design Basics & Caching, Sorting & Searching Algorithms, Greedy Algorithms & Backtracking, Stacks & Queues, Arrays & Hash Maps",66,3,Hard,M1 -> M4 -> M5,85,84,Excellent,System Design Basics & Caching
STU0827,Siddharth Martinez,18,Female,PG,Visual,2.86,95,5,35.7,90,Trees & Binary Search Trees,"Graph Algorithms, System Design Basics & Caching, Stacks & Queues, Trees & Binary Search Trees, Machine Learning Foundations, Sorting & Searching Algorithms, Dynamic Programming, Arrays & Hash Maps, Linked Lists & Doubly Linked Lists",60,4,Hard,M1 -> M3 -> M6,86,100,Excellent,System Design Basics & Caching
STU0828,Yash Gupta,25,Female,PG,Visual,2.73,64,4,55.4,60,Machine Learning Foundations,"Dynamic Programming, Stacks & Queues, Sorting & Searching Algorithms, Trees & Binary Search Trees, Arrays & Hash Maps, Graph Algorithms",61,5,Easy,M1 -> M2 -> M4,83,65,Fair,Stacks & Queues
STU0829,Dev Miller,26,Male,UG,Visual,2.61,65,2,57.3,20,System Design Basics & Caching,"Arrays & Hash Maps, Sorting & Searching Algorithms",89,2,Medium,M1 -> M2 -> M5,84,64,Good,Stacks & Queues
STU0830,Liam Patel,20,Female,UG,Auditory,3.2,67,2,27.6,20,Linked Lists & Doubly Linked Lists,"System Design Basics & Caching, Machine Learning Foundations",98,5,Easy,M1 -> M3 -> M5,75,61,Fair,Sorting & Searching Algorithms
STU0831,Pooja Garcia,23,Male,UG,Visual,3.62,51,3,45.6,50,Sorting & Searching Algorithms,"Graph Algorithms, Stacks & Queues, Linked Lists & Doubly Linked Lists, Dynamic Programming, Machine Learning Foundations",83,3,Hard,M1 -> M3 -> M5,74,41,Fail,Arrays & Hash Maps
STU0832,Ava Rodriguez,20,Male,UG,Auditory,3.66,58,2,24.5,100,Arrays & Hash Maps,"Arrays & Hash Maps, Linked Lists & Doubly Linked Lists, Dynamic Programming, System Design Basics & Caching, Sorting & Searching Algorithms, Stacks & Queues, Trees & Binary Search Trees, Greedy Algorithms & Backtracking, Machine Learning Foundations, Graph Algorithms",68,2,Easy,M1 -> M2 -> M6,99,65,Fair,Linked Lists & Doubly Linked Lists
STU0833,Pooja Smith,22,Male,High School,Visual,2.97,56,5,56.6,90,Stacks & Queues,"Stacks & Queues, Graph Algorithms, Greedy Algorithms & Backtracking, Linked Lists & Doubly Linked Lists, Arrays & Hash Maps, Dynamic Programming, Trees & Binary Search Trees, Sorting & Searching Algorithms, System Design Basics & Caching",83,0,Hard,M1 -> M3 -> M6,92,47,Fail,Arrays & Hash Maps
STU0834,Rohan Gupta,23,Male,PG,Visual,3.69,60,4,18.6,20,Linked Lists & Doubly Linked Lists,"Sorting & Searching Algorithms, Stacks & Queues",62,5,Easy,M1 -> M2 -> M6,76,51,Good,Stacks & Queues
STU0835,Ananya Jones,19,Female,PG,Auditory,3.36,71,1,54.5,10,Greedy Algorithms & Backtracking,Graph Algorithms,96,2,Easy,M1 -> M4 -> M5,95,81,Good,Sorting & Searching Algorithms
STU0836,Rahul Rodriguez,26,Female,UG,Kinesthetic,3.11,75,4,49.5,40,Dynamic Programming,"Sorting & Searching Algorithms, Stacks & Queues, Graph Algorithms, System Design Basics & Caching",86,5,Hard,M1 -> M2 -> M5,72,71,Excellent,Trees & Binary Search Trees
STU0837,Mason Patel,18,Female,UG,Visual,2.31,95,4,26.5,90,Machine Learning Foundations,"Dynamic Programming, Trees & Binary Search Trees, Stacks & Queues, Arrays & Hash Maps, System Design Basics & Caching, Greedy Algorithms & Backtracking, Linked Lists & Doubly Linked Lists, Graph Algorithms, Sorting & Searching Algorithms",75,2,Hard,M1 -> M2 -> M5,71,97,Excellent,System Design Basics & Caching
STU0838,Ava Nair,26,Female,High School,Kinesthetic,2.86,57,5,37.7,40,Machine Learning Foundations,"System Design Basics & Caching, Trees & Binary Search Trees, Graph Algorithms, Stacks & Queues",95,2,Hard,M1 -> M2 -> M5,97,56,Fair,Arrays & Hash Maps
STU0839,Arjun Singh,26,Male,UG,Auditory,2.11,86,3,58.2,80,Graph Algorithms,"Arrays & Hash Maps, Dynamic Programming, Sorting & Searching Algorithms, Trees & Binary Search Trees, Graph Algorithms, Stacks & Queues, Greedy Algorithms & Backtracking, Machine Learning Foundations",70,1,Hard,M1 -> M4 -> M4,99,86,Good,Greedy Algorithms & Backtracking
STU0840,Mason Smith,19,Male,UG,Kinesthetic,3.4,68,2,19.5,10,Machine Learning Foundations,Linked Lists & Doubly Linked Lists,65,0,Hard,M1 -> M2 -> M6,70,62,Good,Machine Learning Foundations
STU0841,Karan Rao,25,Female,High School,Kinesthetic,3.41,71,3,51.8,30,Arrays & Hash Maps,"Dynamic Programming, Sorting & Searching Algorithms, Trees & Binary Search Trees",77,5,Hard,M1 -> M2 -> M4,74,66,Fair,Machine Learning Foundations
STU0842,Dev Smith,23,Male,High School,Visual,3.72,82,1,30.2,10,Linked Lists & Doubly Linked Lists,Sorting & Searching Algorithms,71,2,Hard,M1 -> M3 -> M6,80,73,Excellent,Trees & Binary Search Trees
STU0843,Dev Rao,18,Female,High School,Auditory,3.41,55,3,46.9,30,Greedy Algorithms & Backtracking,"Machine Learning Foundations, System Design Basics & Caching, Arrays & Hash Maps",97,5,Easy,M1 -> M2 -> M6,71,45,Fail,Arrays & Hash Maps
STU0844,Arjun Rao,21,Female,PG,Visual,2.41,77,1,39.4,100,Linked Lists & Doubly Linked Lists,"Arrays & Hash Maps, Graph Algorithms, Sorting & Searching Algorithms, Linked Lists & Doubly Linked Lists, Machine Learning Foundations, Dynamic Programming, Trees & Binary Search Trees, Greedy Algorithms & Backtracking, System Design Basics & Caching, Stacks & Queues",100,4,Hard,M1 -> M4 -> M5,89,72,Good,Greedy Algorithms & Backtracking
STU0845,Tanvi Johnson,23,Male,UG,Kinesthetic,3.13,74,1,17.7,30,Arrays & Hash Maps,"Sorting & Searching Algorithms, Dynamic Programming, Linked Lists & Doubly Linked Lists",91,4,Medium,M1 -> M4 -> M4,88,77,Fair,Machine Learning Foundations
STU0846,Isabella Davis,18,Male,PG,Auditory,3.43,79,2,40.7,80,Graph Algorithms,"Arrays & Hash Maps, Trees & Binary Search Trees, Greedy Algorithms & Backtracking, Graph Algorithms, Stacks & Queues, Linked Lists & Doubly Linked Lists, Dynamic Programming, Sorting & Searching Algorithms",78,2,Easy,M1 -> M2 -> M4,82,84,Excellent,Greedy Algorithms & Backtracking
STU0847,Dev Williams,20,Female,UG,Visual,2.44,76,2,55.4,60,Arrays & Hash Maps,"Linked Lists & Doubly Linked Lists, Greedy Algorithms & Backtracking, Trees & Binary Search Trees, System Design Basics & Caching, Stacks & Queues, Sorting & Searching Algorithms",71,2,Hard,M1 -> M4 -> M4,75,84,Good,Greedy Algorithms & Backtracking
STU0848,Liam Singh,21,Male,UG,Auditory,3.71,100,4,52.8,20,Arrays & Hash Maps,"Arrays & Hash Maps, Machine Learning Foundations",62,2,Hard,M1 -> M4 -> M6,99,100,Excellent,Graph Algorithms
STU0849,Siddharth Nair,21,Male,High School,Visual,2.18,62,3,48.9,70,Greedy Algorithms & Backtracking,"Trees & Binary Search Trees, Stacks & Queues, Arrays & Hash Maps, System Design Basics & Caching, Sorting & Searching Algorithms, Dynamic Programming, Machine Learning Foundations",96,4,Easy,M1 -> M3 -> M6,72,57,Good,Stacks & Queues
STU0850,Yash Rodriguez,24,Female,High School,Auditory,2.09,64,3,30.9,40,Dynamic Programming,"Stacks & Queues, Arrays & Hash Maps, Machine Learning Foundations, Trees & Binary Search Trees",71,0,Hard,M1 -> M2 -> M6,74,54,Good,Sorting & Searching Algorithms
STU0851,Isabella Jones,19,Male,UG,Visual,2.45,62,5,50.4,90,Arrays & Hash Maps,"Stacks & Queues, Trees & Binary Search Trees, Dynamic Programming, Sorting & Searching Algorithms, Linked Lists & Doubly Linked Lists, Arrays & Hash Maps, Greedy Algorithms & Backtracking, Graph Algorithms, System Design Basics & Caching",93,4,Hard,M1 -> M4 -> M5,73,65,Fair,Stacks & Queues
STU0852,Priya Gupta,26,Female,High School,Kinesthetic,2.74,63,1,48.8,90,System Design Basics & Caching,"Linked Lists & Doubly Linked Lists, Sorting & Searching Algorithms, Greedy Algorithms & Backtracking, System Design Basics & Caching, Trees & Binary Search Trees, Machine Learning Foundations, Arrays & Hash Maps, Graph Algorithms, Dynamic Programming",81,1,Medium,M1 -> M2 -> M6,89,57,Fair,Machine Learning Foundations
STU0853,Siddharth Rodriguez,25,Male,PG,Auditory,2.66,62,4,22.3,50,Arrays & Hash Maps,"Linked Lists & Doubly Linked Lists, System Design Basics & Caching, Stacks & Queues, Machine Learning Foundations, Sorting & Searching Algorithms",63,1,Hard,M1 -> M4 -> M4,99,59,Good,Sorting & Searching Algorithms
STU0854,Rahul Singh,18,Female,High School,Auditory,2.56,89,3,41.0,50,Trees & Binary Search Trees,"Stacks & Queues, System Design Basics & Caching, Linked Lists & Doubly Linked Lists, Arrays & Hash Maps, Trees & Binary Search Trees",72,5,Hard,M1 -> M4 -> M6,70,83,Excellent,Graph Algorithms
STU0855,Ananya Joshi,18,Female,PG,Kinesthetic,2.3,93,2,46.3,30,Stacks & Queues,"Greedy Algorithms & Backtracking, Machine Learning Foundations, Sorting & Searching Algorithms",66,1,Easy,M1 -> M2 -> M4,86,85,Excellent,System Design Basics & Caching
STU0856,Riya Smith,18,Female,UG,Auditory,2.39,63,2,57.1,10,Sorting & Searching Algorithms,Machine Learning Foundations,88,3,Hard,M1 -> M4 -> M4,87,60,Good,Sorting & Searching Algorithms
STU0857,Rahul Patel,18,Male,PG,Visual,2.83,59,5,16.8,20,Greedy Algorithms & Backtracking,"Graph Algorithms, Dynamic Programming",70,4,Medium,M1 -> M2 -> M4,77,66,Fail,Arrays & Hash Maps
STU0858,Ethan Nair,19,Female,UG,Visual,2.3,79,4,15.6,20,Trees & Binary Search Trees,"Linked Lists & Doubly Linked Lists, Dynamic Programming",63,2,Medium,M1 -> M3 -> M5,100,70,Excellent,Greedy Algorithms & Backtracking
STU0859,Arjun Mehta,24,Male,High School,Kinesthetic,3.02,63,1,34.8,70,Sorting & Searching Algorithms,"Sorting & Searching Algorithms, Arrays & Hash Maps, Graph Algorithms, Greedy Algorithms & Backtracking, Stacks & Queues, Machine Learning Foundations, Dynamic Programming",87,3,Hard,M1 -> M4 -> M4,77,71,Good,Machine Learning Foundations
STU0860,Riya Johnson,18,Female,PG,Kinesthetic,2.75,81,2,26.5,80,Trees & Binary Search Trees,"Stacks & Queues, Machine Learning Foundations, Dynamic Programming, Linked Lists & Doubly Linked Lists, Trees & Binary Search Trees, Arrays & Hash Maps, Graph Algorithms, Greedy Algorithms & Backtracking",86,5,Easy,M1 -> M3 -> M6,73,87,Excellent,Greedy Algorithms & Backtracking
STU0861,Ava Miller,18,Female,PG,Kinesthetic,3.24,75,5,30.2,100,Dynamic Programming,"Stacks & Queues, Trees & Binary Search Trees, Graph Algorithms, Dynamic Programming, Sorting & Searching Algorithms, Arrays & Hash Maps, System Design Basics & Caching, Linked Lists & Doubly Linked Lists, Greedy Algorithms & Backtracking, Machine Learning Foundations",75,1,Medium,M1 -> M3 -> M4,91,66,Excellent,Greedy Algorithms & Backtracking
STU0862,Kavya Davis,21,Male,High School,Auditory,3.9,49,1,46.8,10,Trees & Binary Search Trees,Linked Lists & Doubly Linked Lists,83,5,Hard,M1 -> M2 -> M5,78,50,Fair,Linked Lists & Doubly Linked Lists
STU0863,Ava Jones,24,Female,UG,Auditory,3.59,95,5,36.2,70,Machine Learning Foundations,"Graph Algorithms, Sorting & Searching Algorithms, Trees & Binary Search Trees, Stacks & Queues, Linked Lists & Doubly Linked Lists, Greedy Algorithms & Backtracking, Dynamic Programming",77,3,Hard,M1 -> M4 -> M6,82,87,Excellent,Graph Algorithms
STU0864,Riya Joshi,22,Male,High School,Visual,2.69,98,5,18.9,60,Arrays & Hash Maps,"System Design Basics & Caching, Arrays & Hash Maps, Sorting & Searching Algorithms, Dynamic Programming, Graph Algorithms, Stacks & Queues",81,1,Medium,M1 -> M4 -> M4,95,99,Excellent,System Design Basics & Caching
STU0865,Yash Williams,24,Female,UG,Visual,2.23,62,3,50.0,40,Arrays & Hash Maps,"Greedy Algorithms & Backtracking, Graph Algorithms, Stacks & Queues, Linked Lists & Doubly Linked Lists",97,0,Easy,M1 -> M2 -> M5,91,60,Good,Stacks & Queues
STU0866,Alex Davis,21,Male,High School,Auditory,3.63,66,4,24.9,50,Sorting & Searching Algorithms,"Graph Algorithms, Trees & Binary Search Trees, Arrays & Hash Maps, System Design Basics & Caching, Machine Learning Foundations",89,1,Hard,M1 -> M2 -> M6,91,59,Fair,Machine Learning Foundations
STU0867,Meera Miller,23,Male,High School,Visual,2.16,76,2,34.5,90,Greedy Algorithms & Backtracking,"Linked Lists & Doubly Linked Lists, System Design Basics & Caching, Graph Algorithms, Stacks & Queues, Machine Learning Foundations, Sorting & Searching Algorithms, Dynamic Programming, Trees & Binary Search Trees, Greedy Algorithms & Backtracking",92,3,Medium,M1 -> M2 -> M4,76,86,Excellent,Trees & Binary Search Trees
STU0868,Neha Sharma,26,Female,UG,Kinesthetic,3.64,77,4,33.0,40,Greedy Algorithms & Backtracking,"Greedy Algorithms & Backtracking, Machine Learning Foundations, Stacks & Queues, Graph Algorithms",80,3,Medium,M1 -> M2 -> M4,99,68,Excellent,Greedy Algorithms & Backtracking
STU0869,Alex Verma,23,Male,UG,Kinesthetic,2.13,81,2,47.8,60,Sorting & Searching Algorithms,"System Design Basics & Caching, Arrays & Hash Maps, Machine Learning Foundations, Greedy Algorithms & Backtracking, Linked Lists & Doubly Linked Lists, Trees & Binary Search Trees",64,2,Easy,M1 -> M4 -> M4,83,71,Excellent,Greedy Algorithms & Backtracking
STU0870,Pooja Rao,21,Male,High School,Auditory,3.06,100,2,20.5,20,Greedy Algorithms & Backtracking,"Stacks & Queues, Arrays & Hash Maps",84,4,Hard,M1 -> M4 -> M4,94,100,Excellent,Dynamic Programming
STU0871,Neha Sharma,20,Female,High School,Auditory,2.26,69,4,25.2,60,Machine Learning Foundations,"Sorting & Searching Algorithms, Trees & Binary Search Trees, System Design Basics & Caching, Linked Lists & Doubly Linked Lists, Dynamic Programming, Machine Learning Foundations",99,1,Medium,M1 -> M2 -> M5,97,74,Fair,Sorting & Searching Algorithms
STU0872,Liam Mehta,23,Male,High School,Visual,2.85,60,4,32.9,20,System Design Basics & Caching,"Sorting & Searching Algorithms, Arrays & Hash Maps",63,4,Medium,M1 -> M4 -> M4,89,65,Fair,Stacks & Queues
STU0873,Olivia Gupta,26,Male,High School,Auditory,2.08,51,2,32.8,10,Greedy Algorithms & Backtracking,Linked Lists & Doubly Linked Lists,82,5,Hard,M1 -> M4 -> M6,90,46,Fail,Linked Lists & Doubly Linked Lists
STU0874,Liam Patel,25,Female,PG,Auditory,3.07,61,2,21.5,50,Dynamic Programming,"Greedy Algorithms & Backtracking, Trees & Binary Search Trees, Sorting & Searching Algorithms, System Design Basics & Caching, Stacks & Queues",73,5,Hard,M1 -> M2 -> M6,70,71,Fair,Sorting & Searching Algorithms
STU0875,Priya Martinez,22,Female,High School,Auditory,3.12,71,3,44.5,100,Stacks & Queues,"Stacks & Queues, Machine Learning Foundations, Sorting & Searching Algorithms, Trees & Binary Search Trees, Arrays & Hash Maps, Dynamic Programming, Linked Lists & Doubly Linked Lists, System Design Basics & Caching, Graph Algorithms, Greedy Algorithms & Backtracking",84,1,Hard,M1 -> M2 -> M4,73,78,Good,Sorting & Searching Algorithms
STU0876,Ananya Nair,24,Female,UG,Visual,3.66,98,2,53.6,10,Greedy Algorithms & Backtracking,Sorting & Searching Algorithms,79,0,Easy,M1 -> M3 -> M4,98,90,Excellent,Graph Algorithms
STU0877,Sneha Williams,20,Female,PG,Visual,3.02,64,3,47.9,50,Dynamic Programming,"Trees & Binary Search Trees, Greedy Algorithms & Backtracking, Sorting & Searching Algorithms, Machine Learning Foundations, Arrays & Hash Maps",90,0,Easy,M1 -> M4 -> M4,99,74,Good,Stacks & Queues
STU0878,Emma Patel,23,Male,UG,Kinesthetic,2.54,75,4,27.2,20,Machine Learning Foundations,"Sorting & Searching Algorithms, Machine Learning Foundations",96,5,Medium,M1 -> M4 -> M5,87,80,Good,Greedy Algorithms & Backtracking
STU0879,Kavya Kumar,18,Female,High School,Visual,2.04,71,5,54.0,30,Dynamic Programming,"Stacks & Queues, Arrays & Hash Maps, Linked Lists & Doubly Linked Lists",91,0,Easy,M1 -> M2 -> M5,100,67,Fair,Machine Learning Foundations
STU0880,Yash Mehta,24,Female,UG,Kinesthetic,3.13,89,4,25.4,80,Dynamic Programming,"Arrays & Hash Maps, System Design Basics & Caching, Greedy Algorithms & Backtracking, Linked Lists & Doubly Linked Lists, Machine Learning Foundations, Dynamic Programming, Trees & Binary Search Trees, Graph Algorithms",98,1,Easy,M1 -> M3 -> M6,84,89,Excellent,System Design Basics & Caching
STU0881,Liam Rodriguez,26,Female,PG,Kinesthetic,2.84,100,5,19.1,40,Trees & Binary Search Trees,"Machine Learning Foundations, Graph Algorithms, Trees & Binary Search Trees, Arrays & Hash Maps",84,2,Hard,M1 -> M2 -> M6,93,100,Excellent,System Design Basics & Caching
STU0882,Alex Smith,20,Male,High School,Visual,2.09,64,1,49.9,20,Machine Learning Foundations,"Linked Lists & Doubly Linked Lists, Sorting & Searching Algorithms",91,3,Medium,M1 -> M4 -> M6,95,63,Good,Stacks & Queues
STU0883,Meera Sharma,18,Male,High School,Auditory,3.94,64,4,56.6,80,Dynamic Programming,"Graph Algorithms, Machine Learning Foundations, Dynamic Programming, Trees & Binary Search Trees, Greedy Algorithms & Backtracking, Stacks & Queues, Sorting & Searching Algorithms, System Design Basics & Caching",65,3,Hard,M1 -> M3 -> M5,71,62,Good,Sorting & Searching Algorithms
STU0884,Ava Smith,18,Male,UG,Visual,2.71,87,5,34.2,40,Greedy Algorithms & Backtracking,"Trees & Binary Search Trees, Arrays & Hash Maps, Dynamic Programming, Stacks & Queues",71,3,Hard,M1 -> M4 -> M6,81,81,Good,Greedy Algorithms & Backtracking
STU0885,Yash Williams,21,Female,High School,Visual,3.39,82,4,28.5,100,Greedy Algorithms & Backtracking,"Arrays & Hash Maps, Stacks & Queues, Sorting & Searching Algorithms, System Design Basics & Caching, Machine Learning Foundations, Linked Lists & Doubly Linked Lists, Graph Algorithms, Trees & Binary Search Trees, Dynamic Programming, Greedy Algorithms & Backtracking",65,2,Medium,M1 -> M4 -> M5,99,81,Excellent,Trees & Binary Search Trees
STU0886,Riya Brown,21,Female,UG,Auditory,3.75,99,5,20.5,50,Trees & Binary Search Trees,"Graph Algorithms, Machine Learning Foundations, Linked Lists & Doubly Linked Lists, Dynamic Programming, Stacks & Queues",96,4,Hard,M1 -> M4 -> M4,100,97,Excellent,Graph Algorithms
STU0887,Aditya Rodriguez,25,Female,High School,Kinesthetic,3.76,80,5,33.9,70,Graph Algorithms,"Arrays & Hash Maps, System Design Basics & Caching, Stacks & Queues, Linked Lists & Doubly Linked Lists, Dynamic Programming, Machine Learning Foundations, Greedy Algorithms & Backtracking",98,5,Hard,M1 -> M4 -> M6,90,86,Good,Trees & Binary Search Trees
STU0888,Yash Nair,19,Male,High School,Visual,3.93,66,2,27.9,100,Greedy Algorithms & Backtracking,"Stacks & Queues, Arrays & Hash Maps, Machine Learning Foundations, System Design Basics & Caching, Trees & Binary Search Trees, Dynamic Programming, Sorting & Searching Algorithms, Linked Lists & Doubly Linked Lists, Greedy Algorithms & Backtracking, Graph Algorithms",86,2,Easy,M1 -> M2 -> M4,70,57,Fair,Stacks & Queues
STU0889,Ishita Nair,24,Female,UG,Visual,2.3,80,4,30.0,100,Trees & Binary Search Trees,"Machine Learning Foundations, Arrays & Hash Maps, System Design Basics & Caching, Linked Lists & Doubly Linked Lists, Sorting & Searching Algorithms, Stacks & Queues, Greedy Algorithms & Backtracking, Trees & Binary Search Trees, Graph Algorithms, Dynamic Programming",85,2,Hard,M1 -> M2 -> M5,80,90,Excellent,Greedy Algorithms & Backtracking
STU0890,Emma Garcia,18,Female,High School,Kinesthetic,3.22,88,3,23.5,20,Graph Algorithms,"Sorting & Searching Algorithms, System Design Basics & Caching",80,3,Easy,M1 -> M2 -> M4,99,95,Excellent,Dynamic Programming
STU0891,Tanvi Johnson,18,Male,UG,Visual,2.38,84,2,26.9,70,Stacks & Queues,"Stacks & Queues, Arrays & Hash Maps, Trees & Binary Search Trees, Linked Lists & Doubly Linked Lists, Machine Learning Foundations, Greedy Algorithms & Backtracking, Sorting & Searching Algorithms",73,5,Hard,M1 -> M4 -> M5,88,87,Good,Greedy Algorithms & Backtracking
STU0892,Siddharth Williams,26,Male,High School,Kinesthetic,3.58,79,2,54.9,60,Stacks & Queues,"Machine Learning Foundations, Graph Algorithms, Dynamic Programming, Greedy Algorithms & Backtracking, System Design Basics & Caching, Arrays & Hash Maps",65,5,Easy,M1 -> M3 -> M5,84,77,Excellent,Trees & Binary Search Trees
STU0893,Vikram Verma,22,Male,UG,Visual,2.31,88,3,23.2,90,Sorting & Searching Algorithms,"Arrays & Hash Maps, Stacks & Queues, System Design Basics & Caching, Dynamic Programming, Graph Algorithms, Sorting & Searching Algorithms, Greedy Algorithms & Backtracking, Linked Lists & Doubly Linked Lists, Trees & Binary Search Trees",81,5,Easy,M1 -> M2 -> M4,74,94,Excellent,System Design Basics & Caching
STU0894,Rahul Martinez,21,Male,High School,Visual,2.27,89,2,26.4,70,Machine Learning Foundations,"Linked Lists & Doubly Linked Lists, Trees & Binary Search Trees, System Design Basics & Caching, Arrays & Hash Maps, Machine Learning Foundations, Dynamic Programming, Sorting & Searching Algorithms",89,3,Medium,M1 -> M2 -> M6,95,93,Excellent,System Design Basics & Caching
STU0895,Kavya Sharma,25,Female,High School,Auditory,3.22,92,2,17.5,60,Sorting & Searching Algorithms,"Trees & Binary Search Trees, Arrays & Hash Maps, Stacks & Queues, Greedy Algorithms & Backtracking, Sorting & Searching Algorithms, Dynamic Programming",71,1,Medium,M1 -> M4 -> M5,75,89,Excellent,Dynamic Programming
STU0896,Aarav Joshi,22,Male,High School,Visual,3.08,81,2,28.2,80,Linked Lists & Doubly Linked Lists,"Machine Learning Foundations, Arrays & Hash Maps, Linked Lists & Doubly Linked Lists, Trees & Binary Search Trees, Sorting & Searching Algorithms, Greedy Algorithms & Backtracking, Graph Algorithms, Stacks & Queues",83,0,Hard,M1 -> M3 -> M6,84,74,Excellent,Trees & Binary Search Trees
STU0897,Ethan Garcia,25,Female,UG,Auditory,2.21,69,4,43.3,100,Stacks & Queues,"Graph Algorithms, Arrays & Hash Maps, Dynamic Programming, Stacks & Queues, Sorting & Searching Algorithms, Machine Learning Foundations, Linked Lists & Doubly Linked Lists, Greedy Algorithms & Backtracking, Trees & Binary Search Trees, System Design Basics & Caching",81,4,Medium,M1 -> M2 -> M4,89,60,Fair,Sorting & Searching Algorithms
STU0898,Olivia Rodriguez,23,Female,UG,Kinesthetic,2.56,74,2,35.3,50,System Design Basics & Caching,"Stacks & Queues, Trees & Binary Search Trees, Greedy Algorithms & Backtracking, Linked Lists & Doubly Linked Lists, Sorting & Searching Algorithms",64,1,Hard,M1 -> M2 -> M4,84,80,Fair,Stacks & Queues
STU0899,Ananya Mehta,23,Female,PG,Kinesthetic,2.1,90,3,46.2,20,Greedy Algorithms & Backtracking,"Arrays & Hash Maps, Greedy Algorithms & Backtracking",100,1,Hard,M1 -> M3 -> M4,89,99,Excellent,System Design Basics & Caching
STU0900,Aditya Johnson,20,Female,PG,Visual,2.99,59,3,26.2,30,Stacks & Queues,"Stacks & Queues, Greedy Algorithms & Backtracking, Dynamic Programming",95,3,Easy,M1 -> M3 -> M5,74,52,Fail,Arrays & Hash Maps
STU0901,Arjun Kumar,24,Female,PG,Auditory,3.18,77,4,54.5,70,Trees & Binary Search Trees,"Trees & Binary Search Trees, Arrays & Hash Maps, Machine Learning Foundations, Linked Lists & Doubly Linked Lists, Stacks & Queues, Sorting & Searching Algorithms, Graph Algorithms",61,2,Hard,M1 -> M4 -> M6,99,77,Excellent,Greedy Algorithms & Backtracking
STU0902,Aarav Nair,25,Male,High School,Visual,3.72,66,4,34.2,100,Dynamic Programming,"System Design Basics & Caching, Sorting & Searching Algorithms, Linked Lists & Doubly Linked Lists, Graph Algorithms, Stacks & Queues, Greedy Algorithms & Backtracking, Trees & Binary Search Trees, Dynamic Programming, Machine Learning Foundations, Arrays & Hash Maps",73,1,Medium,M1 -> M3 -> M4,75,70,Good,Stacks & Queues
STU0903,Isabella Garcia,25,Female,High School,Visual,3.82,72,3,40.8,100,Stacks & Queues,"Arrays & Hash Maps, Dynamic Programming, Linked Lists & Doubly Linked Lists, Trees & Binary Search Trees, Stacks & Queues, Graph Algorithms, Machine Learning Foundations, System Design Basics & Caching, Sorting & Searching Algorithms, Greedy Algorithms & Backtracking",70,1,Medium,M1 -> M2 -> M5,76,63,Fair,Stacks & Queues
STU0904,Rahul Rodriguez,23,Female,PG,Kinesthetic,3.16,91,4,22.8,40,Dynamic Programming,"Trees & Binary Search Trees, Greedy Algorithms & Backtracking, Stacks & Queues, Sorting & Searching Algorithms",99,5,Medium,M1 -> M2 -> M4,82,83,Excellent,Dynamic Programming
STU0905,Karan Nair,26,Male,PG,Kinesthetic,3.1,74,2,44.5,20,Trees & Binary Search Trees,"Trees & Binary Search Trees, Linked Lists & Doubly Linked Lists",62,0,Easy,M1 -> M4 -> M4,96,84,Fair,Machine Learning Foundations
STU0906,Rohan Kumar,20,Male,High School,Visual,2.74,72,5,33.8,50,System Design Basics & Caching,"Linked Lists & Doubly Linked Lists, Sorting & Searching Algorithms, Stacks & Queues, Dynamic Programming, Trees & Binary Search Trees",91,3,Easy,M1 -> M2 -> M6,86,72,Fair,Stacks & Queues
STU0907,Aditya Davis,26,Male,UG,Auditory,3.98,51,5,56.8,30,Arrays & Hash Maps,"Arrays & Hash Maps, Dynamic Programming, Stacks & Queues",91,3,Hard,M1 -> M2 -> M5,80,53,Fair,Arrays & Hash Maps
STU0908,Alex Williams,22,Female,PG,Auditory,3.55,83,2,28.3,20,Machine Learning Foundations,"Dynamic Programming, Stacks & Queues",71,0,Easy,M1 -> M2 -> M4,76,78,Excellent,Greedy Algorithms & Backtracking
STU0909,Aarav Rao,19,Male,UG,Visual,3.22,81,2,52.1,90,Trees & Binary Search Trees,"Linked Lists & Doubly Linked Lists, Graph Algorithms, Greedy Algorithms & Backtracking, System Design Basics & Caching, Dynamic Programming, Arrays & Hash Maps, Sorting & Searching Algorithms, Machine Learning Foundations, Stacks & Queues",86,4,Hard,M1 -> M4 -> M6,73,91,Excellent,Greedy Algorithms & Backtracking
STU0910,Neha Miller,21,Male,PG,Kinesthetic,2.04,100,2,46.8,40,Dynamic Programming,"Dynamic Programming, Machine Learning Foundations, Arrays & Hash Maps, Sorting & Searching Algorithms",63,0,Easy,M1 -> M2 -> M6,87,100,Excellent,System Design Basics & Caching
STU0911,Vikram Davis,24,Male,High School,Visual,2.64,67,3,26.0,10,Sorting & Searching Algorithms,Stacks & Queues,93,1,Hard,M1 -> M3 -> M6,75,70,Fair,Stacks & Queues
STU0912,Ethan Martinez,20,Male,High School,Auditory,2.8,75,5,42.4,70,Stacks & Queues,"Greedy Algorithms & Backtracking, Dynamic Programming, Trees & Binary Search Trees, System Design Basics & Caching, Linked Lists & Doubly Linked Lists, Sorting & Searching Algorithms, Graph Algorithms",84,5,Medium,M1 -> M2 -> M5,98,67,Good,Trees & Binary Search Trees
STU0913,Siddharth Smith,19,Female,High School,Auditory,2.91,75,1,23.5,40,Dynamic Programming,"System Design Basics & Caching, Graph Algorithms, Linked Lists & Doubly Linked Lists, Arrays & Hash Maps",92,1,Easy,M1 -> M4 -> M6,73,82,Good,Trees & Binary Search Trees
STU0914,Ava Miller,21,Female,High School,Auditory,3.47,95,1,33.3,20,System Design Basics & Caching,"Greedy Algorithms & Backtracking, Sorting & Searching Algorithms",90,3,Medium,M1 -> M4 -> M4,94,100,Excellent,Dynamic Programming
STU0915,Sophia Johnson,20,Male,PG,Kinesthetic,3.05,70,4,20.3,50,Trees & Binary Search Trees,"Linked Lists & Doubly Linked Lists, Stacks & Queues, Greedy Algorithms & Backtracking, Graph Algorithms, Trees & Binary Search Trees",92,5,Hard,M1 -> M4 -> M6,77,77,Good,Machine Learning Foundations
STU0916,Liam Rao,23,Female,High School,Kinesthetic,3.35,76,5,32.3,30,Dynamic Programming,"Dynamic Programming, Sorting & Searching Algorithms, Machine Learning Foundations",70,4,Medium,M1 -> M2 -> M5,76,75,Good,Trees & Binary Search Trees
STU0917,Pooja Miller,20,Female,UG,Visual,3.2,81,3,43.2,70,Arrays & Hash Maps,"Greedy Algorithms & Backtracking, Graph Algorithms, Stacks & Queues, System Design Basics & Caching, Dynamic Programming, Arrays & Hash Maps, Trees & Binary Search Trees",69,4,Hard,M1 -> M2 -> M5,89,83,Excellent,Greedy Algorithms & Backtracking
STU0918,Meera Sharma,26,Male,PG,Kinesthetic,2.91,74,5,53.1,80,Graph Algorithms,"System Design Basics & Caching, Sorting & Searching Algorithms, Graph Algorithms, Trees & Binary Search Trees, Stacks & Queues, Arrays & Hash Maps, Linked Lists & Doubly Linked Lists, Machine Learning Foundations",67,3,Hard,M1 -> M3 -> M6,80,70,Good,Machine Learning Foundations
STU0919,Arjun Rodriguez,26,Male,UG,Auditory,3.55,65,2,20.3,90,Arrays & Hash Maps,"Graph Algorithms, Machine Learning Foundations, Sorting & Searching Algorithms, Arrays & Hash Maps, System Design Basics & Caching, Linked Lists & Doubly Linked Lists, Trees & Binary Search Trees, Dynamic Programming, Greedy Algorithms & Backtracking",62,1,Medium,M1 -> M2 -> M5,79,72,Good,Sorting & Searching Algorithms
STU0920,Pooja Verma,18,Male,UG,Kinesthetic,3.67,74,5,23.5,60,System Design Basics & Caching,"Linked Lists & Doubly Linked Lists, Trees & Binary Search Trees, Arrays & Hash Maps, Graph Algorithms, Dynamic Programming, Sorting & Searching Algorithms",62,2,Hard,M1 -> M4 -> M6,85,72,Fair,Machine Learning Foundations
STU0921,Ethan Gupta,26,Female,UG,Visual,2.03,88,4,19.6,80,Sorting & Searching Algorithms,"Arrays & Hash Maps, Machine Learning Foundations, System Design Basics & Caching, Linked Lists & Doubly Linked Lists, Greedy Algorithms & Backtracking, Stacks & Queues, Trees & Binary Search Trees, Graph Algorithms",98,2,Medium,M1 -> M2 -> M5,79,81,Excellent,System Design Basics & Caching
STU0922,Tanvi Nair,21,Female,PG,Kinesthetic,3.69,56,1,38.9,50,Dynamic Programming,"Greedy Algorithms & Backtracking, Arrays & Hash Maps, Machine Learning Foundations, Sorting & Searching Algorithms, System Design Basics & Caching",70,3,Hard,M1 -> M2 -> M4,94,52,Fail,Linked Lists & Doubly Linked Lists
STU0923,Riya Johnson,19,Male,High School,Auditory,3.84,73,3,58.0,50,Graph Algorithms,"Stacks & Queues, Arrays & Hash Maps, Dynamic Programming, Trees & Binary Search Trees, Machine Learning Foundations",95,3,Easy,M1 -> M2 -> M5,82,67,Good,Sorting & Searching Algorithms
STU0924,Olivia Singh,19,Female,UG,Kinesthetic,3.19,61,2,24.7,80,Stacks & Queues,"Sorting & Searching Algorithms, Dynamic Programming, Stacks & Queues, Linked Lists & Doubly Linked Lists, System Design Basics & Caching, Arrays & Hash Maps, Graph Algorithms, Machine Learning Foundations",100,5,Medium,M1 -> M2 -> M5,79,66,Good,Machine Learning Foundations
STU0925,Mason Williams,22,Female,PG,Auditory,2.74,89,2,39.0,40,Machine Learning Foundations,"Dynamic Programming, Sorting & Searching Algorithms, Stacks & Queues, Arrays & Hash Maps",80,0,Medium,M1 -> M2 -> M4,80,90,Excellent,System Design Basics & Caching
STU0926,Vikram Gupta,20,Male,High School,Kinesthetic,2.5,49,2,56.5,30,Stacks & Queues,"Linked Lists & Doubly Linked Lists, Machine Learning Foundations, Greedy Algorithms & Backtracking",100,1,Medium,M1 -> M3 -> M4,94,47,Fair,Linked Lists & Doubly Linked Lists
STU0927,Tanvi Davis,21,Female,PG,Auditory,3.42,63,2,45.7,60,System Design Basics & Caching,"Sorting & Searching Algorithms, Stacks & Queues, System Design Basics & Caching, Graph Algorithms, Machine Learning Foundations, Greedy Algorithms & Backtracking",82,1,Easy,M1 -> M2 -> M5,86,63,Good,Sorting & Searching Algorithms
STU0928,Meera Johnson,19,Female,High School,Visual,2.67,77,3,28.9,10,System Design Basics & Caching,Arrays & Hash Maps,65,2,Easy,M1 -> M3 -> M5,94,78,Excellent,Trees & Binary Search Trees
STU0929,Alex Joshi,23,Male,UG,Auditory,3.75,95,5,35.7,50,Linked Lists & Doubly Linked Lists,"Greedy Algorithms & Backtracking, Linked Lists & Doubly Linked Lists, Sorting & Searching Algorithms, Graph Algorithms, Stacks & Queues",76,2,Easy,M1 -> M4 -> M4,80,92,Excellent,Graph Algorithms
STU0930,Meera Miller,26,Male,High School,Visual,2.25,71,5,56.3,40,Dynamic Programming,"Linked Lists & Doubly Linked Lists, Machine Learning Foundations, Trees & Binary Search Trees, System Design Basics & Caching",71,3,Easy,M1 -> M4 -> M6,95,78,Good,Stacks & Queues
STU0931,Rohan Johnson,20,Female,PG,Auditory,2.39,63,3,23.2,50,System Design Basics & Caching,"Dynamic Programming, Stacks & Queues, Sorting & Searching Algorithms, Greedy Algorithms & Backtracking, Arrays & Hash Maps",88,5,Medium,M1 -> M4 -> M4,93,60,Good,Sorting & Searching Algorithms
STU0932,Meera Miller,18,Male,PG,Kinesthetic,3.73,100,1,48.1,60,Dynamic Programming,"Greedy Algorithms & Backtracking, Trees & Binary Search Trees, Graph Algorithms, Stacks & Queues, System Design Basics & Caching, Sorting & Searching Algorithms",88,5,Medium,M1 -> M2 -> M6,88,92,Excellent,Graph Algorithms
STU0933,Ishita Mehta,21,Female,High School,Kinesthetic,3.21,50,5,40.9,50,Dynamic Programming,"Dynamic Programming, Graph Algorithms, Sorting & Searching Algorithms, Arrays & Hash Maps, System Design Basics & Caching",61,5,Hard,M1 -> M3 -> M4,70,57,Fair,Arrays & Hash Maps
STU0934,Mason Mehta,23,Male,High School,Kinesthetic,2.17,39,5,31.7,100,Dynamic Programming,"System Design Basics & Caching, Graph Algorithms, Machine Learning Foundations, Linked Lists & Doubly Linked Lists, Sorting & Searching Algorithms, Stacks & Queues, Trees & Binary Search Trees, Dynamic Programming, Greedy Algorithms & Backtracking, Arrays & Hash Maps",70,4,Hard,M1 -> M3 -> M5,92,47,Fair,Arrays & Hash Maps
STU0935,Kavya Miller,20,Male,PG,Visual,2.36,78,5,42.4,20,Greedy Algorithms & Backtracking,"Machine Learning Foundations, Greedy Algorithms & Backtracking",100,0,Easy,M1 -> M4 -> M6,90,87,Excellent,Greedy Algorithms & Backtracking
STU0936,Isabella Jones,19,Female,High School,Auditory,3.5,64,5,59.8,90,Graph Algorithms,"Graph Algorithms, Sorting & Searching Algorithms, Linked Lists & Doubly Linked Lists, Dynamic Programming, Stacks & Queues, Greedy Algorithms & Backtracking, Trees & Binary Search Trees, Machine Learning Foundations, Arrays & Hash Maps",93,0,Easy,M1 -> M4 -> M4,86,70,Fair,Machine Learning Foundations
STU0937,Karan Brown,26,Male,High School,Kinesthetic,2.49,56,4,36.1,80,System Design Basics & Caching,"Linked Lists & Doubly Linked Lists, Graph Algorithms, Sorting & Searching Algorithms, System Design Basics & Caching, Arrays & Hash Maps, Greedy Algorithms & Backtracking, Machine Learning Foundations, Dynamic Programming",63,2,Easy,M1 -> M3 -> M6,77,57,Fair,Arrays & Hash Maps
STU0938,Rohan Smith,26,Male,PG,Auditory,3.92,82,2,45.3,10,Sorting & Searching Algorithms,Trees & Binary Search Trees,61,5,Hard,M1 -> M4 -> M4,72,72,Good,Greedy Algorithms & Backtracking
STU0939,Sneha Davis,20,Female,UG,Visual,3.29,75,5,29.8,60,Sorting & Searching Algorithms,"Linked Lists & Doubly Linked Lists, Trees & Binary Search Trees, Dynamic Programming, Arrays & Hash Maps, Graph Algorithms, Greedy Algorithms & Backtracking",94,0,Medium,M1 -> M2 -> M5,71,69,Good,Greedy Algorithms & Backtracking
STU0940,Ishita Joshi,25,Male,UG,Visual,3.81,63,5,47.4,90,Greedy Algorithms & Backtracking,"Trees & Binary Search Trees, Dynamic Programming, System Design Basics & Caching, Linked Lists & Doubly Linked Lists, Machine Learning Foundations, Arrays & Hash Maps, Greedy Algorithms & Backtracking, Stacks & Queues, Sorting & Searching Algorithms",85,4,Easy,M1 -> M2 -> M6,92,53,Good,Stacks & Queues
STU0941,Alex Smith,26,Female,UG,Visual,2.73,52,4,25.8,50,Greedy Algorithms & Backtracking,"Trees & Binary Search Trees, Linked Lists & Doubly Linked Lists, Sorting & Searching Algorithms, Dynamic Programming, Machine Learning Foundations",91,4,Medium,M1 -> M2 -> M4,79,49,Fair,Arrays & Hash Maps
STU0942,Arjun Martinez,18,Male,PG,Visual,2.94,85,4,33.4,30,Greedy Algorithms & Backtracking,"Arrays & Hash Maps, Stacks & Queues, Dynamic Programming",81,1,Medium,M1 -> M3 -> M5,72,88,Good,Greedy Algorithms & Backtracking
STU0943,Rohan Verma,19,Female,UG,Kinesthetic,3.78,81,1,23.5,60,System Design Basics & Caching,"Graph Algorithms, Dynamic Programming, Machine Learning Foundations, Arrays & Hash Maps, Stacks & Queues, System Design Basics & Caching",95,4,Easy,M1 -> M2 -> M5,85,84,Good,Greedy Algorithms & Backtracking
STU0944,Vikram Brown,20,Male,UG,Kinesthetic,2.52,70,2,56.7,50,Greedy Algorithms & Backtracking,"Linked Lists & Doubly Linked Lists, System Design Basics & Caching, Trees & Binary Search Trees, Graph Algorithms, Stacks & Queues",96,3,Medium,M1 -> M3 -> M5,78,79,Fair,Machine Learning Foundations
STU0945,Alex Sharma,20,Male,PG,Kinesthetic,3.53,99,3,20.0,50,Machine Learning Foundations,"System Design Basics & Caching, Greedy Algorithms & Backtracking, Graph Algorithms, Dynamic Programming, Stacks & Queues",75,2,Medium,M1 -> M3 -> M4,73,100,Excellent,Graph Algorithms
STU0946,Aditya Joshi,18,Female,PG,Kinesthetic,3.97,55,2,28.7,20,Dynamic Programming,"Graph Algorithms, Arrays & Hash Maps",73,4,Easy,M1 -> M4 -> M5,87,60,Fail,Linked Lists & Doubly Linked Lists
STU0947,Dev Johnson,26,Male,PG,Visual,2.43,49,1,42.2,50,Greedy Algorithms & Backtracking,"Greedy Algorithms & Backtracking, Arrays & Hash Maps, Graph Algorithms, System Design Basics & Caching, Linked Lists & Doubly Linked Lists",99,0,Hard,M1 -> M2 -> M6,97,52,Fair,Linked Lists & Doubly Linked Lists
STU0948,Aarav Kumar,26,Male,UG,Visual,2.7,61,2,55.2,30,Arrays & Hash Maps,"Graph Algorithms, Linked Lists & Doubly Linked Lists, Stacks & Queues",99,0,Easy,M1 -> M3 -> M5,70,59,Good,Stacks & Queues
STU0949,Noah Nair,19,Male,High School,Kinesthetic,3.38,71,1,58.0,100,Graph Algorithms,"Linked Lists & Doubly Linked Lists, Trees & Binary Search Trees, Stacks & Queues, Greedy Algorithms & Backtracking, Dynamic Programming, Machine Learning Foundations, Arrays & Hash Maps, System Design Basics & Caching, Graph Algorithms, Sorting & Searching Algorithms",69,1,Hard,M1 -> M2 -> M6,93,78,Good,Machine Learning Foundations
STU0950,Meera Singh,24,Female,PG,Auditory,2.41,75,2,23.3,30,Sorting & Searching Algorithms,"Linked Lists & Doubly Linked Lists, Greedy Algorithms & Backtracking, Graph Algorithms",60,2,Easy,M1 -> M2 -> M5,73,82,Good,Greedy Algorithms & Backtracking
STU0951,Ethan Martinez,18,Male,High School,Auditory,2.77,68,4,46.3,70,Linked Lists & Doubly Linked Lists,"Dynamic Programming, Trees & Binary Search Trees, Arrays & Hash Maps, System Design Basics & Caching, Greedy Algorithms & Backtracking, Linked Lists & Doubly Linked Lists, Machine Learning Foundations",70,0,Hard,M1 -> M2 -> M4,80,65,Fair,Sorting & Searching Algorithms
STU0952,Arjun Brown,20,Male,PG,Auditory,2.39,77,1,37.3,90,Machine Learning Foundations,"Arrays & Hash Maps, Machine Learning Foundations, Sorting & Searching Algorithms, Trees & Binary Search Trees, Dynamic Programming, Graph Algorithms, Stacks & Queues, System Design Basics & Caching, Greedy Algorithms & Backtracking",68,2,Easy,M1 -> M2 -> M5,89,81,Good,Greedy Algorithms & Backtracking
STU0953,Rohan Joshi,18,Female,High School,Visual,2.19,53,4,37.3,40,System Design Basics & Caching,"Dynamic Programming, Arrays & Hash Maps, Greedy Algorithms & Backtracking, System Design Basics & Caching",71,0,Hard,M1 -> M4 -> M5,83,46,Fair,Linked Lists & Doubly Linked Lists
STU0954,Meera Gupta,20,Male,UG,Visual,2.91,93,3,28.2,50,Trees & Binary Search Trees,"Dynamic Programming, Arrays & Hash Maps, Stacks & Queues, Machine Learning Foundations, Linked Lists & Doubly Linked Lists",68,1,Medium,M1 -> M2 -> M6,70,87,Excellent,System Design Basics & Caching
STU0955,Karan Kumar,21,Female,High School,Visual,3.91,70,3,48.4,10,Machine Learning Foundations,Graph Algorithms,88,3,Easy,M1 -> M4 -> M4,91,65,Good,Stacks & Queues
STU0956,Riya Johnson,23,Male,High School,Visual,2.94,88,5,16.1,20,Greedy Algorithms & Backtracking,"Machine Learning Foundations, Graph Algorithms",68,2,Hard,M1 -> M4 -> M5,87,89,Excellent,System Design Basics & Caching
STU0957,Priya Williams,18,Male,High School,Visual,3.15,77,2,51.2,20,Sorting & Searching Algorithms,"System Design Basics & Caching, Linked Lists & Doubly Linked Lists",94,3,Hard,M1 -> M4 -> M6,98,80,Excellent,Trees & Binary Search Trees
STU0958,Aditya Garcia,26,Female,PG,Kinesthetic,2.84,78,5,27.1,40,Greedy Algorithms & Backtracking,"Dynamic Programming, Arrays & Hash Maps, System Design Basics & Caching, Graph Algorithms",89,2,Easy,M1 -> M4 -> M6,88,71,Excellent,Trees & Binary Search Trees
STU0959,Yash Verma,25,Female,PG,Kinesthetic,2.26,80,4,42.4,70,Graph Algorithms,"Arrays & Hash Maps, Machine Learning Foundations, Dynamic Programming, Graph Algorithms, Sorting & Searching Algorithms, Greedy Algorithms & Backtracking, Linked Lists & Doubly Linked Lists",100,1,Hard,M1 -> M2 -> M5,78,86,Excellent,Greedy Algorithms & Backtracking
STU0960,Riya Nair,25,Male,PG,Visual,2.23,78,2,48.5,100,System Design Basics & Caching,"Dynamic Programming, Sorting & Searching Algorithms, Graph Algorithms, Trees & Binary Search Trees, Linked Lists & Doubly Linked Lists, System Design Basics & Caching, Arrays & Hash Maps, Machine Learning Foundations, Stacks & Queues, Greedy Algorithms & Backtracking",91,5,Medium,M1 -> M2 -> M5,70,74,Good,Greedy Algorithms & Backtracking
STU0961,Noah Joshi,18,Male,High School,Visual,3.1,81,1,38.2,70,Trees & Binary Search Trees,"Graph Algorithms, Dynamic Programming, Greedy Algorithms & Backtracking, Linked Lists & Doubly Linked Lists, Machine Learning Foundations, Arrays & Hash Maps, Sorting & Searching Algorithms",96,4,Medium,M1 -> M3 -> M4,95,71,Good,Trees & Binary Search Trees
STU0962,Aarav Rodriguez,19,Female,PG,Kinesthetic,3.26,91,5,45.3,40,Stacks & Queues,"Greedy Algorithms & Backtracking, Trees & Binary Search Trees, Machine Learning Foundations, Sorting & Searching Algorithms",96,5,Easy,M1 -> M4 -> M6,82,81,Excellent,Dynamic Programming
STU0963,Tanvi Smith,22,Male,PG,Auditory,2.96,74,5,38.2,50,Dynamic Programming,"Trees & Binary Search Trees, Arrays & Hash Maps, System Design Basics & Caching, Greedy Algorithms & Backtracking, Graph Algorithms",74,1,Medium,M1 -> M4 -> M4,72,67,Fair,Sorting & Searching Algorithms
STU0964,Siddharth Patel,23,Male,PG,Kinesthetic,3.11,82,2,58.8,60,Graph Algorithms,"Sorting & Searching Algorithms, System Design Basics & Caching, Stacks & Queues, Dynamic Programming, Graph Algorithms, Greedy Algorithms & Backtracking",72,5,Easy,M1 -> M2 -> M5,80,79,Good,Greedy Algorithms & Backtracking
STU0965,Aditya Brown,24,Male,UG,Auditory,2.75,70,1,19.3,100,Machine Learning Foundations,"Machine Learning Foundations, Graph Algorithms, System Design Basics & Caching, Greedy Algorithms & Backtracking, Sorting & Searching Algorithms, Stacks & Queues, Trees & Binary Search Trees, Linked Lists & Doubly Linked Lists, Dynamic Programming, Arrays & Hash Maps",95,1,Hard,M1 -> M2 -> M6,99,62,Fair,Sorting & Searching Algorithms
STU0966,Liam Miller,20,Male,PG,Visual,3.03,93,3,46.0,100,Graph Algorithms,"Arrays & Hash Maps, Stacks & Queues, Dynamic Programming, Linked Lists & Doubly Linked Lists, Machine Learning Foundations, Graph Algorithms, System Design Basics & Caching, Trees & Binary Search Trees, Sorting & Searching Algorithms, Greedy Algorithms & Backtracking",68,3,Easy,M1 -> M3 -> M6,83,92,Excellent,Dynamic Programming
STU0967,Neha Mehta,23,Female,High School,Visual,2.59,61,5,46.6,30,Machine Learning Foundations,"Linked Lists & Doubly Linked Lists, System Design Basics & Caching, Stacks & Queues",66,4,Hard,M1 -> M4 -> M4,80,62,Fair,Sorting & Searching Algorithms
STU0968,Yash Sharma,22,Female,High School,Visual,2.12,99,5,21.4,100,Stacks & Queues,"Trees & Binary Search Trees, Arrays & Hash Maps, Graph Algorithms, Machine Learning Foundations, Dynamic Programming, System Design Basics & Caching, Greedy Algorithms & Backtracking, Sorting & Searching Algorithms, Stacks & Queues, Linked Lists & Doubly Linked Lists",65,0,Easy,M1 -> M2 -> M4,88,100,Excellent,System Design Basics & Caching
STU0969,Riya Patel,23,Male,High School,Visual,3.31,71,4,48.8,50,System Design Basics & Caching,"Sorting & Searching Algorithms, Arrays & Hash Maps, Greedy Algorithms & Backtracking, Machine Learning Foundations, Trees & Binary Search Trees",74,5,Hard,M1 -> M3 -> M5,71,70,Good,Stacks & Queues
STU0970,Alex Kumar,20,Female,UG,Visual,3.7,50,1,31.5,50,Dynamic Programming,"Arrays & Hash Maps, Linked Lists & Doubly Linked Lists, System Design Basics & Caching, Stacks & Queues, Greedy Algorithms & Backtracking",100,1,Medium,M1 -> M3 -> M4,77,51,Fair,Linked Lists & Doubly Linked Lists
STU0971,Tanvi Brown,19,Female,UG,Kinesthetic,2.34,73,5,32.6,60,Linked Lists & Doubly Linked Lists,"Stacks & Queues, Greedy Algorithms & Backtracking, Machine Learning Foundations, Trees & Binary Search Trees, Dynamic Programming, Arrays & Hash Maps",86,5,Easy,M1 -> M4 -> M5,97,67,Good,Machine Learning Foundations
STU0972,Aditya Patel,25,Female,PG,Auditory,3.02,61,2,41.0,50,Machine Learning Foundations,"Graph Algorithms, Greedy Algorithms & Backtracking, System Design Basics & Caching, Dynamic Programming, Arrays & Hash Maps",100,1,Hard,M1 -> M3 -> M4,79,67,Fair,Sorting & Searching Algorithms
STU0973,Yash Garcia,22,Male,High School,Visual,2.63,84,4,39.6,50,Trees & Binary Search Trees,"Graph Algorithms, Arrays & Hash Maps, Machine Learning Foundations, Sorting & Searching Algorithms, Trees & Binary Search Trees",67,1,Medium,M1 -> M4 -> M6,75,85,Excellent,Greedy Algorithms & Backtracking
STU0974,Aditya Rodriguez,20,Male,UG,Kinesthetic,3.38,62,5,39.8,50,Linked Lists & Doubly Linked Lists,"Linked Lists & Doubly Linked Lists, Machine Learning Foundations, Greedy Algorithms & Backtracking, Dynamic Programming, System Design Basics & Caching",93,1,Easy,M1 -> M4 -> M5,79,59,Fair,Machine Learning Foundations
STU0975,Karan Rodriguez,22,Male,PG,Visual,3.06,65,3,54.0,50,Machine Learning Foundations,"Dynamic Programming, System Design Basics & Caching, Arrays & Hash Maps, Trees & Binary Search Trees, Machine Learning Foundations",61,2,Easy,M1 -> M2 -> M4,75,66,Fair,Stacks & Queues
STU0976,Ishita Joshi,22,Male,PG,Visual,2.49,43,1,29.0,10,Linked Lists & Doubly Linked Lists,Dynamic Programming,93,3,Hard,M1 -> M2 -> M4,93,53,Fair,Arrays & Hash Maps
STU0977,Ava Miller,24,Male,High School,Visual,2.33,65,1,51.3,40,Linked Lists & Doubly Linked Lists,"Machine Learning Foundations, Greedy Algorithms & Backtracking, Arrays & Hash Maps, System Design Basics & Caching",62,0,Easy,M1 -> M2 -> M4,94,70,Good,Stacks & Queues
STU0978,Sophia Gupta,25,Female,High School,Kinesthetic,2.21,35,5,29.8,70,Stacks & Queues,"Sorting & Searching Algorithms, Arrays & Hash Maps, Graph Algorithms, System Design Basics & Caching, Greedy Algorithms & Backtracking, Stacks & Queues, Trees & Binary Search Trees",83,0,Medium,M1 -> M2 -> M5,77,40,Fail,Arrays & Hash Maps
STU0979,Siddharth Kumar,19,Male,UG,Visual,3.12,48,2,36.1,80,System Design Basics & Caching,"Arrays & Hash Maps, Greedy Algorithms & Backtracking, Stacks & Queues, Dynamic Programming, Trees & Binary Search Trees, Graph Algorithms, Machine Learning Foundations, System Design Basics & Caching",86,0,Easy,M1 -> M4 -> M5,74,44,Fail,Linked Lists & Doubly Linked Lists
STU0980,Emma Martinez,24,Female,UG,Auditory,3.55,83,3,39.6,90,Trees & Binary Search Trees,"Greedy Algorithms & Backtracking, Sorting & Searching Algorithms, Trees & Binary Search Trees, Arrays & Hash Maps, Machine Learning Foundations, System Design Basics & Caching, Dynamic Programming, Graph Algorithms, Stacks & Queues",95,2,Easy,M1 -> M4 -> M4,75,93,Excellent,Greedy Algorithms & Backtracking
STU0981,Aditya Rao,21,Male,High School,Auditory,3.93,83,5,45.1,30,Linked Lists & Doubly Linked Lists,"Dynamic Programming, Arrays & Hash Maps, Machine Learning Foundations",84,4,Hard,M1 -> M3 -> M5,85,73,Excellent,Trees & Binary Search Trees
STU0982,Arjun Jones,23,Male,UG,Kinesthetic,3.38,78,1,48.1,40,Machine Learning Foundations,"Sorting & Searching Algorithms, Stacks & Queues, Linked Lists & Doubly Linked Lists, System Design Basics & Caching",86,2,Medium,M1 -> M2 -> M4,99,68,Excellent,Greedy Algorithms & Backtracking
STU0983,Vikram Joshi,23,Male,PG,Kinesthetic,3.53,57,5,21.2,30,Graph Algorithms,"Trees & Binary Search Trees, Linked Lists & Doubly Linked Lists, Machine Learning Foundations",94,2,Medium,M1 -> M2 -> M4,99,50,Fail,Arrays & Hash Maps
STU0984,Sophia Brown,19,Male,UG,Visual,2.09,71,4,47.4,20,Sorting & Searching Algorithms,"Linked Lists & Doubly Linked Lists, Dynamic Programming",95,3,Easy,M1 -> M4 -> M4,91,80,Good,Stacks & Queues
STU0985,Ava Smith,21,Female,PG,Visual,2.19,71,4,37.8,60,Arrays & Hash Maps,"Linked Lists & Doubly Linked Lists, Graph Algorithms, Greedy Algorithms & Backtracking, Trees & Binary Search Trees, Stacks & Queues, Machine Learning Foundations",97,3,Easy,M1 -> M3 -> M5,87,71,Fair,Stacks & Queues
STU0986,Karan Gupta,20,Male,UG,Auditory,2.66,54,5,37.4,20,Stacks & Queues,"Trees & Binary Search Trees, Sorting & Searching Algorithms",66,2,Easy,M1 -> M3 -> M6,94,63,Fail,Arrays & Hash Maps
STU0987,Dev Kumar,21,Female,High School,Visual,2.59,94,4,21.4,50,Dynamic Programming,"Sorting & Searching Algorithms, Graph Algorithms, Dynamic Programming, Greedy Algorithms & Backtracking, Trees & Binary Search Trees",82,0,Easy,M1 -> M2 -> M5,71,100,Excellent,System Design Basics & Caching
STU0988,Dev Gupta,23,Female,UG,Kinesthetic,2.96,85,3,28.8,40,Greedy Algorithms & Backtracking,"Arrays & Hash Maps, Trees & Binary Search Trees, Linked Lists & Doubly Linked Lists, System Design Basics & Caching",74,4,Medium,M1 -> M3 -> M4,86,85,Excellent,Trees & Binary Search Trees
STU0989,Liam Jones,20,Female,High School,Visual,3.13,68,5,38.2,60,Graph Algorithms,"Dynamic Programming, System Design Basics & Caching, Machine Learning Foundations, Linked Lists & Doubly Linked Lists, Trees & Binary Search Trees, Greedy Algorithms & Backtracking",79,0,Easy,M1 -> M3 -> M4,84,78,Good,Stacks & Queues
STU0990,Mason Williams,21,Male,UG,Visual,3.72,72,4,46.1,40,Sorting & Searching Algorithms,"Trees & Binary Search Trees, System Design Basics & Caching, Dynamic Programming, Machine Learning Foundations",82,4,Medium,M1 -> M4 -> M6,89,63,Good,Machine Learning Foundations
STU0991,Riya Sharma,22,Female,PG,Kinesthetic,2.47,75,2,26.7,10,Sorting & Searching Algorithms,Sorting & Searching Algorithms,82,0,Hard,M1 -> M3 -> M4,83,67,Good,Greedy Algorithms & Backtracking
STU0992,Mason Smith,25,Female,UG,Visual,2.63,41,4,47.0,60,Dynamic Programming,"Greedy Algorithms & Backtracking, Arrays & Hash Maps, Machine Learning Foundations, Graph Algorithms, Dynamic Programming, Trees & Binary Search Trees",82,2,Easy,M1 -> M4 -> M6,77,47,Fail,Arrays & Hash Maps
STU0993,Aditya Singh,20,Female,High School,Auditory,3.5,68,2,22.9,30,Greedy Algorithms & Backtracking,"Trees & Binary Search Trees, Stacks & Queues, Arrays & Hash Maps",69,3,Medium,M1 -> M3 -> M6,83,77,Good,Stacks & Queues
STU0994,Priya Garcia,19,Female,High School,Visual,3.56,61,3,27.1,30,Machine Learning Foundations,"System Design Basics & Caching, Sorting & Searching Algorithms, Linked Lists & Doubly Linked Lists",95,3,Easy,M1 -> M2 -> M5,100,54,Fair,Stacks & Queues
STU0995,Ethan Brown,18,Male,PG,Visual,2.37,56,1,59.9,30,Dynamic Programming,"Machine Learning Foundations, System Design Basics & Caching, Arrays & Hash Maps",77,1,Easy,M1 -> M3 -> M4,83,63,Fair,Linked Lists & Doubly Linked Lists
STU0996,Aarav Patel,25,Female,High School,Visual,3.61,67,1,55.0,20,Dynamic Programming,"Trees & Binary Search Trees, Greedy Algorithms & Backtracking",60,0,Medium,M1 -> M2 -> M4,96,71,Fair,Stacks & Queues
STU0997,Neha Nair,22,Female,PG,Visual,3.71,98,2,58.1,80,Stacks & Queues,"Machine Learning Foundations, Graph Algorithms, Greedy Algorithms & Backtracking, Trees & Binary Search Trees, Linked Lists & Doubly Linked Lists, System Design Basics & Caching, Arrays & Hash Maps, Stacks & Queues",62,5,Easy,M1 -> M3 -> M5,75,99,Excellent,Graph Algorithms
STU0998,Pooja Martinez,26,Female,High School,Kinesthetic,3.21,81,2,30.7,100,Trees & Binary Search Trees,"Stacks & Queues, Greedy Algorithms & Backtracking, Machine Learning Foundations, Dynamic Programming, Trees & Binary Search Trees, Linked Lists & Doubly Linked Lists, Arrays & Hash Maps, Sorting & Searching Algorithms, System Design Basics & Caching, Graph Algorithms",63,2,Medium,M1 -> M2 -> M4,92,84,Excellent,Trees & Binary Search Trees
STU0999,Dev Williams,23,Male,UG,Visual,3.11,63,5,31.8,50,Sorting & Searching Algorithms,"Trees & Binary Search Trees, Greedy Algorithms & Backtracking, Graph Algorithms, System Design Basics & Caching, Sorting & Searching Algorithms",88,5,Medium,M1 -> M3 -> M4,93,68,Good,Machine Learning Foundations
STU1000,Kavya Brown,18,Male,High School,Kinesthetic,2.02,80,2,23.4,20,Machine Learning Foundations,"Stacks & Queues, Arrays & Hash Maps",64,2,Easy,M1 -> M2 -> M6,78,78,Excellent,Trees & Binary Search Trees
STU1001,Tanvi Rodriguez,18,Male,High School,Visual,2.7,92,2,31.1,40,Trees & Binary Search Trees,"Trees & Binary Search Trees, Stacks & Queues, Arrays & Hash Maps, Linked Lists & Doubly Linked Lists",62,1,Medium,M1 -> M4 -> M5,97,83,Excellent,System Design Basics & Caching
STU1002,Priya Martinez,21,Female,UG,Auditory,3.59,85,5,37.7,10,Trees & Binary Search Trees,Dynamic Programming,95,4,Easy,M1 -> M4 -> M4,76,80,Good,Greedy Algorithms & Backtracking
STU1003,Ishita Mehta,24,Male,PG,Auditory,2.26,72,5,17.6,90,Arrays & Hash Maps,"Sorting & Searching Algorithms, System Design Basics & Caching, Trees & Binary Search Trees, Arrays & Hash Maps, Linked Lists & Doubly Linked Lists, Stacks & Queues, Graph Algorithms, Dynamic Programming, Greedy Algorithms & Backtracking",81,4,Easy,M1 -> M2 -> M4,77,77,Fair,Sorting & Searching Algorithms
STU1004,Arjun Joshi,19,Female,UG,Auditory,3.18,62,3,43.8,50,Stacks & Queues,"Linked Lists & Doubly Linked Lists, Arrays & Hash Maps, Dynamic Programming, Machine Learning Foundations, Graph Algorithms",96,1,Hard,M1 -> M4 -> M4,74,57,Good,Sorting & Searching Algorithms
STU1005,Arjun Jones,19,Male,High School,Auditory,2.74,82,3,32.2,70,Stacks & Queues,"Dynamic Programming, Graph Algorithms, Greedy Algorithms & Backtracking, Stacks & Queues, Linked Lists & Doubly Linked Lists, System Design Basics & Caching, Trees & Binary Search Trees",69,5,Easy,M1 -> M3 -> M4,70,90,Good,Greedy Algorithms & Backtracking
STU1006,Yash Kumar,26,Female,UG,Visual,2.54,77,2,53.7,40,Stacks & Queues,"Linked Lists & Doubly Linked Lists, Machine Learning Foundations, Sorting & Searching Algorithms, Greedy Algorithms & Backtracking",82,0,Easy,M1 -> M2 -> M6,73,85,Excellent,Greedy Algorithms & Backtracking
STU1007,Alex Gupta,22,Male,PG,Visual,3.03,85,3,53.7,80,Greedy Algorithms & Backtracking,"Machine Learning Foundations, Greedy Algorithms & Backtracking, Stacks & Queues, System Design Basics & Caching, Trees & Binary Search Trees, Graph Algorithms, Linked Lists & Doubly Linked Lists, Sorting & Searching Algorithms",69,0,Hard,M1 -> M4 -> M5,95,85,Good,Greedy Algorithms & Backtracking
STU1008,Liam Davis,19,Male,PG,Visual,2.61,81,2,41.5,90,Greedy Algorithms & Backtracking,"Greedy Algorithms & Backtracking, Arrays & Hash Maps, Dynamic Programming, Trees & Binary Search Trees, Sorting & Searching Algorithms, Machine Learning Foundations, Linked Lists & Doubly Linked Lists, System Design Basics & Caching, Stacks & Queues",95,3,Easy,M1 -> M4 -> M4,80,85,Excellent,Greedy Algorithms & Backtracking
STU1009,Liam Davis,22,Female,UG,Visual,3.77,87,2,58.8,60,System Design Basics & Caching,"Sorting & Searching Algorithms, System Design Basics & Caching, Trees & Binary Search Trees, Dynamic Programming, Machine Learning Foundations, Graph Algorithms",80,5,Easy,M1 -> M2 -> M5,70,93,Excellent,Greedy Algorithms & Backtracking
STU1010,Aditya Williams,25,Male,PG,Kinesthetic,3.56,63,2,40.0,60,Graph Algorithms,"Trees & Binary Search Trees, Sorting & Searching Algorithms, System Design Basics & Caching, Arrays & Hash Maps, Graph Algorithms, Machine Learning Foundations",71,1,Easy,M1 -> M2 -> M6,81,73,Fair,Machine Learning Foundations
STU1011,Arjun Kumar,22,Female,High School,Kinesthetic,2.82,91,5,40.8,100,Graph Algorithms,"Stacks & Queues, Arrays & Hash Maps, Linked Lists & Doubly Linked Lists, Dynamic Programming, Greedy Algorithms & Backtracking, Sorting & Searching Algorithms, Graph Algorithms, Trees & Binary Search Trees, System Design Basics & Caching, Machine Learning Foundations",98,0,Hard,M1 -> M4 -> M6,83,93,Excellent,System Design Basics & Caching
STU1012,Neha Jones,18,Male,UG,Auditory,2.0,74,4,52.6,60,Arrays & Hash Maps,"Machine Learning Foundations, Sorting & Searching Algorithms, Dynamic Programming, Linked Lists & Doubly Linked Lists, Greedy Algorithms & Backtracking, Arrays & Hash Maps",62,0,Easy,M1 -> M2 -> M6,88,71,Fair,Sorting & Searching Algorithms
STU1013,Sneha Johnson,21,Male,High School,Visual,2.6,100,5,21.5,80,Linked Lists & Doubly Linked Lists,"Linked Lists & Doubly Linked Lists, Trees & Binary Search Trees, Dynamic Programming, Greedy Algorithms & Backtracking, Arrays & Hash Maps, Sorting & Searching Algorithms, System Design Basics & Caching, Graph Algorithms",91,5,Easy,M1 -> M3 -> M5,99,100,Excellent,Dynamic Programming
STU1014,Ethan Verma,25,Female,High School,Auditory,2.56,61,1,35.0,90,Sorting & Searching Algorithms,"Arrays & Hash Maps, Machine Learning Foundations, Sorting & Searching Algorithms, Linked Lists & Doubly Linked Lists, Trees & Binary Search Trees, Dynamic Programming, Graph Algorithms, Greedy Algorithms & Backtracking, Stacks & Queues",87,5,Medium,M1 -> M2 -> M4,73,51,Fair,Stacks & Queues
STU1015,Alex Martinez,22,Female,PG,Visual,3.93,98,3,20.2,50,Stacks & Queues,"Trees & Binary Search Trees, Linked Lists & Doubly Linked Lists, Dynamic Programming, Stacks & Queues, Greedy Algorithms & Backtracking",72,3,Medium,M1 -> M3 -> M6,86,99,Excellent,Graph Algorithms
STU1016,Meera Brown,18,Female,PG,Visual,3.58,74,1,59.9,100,Graph Algorithms,"Stacks & Queues, Arrays & Hash Maps, Graph Algorithms, Trees & Binary Search Trees, System Design Basics & Caching, Dynamic Programming, Machine Learning Foundations, Linked Lists & Doubly Linked Lists, Sorting & Searching Algorithms, Greedy Algorithms & Backtracking",91,4,Hard,M1 -> M2 -> M5,75,65,Fair,Stacks & Queues
STU1017,Mason Kumar,22,Male,UG,Auditory,2.53,62,4,50.1,50,Linked Lists & Doubly Linked Lists,"Greedy Algorithms & Backtracking, Stacks & Queues, Trees & Binary Search Trees, System Design Basics & Caching, Dynamic Programming",72,4,Easy,M1 -> M3 -> M6,75,63,Good,Sorting & Searching Algorithms
STU1018,Ava Rao,26,Female,PG,Visual,2.76,64,4,22.8,30,Dynamic Programming,"System Design Basics & Caching, Arrays & Hash Maps, Graph Algorithms",93,3,Easy,M1 -> M2 -> M6,100,54,Good,Stacks & Queues
STU1019,Pooja Smith,21,Female,PG,Auditory,2.96,67,5,42.2,50,Stacks & Queues,"Linked Lists & Doubly Linked Lists, Dynamic Programming, Graph Algorithms, Machine Learning Foundations, Stacks & Queues",62,4,Medium,M1 -> M4 -> M4,91,70,Good,Sorting & Searching Algorithms
STU1020,Ananya Rao,25,Female,PG,Visual,2.59,78,4,18.7,80,System Design Basics & Caching,"System Design Basics & Caching, Graph Algorithms, Machine Learning Foundations, Linked Lists & Doubly Linked Lists, Trees & Binary Search Trees, Arrays & Hash Maps, Sorting & Searching Algorithms, Stacks & Queues",88,5,Medium,M1 -> M3 -> M5,97,82,Excellent,Greedy Algorithms & Backtracking
STU1021,Rahul Williams,21,Female,PG,Visual,2.74,79,4,36.4,50,Linked Lists & Doubly Linked Lists,"System Design Basics & Caching, Sorting & Searching Algorithms, Arrays & Hash Maps, Greedy Algorithms & Backtracking, Linked Lists & Doubly Linked Lists",70,4,Medium,M1 -> M4 -> M5,71,83,Good,Greedy Algorithms & Backtracking
STU1022,Alex Davis,24,Male,UG,Visual,2.73,63,4,41.6,70,Arrays & Hash Maps,"Sorting & Searching Algorithms, Arrays & Hash Maps, Trees & Binary Search Trees, Machine Learning Foundations, Linked Lists & Doubly Linked Lists, Greedy Algorithms & Backtracking, Stacks & Queues",75,1,Easy,M1 -> M4 -> M4,96,65,Good,Sorting & Searching Algorithms
STU1023,Meera Gupta,26,Male,High School,Kinesthetic,2.37,71,5,44.1,70,Greedy Algorithms & Backtracking,"Machine Learning Foundations, Graph Algorithms, Linked Lists & Doubly Linked Lists, System Design Basics & Caching, Arrays & Hash Maps, Dynamic Programming, Trees & Binary Search Trees",87,2,Easy,M1 -> M4 -> M6,82,76,Good,Machine Learning Foundations
STU1024,Noah Joshi,24,Male,UG,Kinesthetic,3.63,100,5,21.2,90,Machine Learning Foundations,"System Design Basics & Caching, Greedy Algorithms & Backtracking, Dynamic Programming, Arrays & Hash Maps, Sorting & Searching Algorithms, Stacks & Queues, Graph Algorithms, Machine Learning Foundations, Linked Lists & Doubly Linked Lists",67,5,Hard,M1 -> M3 -> M6,83,92,Excellent,Graph Algorithms
STU1025,Tanvi Williams,25,Male,UG,Auditory,2.41,97,2,41.0,10,Linked Lists & Doubly Linked Lists,Dynamic Programming,60,3,Easy,M1 -> M4 -> M6,94,100,Excellent,System Design Basics & Caching
STU1026,Ethan Martinez,19,Male,UG,Visual,3.12,78,3,42.5,70,Sorting & Searching Algorithms,"Trees & Binary Search Trees, Machine Learning Foundations, Greedy Algorithms & Backtracking, Arrays & Hash Maps, System Design Basics & Caching, Dynamic Programming, Sorting & Searching Algorithms",70,3,Hard,M1 -> M2 -> M4,92,86,Good,Greedy Algorithms & Backtracking
STU1027,Tanvi Mehta,19,Male,UG,Auditory,3.37,72,5,23.1,100,Arrays & Hash Maps,"Linked Lists & Doubly Linked Lists, Graph Algorithms, Sorting & Searching Algorithms, Dynamic Programming, System Design Basics & Caching, Greedy Algorithms & Backtracking, Trees & Binary Search Trees, Machine Learning Foundations, Arrays & Hash Maps, Stacks & Queues",99,2,Medium,M1 -> M2 -> M4,78,81,Good,Sorting & Searching Algorithms
STU1028,Siddharth Kumar,22,Male,PG,Kinesthetic,3.48,73,5,20.0,50,Trees & Binary Search Trees,"Arrays & Hash Maps, Stacks & Queues, Linked Lists & Doubly Linked Lists, Trees & Binary Search Trees, Sorting & Searching Algorithms",90,4,Medium,M1 -> M3 -> M6,100,83,Fair,Machine Learning Foundations
STU1029,Aditya Mehta,19,Female,PG,Kinesthetic,3.16,81,3,54.7,10,Linked Lists & Doubly Linked Lists,Dynamic Programming,97,5,Easy,M1 -> M3 -> M4,100,85,Good,Greedy Algorithms & Backtracking
STU1030,Noah Verma,19,Female,High School,Kinesthetic,3.95,56,5,43.8,70,Graph Algorithms,"Arrays & Hash Maps, Greedy Algorithms & Backtracking, Machine Learning Foundations, Linked Lists & Doubly Linked Lists, System Design Basics & Caching, Graph Algorithms, Sorting & Searching Algorithms",64,3,Hard,M1 -> M4 -> M4,100,59,Fail,Arrays & Hash Maps
STU1031,Tanvi Kumar,22,Female,PG,Auditory,3.5,68,2,38.2,10,Arrays & Hash Maps,Greedy Algorithms & Backtracking,97,2,Medium,M1 -> M4 -> M6,90,66,Fair,Sorting & Searching Algorithms
STU1032,Rohan Patel,24,Male,UG,Kinesthetic,3.37,46,1,25.8,100,Dynamic Programming,"Linked Lists & Doubly Linked Lists, Stacks & Queues, Greedy Algorithms & Backtracking, Trees & Binary Search Trees, Dynamic Programming, Machine Learning Foundations, Arrays & Hash Maps, System Design Basics & Caching, Sorting & Searching Algorithms, Graph Algorithms",67,3,Medium,M1 -> M2 -> M6,78,44,Fair,Arrays & Hash Maps
STU1033,Vikram Smith,24,Male,PG,Auditory,2.67,77,3,24.7,90,Greedy Algorithms & Backtracking,"Arrays & Hash Maps, Linked Lists & Doubly Linked Lists, Stacks & Queues, Machine Learning Foundations, Sorting & Searching Algorithms, Greedy Algorithms & Backtracking, System Design Basics & Caching, Trees & Binary Search Trees, Dynamic Programming",98,0,Medium,M1 -> M2 -> M5,77,67,Good,Greedy Algorithms & Backtracking
STU1034,Neha Davis,22,Female,UG,Kinesthetic,2.12,81,1,30.8,100,Dynamic Programming,"Greedy Algorithms & Backtracking, Arrays & Hash Maps, Stacks & Queues, Dynamic Programming, Machine Learning Foundations, Linked Lists & Doubly Linked Lists, Trees & Binary Search Trees, Graph Algorithms, System Design Basics & Caching, Sorting & Searching Algorithms",74,5,Hard,M1 -> M4 -> M4,87,85,Excellent,Greedy Algorithms & Backtracking
STU1035,Olivia Johnson,22,Male,High School,Auditory,3.65,64,5,35.3,50,System Design Basics & Caching,"System Design Basics & Caching, Stacks & Queues, Linked Lists & Doubly Linked Lists, Machine Learning Foundations, Sorting & Searching Algorithms",91,1,Medium,M1 -> M4 -> M5,74,60,Good,Sorting & Searching Algorithms
STU1036,Rahul Mehta,24,Male,UG,Auditory,3.61,95,2,21.1,100,Machine Learning Foundations,"System Design Basics & Caching, Dynamic Programming, Graph Algorithms, Greedy Algorithms & Backtracking, Arrays & Hash Maps, Linked Lists & Doubly Linked Lists, Stacks & Queues, Trees & Binary Search Trees, Machine Learning Foundations, Sorting & Searching Algorithms",63,2,Easy,M1 -> M4 -> M5,75,98,Excellent,Graph Algorithms
STU1037,Yash Martinez,20,Male,UG,Auditory,2.8,53,5,50.6,80,Machine Learning Foundations,"Machine Learning Foundations, Dynamic Programming, Stacks & Queues, Linked Lists & Doubly Linked Lists, Greedy Algorithms & Backtracking, Trees & Binary Search Trees, System Design Basics & Caching, Sorting & Searching Algorithms",95,1,Hard,M1 -> M3 -> M6,84,58,Fair,Arrays & Hash Maps
STU1038,Dev Martinez,20,Female,UG,Visual,2.6,50,3,55.3,40,Graph Algorithms,"System Design Basics & Caching, Stacks & Queues, Arrays & Hash Maps, Graph Algorithms",75,0,Easy,M1 -> M4 -> M4,74,52,Fail,Arrays & Hash Maps
STU1039,Aarav Sharma,18,Male,UG,Auditory,2.1,75,5,18.2,80,Dynamic Programming,"Stacks & Queues, Linked Lists & Doubly Linked Lists, Graph Algorithms, Sorting & Searching Algorithms, Dynamic Programming, System Design Basics & Caching, Arrays & Hash Maps, Greedy Algorithms & Backtracking",79,0,Hard,M1 -> M2 -> M6,85,69,Excellent,Greedy Algorithms & Backtracking
STU1040,Ananya Rodriguez,26,Female,PG,Auditory,3.67,87,1,38.3,70,Graph Algorithms,"Stacks & Queues, Machine Learning Foundations, Graph Algorithms, Arrays & Hash Maps, System Design Basics & Caching, Greedy Algorithms & Backtracking, Linked Lists & Doubly Linked Lists",74,2,Medium,M1 -> M4 -> M5,83,96,Good,Greedy Algorithms & Backtracking
STU1041,Olivia Gupta,22,Female,High School,Kinesthetic,3.88,97,4,42.7,90,Arrays & Hash Maps,"Sorting & Searching Algorithms, Dynamic Programming, Stacks & Queues, Arrays & Hash Maps, System Design Basics & Caching, Trees & Binary Search Trees, Greedy Algorithms & Backtracking, Machine Learning Foundations, Graph Algorithms",86,0,Medium,M1 -> M3 -> M6,85,91,Excellent,Graph Algorithms
STU1042,Noah Rao,18,Female,High School,Auditory,2.98,65,1,44.5,20,Stacks & Queues,"Sorting & Searching Algorithms, Trees & Binary Search Trees",90,5,Easy,M1 -> M2 -> M4,85,70,Good,Sorting & Searching Algorithms
STU1043,Meera Joshi,20,Male,UG,Auditory,2.12,88,5,23.9,70,Linked Lists & Doubly Linked Lists,"Machine Learning Foundations, Stacks & Queues, Arrays & Hash Maps, Linked Lists & Doubly Linked Lists, Sorting & Searching Algorithms, System Design Basics & Caching, Greedy Algorithms & Backtracking",90,1,Medium,M1 -> M2 -> M4,93,83,Excellent,System Design Basics & Caching
STU1044,Olivia Rao,22,Female,UG,Auditory,3.1,71,4,16.2,10,Graph Algorithms,Greedy Algorithms & Backtracking,94,3,Easy,M1 -> M3 -> M4,92,76,Fair,Sorting & Searching Algorithms
STU1045,Riya Smith,19,Male,UG,Kinesthetic,2.07,69,3,32.3,90,Sorting & Searching Algorithms,"Linked Lists & Doubly Linked Lists, Greedy Algorithms & Backtracking, Trees & Binary Search Trees, Sorting & Searching Algorithms, Machine Learning Foundations, Graph Algorithms, Stacks & Queues, Arrays & Hash Maps, Dynamic Programming",76,0,Hard,M1 -> M4 -> M5,70,70,Fair,Machine Learning Foundations
STU1046,Kavya Davis,19,Male,UG,Auditory,2.52,85,1,41.5,100,Dynamic Programming,"Sorting & Searching Algorithms, Trees & Binary Search Trees, Linked Lists & Doubly Linked Lists, System Design Basics & Caching, Arrays & Hash Maps, Dynamic Programming, Graph Algorithms, Machine Learning Foundations, Stacks & Queues, Greedy Algorithms & Backtracking",60,5,Medium,M1 -> M2 -> M6,70,82,Excellent,Greedy Algorithms & Backtracking
STU1047,Pooja Davis,20,Male,High School,Kinesthetic,2.05,81,1,25.7,40,Machine Learning Foundations,"Dynamic Programming, Machine Learning Foundations, Stacks & Queues, System Design Basics & Caching",83,4,Hard,M1 -> M4 -> M6,70,85,Excellent,Trees & Binary Search Trees
STU1048,Tanvi Davis,18,Male,UG,Auditory,2.31,48,2,47.5,60,Linked Lists & Doubly Linked Lists,"Dynamic Programming, Graph Algorithms, Machine Learning Foundations, Sorting & Searching Algorithms, System Design Basics & Caching, Linked Lists & Doubly Linked Lists",81,5,Hard,M1 -> M2 -> M4,84,47,Fail,Linked Lists & Doubly Linked Lists
STU1049,Aditya Sharma,26,Male,UG,Auditory,2.09,94,1,19.1,100,System Design Basics & Caching,"Greedy Algorithms & Backtracking, Arrays & Hash Maps, Stacks & Queues, System Design Basics & Caching, Sorting & Searching Algorithms, Dynamic Programming, Graph Algorithms, Machine Learning Foundations, Linked Lists & Doubly Linked Lists, Trees & Binary Search Trees",69,3,Hard,M1 -> M2 -> M5,78,100,Excellent,System Design Basics & Caching
STU1050,Karan Davis,18,Female,High School,Auditory,2.48,92,1,28.3,20,Linked Lists & Doubly Linked Lists,"Machine Learning Foundations, Dynamic Programming",89,5,Easy,M1 -> M2 -> M4,80,89,Excellent,System Design Basics & Caching
STU1051,Pooja Garcia,18,Female,UG,Auditory,2.73,62,1,35.0,50,Graph Algorithms,"Greedy Algorithms & Backtracking, Arrays & Hash Maps, Stacks & Queues, Sorting & Searching Algorithms, Linked Lists & Doubly Linked Lists",64,2,Medium,M1 -> M4 -> M6,93,59,Fair,Sorting & Searching Algorithms
STU1052,Yash Nair,24,Female,UG,Auditory,2.26,77,2,48.7,70,Stacks & Queues,"Trees & Binary Search Trees, Sorting & Searching Algorithms, Dynamic Programming, Arrays & Hash Maps, Stacks & Queues, Linked Lists & Doubly Linked Lists, Greedy Algorithms & Backtracking",64,5,Medium,M1 -> M2 -> M5,96,84,Good,Greedy Algorithms & Backtracking
STU1053,Isabella Jones,18,Male,UG,Kinesthetic,2.8,79,4,52.3,60,Arrays & Hash Maps,"Dynamic Programming, Trees & Binary Search Trees, Arrays & Hash Maps, System Design Basics & Caching, Machine Learning Foundations, Linked Lists & Doubly Linked Lists",83,0,Hard,M1 -> M3 -> M4,87,87,Excellent,Trees & Binary Search Trees
STU1054,Priya Sharma,21,Male,PG,Visual,3.98,75,2,31.4,10,Trees & Binary Search Trees,Arrays & Hash Maps,61,4,Medium,M1 -> M4 -> M4,94,76,Good,Greedy Algorithms & Backtracking
STU1055,Yash Jones,23,Male,High School,Kinesthetic,3.3,63,1,21.0,30,Dynamic Programming,"Arrays & Hash Maps, Machine Learning Foundations, Dynamic Programming",89,2,Medium,M1 -> M3 -> M6,78,61,Good,Machine Learning Foundations
STU1056,Alex Rodriguez,20,Male,UG,Auditory,3.49,61,3,43.3,100,Graph Algorithms,"Graph Algorithms, Sorting & Searching Algorithms, Trees & Binary Search Trees, Machine Learning Foundations, Arrays & Hash Maps, System Design Basics & Caching, Dynamic Programming, Stacks & Queues, Greedy Algorithms & Backtracking, Linked Lists & Doubly Linked Lists",93,1,Medium,M1 -> M3 -> M5,75,56,Good,Sorting & Searching Algorithms
STU1057,Pooja Johnson,20,Male,UG,Kinesthetic,2.99,71,4,52.8,60,Dynamic Programming,"Dynamic Programming, Arrays & Hash Maps, Trees & Binary Search Trees, Machine Learning Foundations, Greedy Algorithms & Backtracking, System Design Basics & Caching",79,4,Medium,M1 -> M2 -> M5,97,81,Good,Machine Learning Foundations
STU1058,Rahul Brown,24,Male,High School,Visual,2.71,89,1,18.2,20,Sorting & Searching Algorithms,"System Design Basics & Caching, Sorting & Searching Algorithms",72,5,Hard,M1 -> M2 -> M6,90,81,Excellent,Dynamic Programming
STU1059,Riya Garcia,19,Female,UG,Visual,2.69,80,2,41.6,80,Machine Learning Foundations,"Arrays & Hash Maps, Sorting & Searching Algorithms, Stacks & Queues, Linked Lists & Doubly Linked Lists, Greedy Algorithms & Backtracking, System Design Basics & Caching, Machine Learning Foundations, Trees & Binary Search Trees",79,3,Medium,M1 -> M4 -> M5,93,81,Good,Greedy Algorithms & Backtracking
STU1060,Vikram Gupta,23,Female,PG,Visual,2.64,66,2,34.3,80,Linked Lists & Doubly Linked Lists,"Machine Learning Foundations, Linked Lists & Doubly Linked Lists, Dynamic Programming, Trees & Binary Search Trees, Sorting & Searching Algorithms, Stacks & Queues, Greedy Algorithms & Backtracking, Graph Algorithms",84,0,Hard,M1 -> M3 -> M6,85,64,Fair,Stacks & Queues
STU1061,Alex Davis,25,Female,PG,Visual,2.75,83,1,51.3,80,Arrays & Hash Maps,"Stacks & Queues, Trees & Binary Search Trees, Greedy Algorithms & Backtracking, Dynamic Programming, System Design Basics & Caching, Arrays & Hash Maps, Machine Learning Foundations, Graph Algorithms",66,4,Medium,M1 -> M4 -> M5,85,80,Good,Greedy Algorithms & Backtracking
STU1062,Vikram Joshi,20,Female,High School,Kinesthetic,2.27,30,4,31.9,100,Dynamic Programming,"Graph Algorithms, Machine Learning Foundations, Arrays & Hash Maps, Linked Lists & Doubly Linked Lists, System Design Basics & Caching, Dynamic Programming, Stacks & Queues, Greedy Algorithms & Backtracking, Trees & Binary Search Trees, Sorting & Searching Algorithms",97,5,Easy,M1 -> M3 -> M5,89,40,Fail,Arrays & Hash Maps
STU1063,Sneha Davis,23,Male,High School,Visual,2.48,89,1,17.9,30,Arrays & Hash Maps,"Machine Learning Foundations, Linked Lists & Doubly Linked Lists, Graph Algorithms",99,1,Medium,M1 -> M2 -> M6,79,83,Excellent,System Design Basics & Caching
STU1064,Vikram Rao,25,Male,PG,Kinesthetic,3.05,45,4,17.6,100,Arrays & Hash Maps,"Greedy Algorithms & Backtracking, Sorting & Searching Algorithms, System Design Basics & Caching, Dynamic Programming, Arrays & Hash Maps, Stacks & Queues, Graph Algorithms, Trees & Binary Search Trees, Linked Lists & Doubly Linked Lists, Machine Learning Foundations",88,2,Easy,M1 -> M2 -> M6,73,40,Fail,Arrays & Hash Maps
STU1065,Aarav Williams,22,Male,High School,Kinesthetic,2.31,66,1,33.6,70,Stacks & Queues,"Stacks & Queues, Greedy Algorithms & Backtracking, System Design Basics & Caching, Trees & Binary Search Trees, Dynamic Programming, Linked Lists & Doubly Linked Lists, Graph Algorithms",92,5,Hard,M1 -> M3 -> M5,85,56,Good,Machine Learning Foundations
STU1066,Isabella Jones,18,Male,PG,Auditory,2.1,55,3,18.8,70,Arrays & Hash Maps,"Sorting & Searching Algorithms, Machine Learning Foundations, Stacks & Queues, Graph Algorithms, Dynamic Programming, Greedy Algorithms & Backtracking, Linked Lists & Doubly Linked Lists",62,5,Easy,M1 -> M4 -> M4,98,60,Fair,Arrays & Hash Maps
STU1067,Aditya Sharma,24,Female,UG,Kinesthetic,2.33,52,2,46.8,80,Dynamic Programming,"Stacks & Queues, Sorting & Searching Algorithms, Arrays & Hash Maps, Dynamic Programming, Trees & Binary Search Trees, Linked Lists & Doubly Linked Lists, Greedy Algorithms & Backtracking, System Design Basics & Caching",72,4,Medium,M1 -> M4 -> M5,100,55,Fair,Linked Lists & Doubly Linked Lists
STU1068,Sophia Patel,22,Female,UG,Auditory,3.19,89,3,41.9,100,Trees & Binary Search Trees,"Linked Lists & Doubly Linked Lists, System Design Basics & Caching, Trees & Binary Search Trees, Graph Algorithms, Sorting & Searching Algorithms, Dynamic Programming, Greedy Algorithms & Backtracking, Stacks & Queues, Machine Learning Foundations, Arrays & Hash Maps",92,3,Medium,M1 -> M4 -> M5,70,88,Excellent,System Design Basics & Caching
STU1069,Pooja Joshi,20,Female,UG,Auditory,2.43,64,1,20.9,30,Trees & Binary Search Trees,"Machine Learning Foundations, Graph Algorithms, Dynamic Programming",70,5,Medium,M1 -> M4 -> M4,89,63,Fair,Sorting & Searching Algorithms
STU1070,Tanvi Smith,21,Female,High School,Visual,3.4,77,2,51.7,30,Greedy Algorithms & Backtracking,"Dynamic Programming, Stacks & Queues, System Design Basics & Caching",93,5,Hard,M1 -> M3 -> M4,75,77,Excellent,Trees & Binary Search Trees
STU1071,Arjun Jones,26,Female,High School,Kinesthetic,3.55,71,5,58.8,90,Stacks & Queues,"Stacks & Queues, Trees & Binary Search Trees, Greedy Algorithms & Backtracking, Graph Algorithms, Sorting & Searching Algorithms, Dynamic Programming, System Design Basics & Caching, Arrays & Hash Maps, Linked Lists & Doubly Linked Lists",78,0,Easy,M1 -> M3 -> M6,93,67,Fair,Machine Learning Foundations
STU1072,Liam Nair,23,Female,UG,Auditory,3.5,79,5,49.9,100,Machine Learning Foundations,"System Design Basics & Caching, Graph Algorithms, Dynamic Programming, Arrays & Hash Maps, Sorting & Searching Algorithms, Stacks & Queues, Trees & Binary Search Trees, Machine Learning Foundations, Linked Lists & Doubly Linked Lists, Greedy Algorithms & Backtracking",84,1,Medium,M1 -> M2 -> M6,74,75,Good,Greedy Algorithms & Backtracking
STU1073,Arjun Gupta,18,Male,PG,Visual,2.83,73,4,45.8,70,Dynamic Programming,"Stacks & Queues, Arrays & Hash Maps, Linked Lists & Doubly Linked Lists, Trees & Binary Search Trees, Machine Learning Foundations, Sorting & Searching Algorithms, Graph Algorithms",86,2,Medium,M1 -> M3 -> M5,98,78,Good,Stacks & Queues
STU1074,Kavya Gupta,20,Female,UG,Auditory,2.55,52,5,35.1,10,Arrays & Hash Maps,Dynamic Programming,93,3,Easy,M1 -> M3 -> M6,81,44,Fail,Arrays & Hash Maps
STU1075,Riya Williams,23,Female,UG,Visual,2.31,86,2,51.1,50,Graph Algorithms,"Graph Algorithms, Linked Lists & Doubly Linked Lists, Greedy Algorithms & Backtracking, Stacks & Queues, Arrays & Hash Maps",72,1,Easy,M1 -> M2 -> M6,96,86,Excellent,Greedy Algorithms & Backtracking
STU1076,Ethan Garcia,18,Male,UG,Visual,3.92,64,1,22.8,70,Trees & Binary Search Trees,"Arrays & Hash Maps, Graph Algorithms, System Design Basics & Caching, Linked Lists & Doubly Linked Lists, Dynamic Programming, Greedy Algorithms & Backtracking, Trees & Binary Search Trees",81,5,Medium,M1 -> M2 -> M6,93,56,Fair,Machine Learning Foundations
STU1077,Vikram Nair,18,Female,PG,Visual,3.65,48,3,19.9,80,Machine Learning Foundations,"Greedy Algorithms & Backtracking, Machine Learning Foundations, Stacks & Queues, Dynamic Programming, System Design Basics & Caching, Sorting & Searching Algorithms, Linked Lists & Doubly Linked Lists, Graph Algorithms",83,3,Easy,M1 -> M3 -> M5,84,44,Fail,Arrays & Hash Maps
STU1078,Kavya Williams,25,Female,PG,Visual,3.15,65,4,15.0,80,Trees & Binary Search Trees,"Machine Learning Foundations, Graph Algorithms, Arrays & Hash Maps, Stacks & Queues, System Design Basics & Caching, Sorting & Searching Algorithms, Greedy Algorithms & Backtracking, Trees & Binary Search Trees",99,2,Medium,M1 -> M2 -> M4,99,71,Fair,Stacks & Queues
STU1079,Pooja Singh,23,Female,PG,Visual,2.94,94,4,44.9,50,Stacks & Queues,"Arrays & Hash Maps, Trees & Binary Search Trees, Linked Lists & Doubly Linked Lists, Graph Algorithms, Sorting & Searching Algorithms",90,2,Hard,M1 -> M3 -> M5,81,87,Excellent,System Design Basics & Caching
STU1080,Emma Rao,19,Female,PG,Auditory,3.99,84,1,40.7,90,Stacks & Queues,"Trees & Binary Search Trees, Arrays & Hash Maps, Stacks & Queues, Dynamic Programming, Graph Algorithms, Greedy Algorithms & Backtracking, Machine Learning Foundations, Sorting & Searching Algorithms, Linked Lists & Doubly Linked Lists",70,1,Easy,M1 -> M2 -> M5,93,94,Good,Greedy Algorithms & Backtracking
STU1081,Kavya Davis,24,Female,High School,Auditory,2.84,66,4,23.2,80,Graph Algorithms,"System Design Basics & Caching, Trees & Binary Search Trees, Linked Lists & Doubly Linked Lists, Dynamic Programming, Machine Learning Foundations, Greedy Algorithms & Backtracking, Arrays & Hash Maps, Graph Algorithms",97,1,Hard,M1 -> M3 -> M4,99,58,Fair,Sorting & Searching Algorithms
STU1082,Dev Davis,26,Male,UG,Visual,3.77,66,1,57.0,60,Sorting & Searching Algorithms,"Machine Learning Foundations, Graph Algorithms, Dynamic Programming, System Design Basics & Caching, Greedy Algorithms & Backtracking, Sorting & Searching Algorithms",69,1,Medium,M1 -> M2 -> M6,73,70,Fair,Machine Learning Foundations
STU1083,Pooja Miller,18,Male,High School,Visual,2.94,67,4,41.1,100,Arrays & Hash Maps,"Arrays & Hash Maps, Dynamic Programming, Sorting & Searching Algorithms, System Design Basics & Caching, Stacks & Queues, Graph Algorithms, Trees & Binary Search Trees, Machine Learning Foundations, Linked Lists & Doubly Linked Lists, Greedy Algorithms & Backtracking",76,0,Medium,M1 -> M3 -> M5,80,63,Good,Stacks & Queues
STU1084,Yash Miller,19,Male,UG,Kinesthetic,2.42,100,2,33.2,90,Linked Lists & Doubly Linked Lists,"Sorting & Searching Algorithms, Linked Lists & Doubly Linked Lists, Machine Learning Foundations, Trees & Binary Search Trees, Graph Algorithms, Arrays & Hash Maps, Stacks & Queues, System Design Basics & Caching, Dynamic Programming",95,1,Medium,M1 -> M4 -> M6,83,96,Excellent,System Design Basics & Caching
STU1085,Siddharth Sharma,20,Male,PG,Auditory,2.8,77,2,20.2,30,Trees & Binary Search Trees,"Machine Learning Foundations, Dynamic Programming, Linked Lists & Doubly Linked Lists",100,5,Hard,M1 -> M4 -> M4,98,84,Excellent,Greedy Algorithms & Backtracking
STU1086,Priya Singh,26,Female,PG,Visual,3.02,78,4,47.2,30,Arrays & Hash Maps,"Greedy Algorithms & Backtracking, Arrays & Hash Maps, Dynamic Programming",98,0,Easy,M1 -> M3 -> M6,77,83,Good,Greedy Algorithms & Backtracking
STU1087,Noah Singh,26,Male,UG,Kinesthetic,3.21,87,3,42.3,40,Trees & Binary Search Trees,"Graph Algorithms, System Design Basics & Caching, Dynamic Programming, Sorting & Searching Algorithms",89,0,Medium,M1 -> M2 -> M5,80,91,Excellent,Greedy Algorithms & Backtracking
STU1088,Siddharth Martinez,24,Male,High School,Auditory,2.71,75,3,29.8,80,Arrays & Hash Maps,"Greedy Algorithms & Backtracking, Machine Learning Foundations, Trees & Binary Search Trees, Sorting & Searching Algorithms, Arrays & Hash Maps, Linked Lists & Doubly Linked Lists, Graph Algorithms, Dynamic Programming",100,0,Easy,M1 -> M3 -> M6,81,69,Excellent,Trees & Binary Search Trees
STU1089,Alex Patel,26,Female,PG,Kinesthetic,3.35,68,3,31.5,40,System Design Basics & Caching,"Graph Algorithms, Machine Learning Foundations, System Design Basics & Caching, Arrays & Hash Maps",92,4,Medium,M1 -> M3 -> M4,98,73,Fair,Machine Learning Foundations
STU1090,Ananya Gupta,20,Male,PG,Auditory,3.7,69,4,51.9,40,Dynamic Programming,"System Design Basics & Caching, Greedy Algorithms & Backtracking, Linked Lists & Doubly Linked Lists, Stacks & Queues",94,4,Medium,M1 -> M3 -> M6,87,60,Good,Stacks & Queues
STU1091,Ava Singh,21,Female,PG,Auditory,2.71,70,3,51.6,90,Graph Algorithms,"Graph Algorithms, Dynamic Programming, Greedy Algorithms & Backtracking, Machine Learning Foundations, Stacks & Queues, Arrays & Hash Maps, Linked Lists & Doubly Linked Lists, Trees & Binary Search Trees, Sorting & Searching Algorithms",64,3,Medium,M1 -> M4 -> M5,76,75,Fair,Sorting & Searching Algorithms
STU1092,Siddharth Joshi,19,Female,PG,Auditory,2.73,71,1,37.9,30,Machine Learning Foundations,"Stacks & Queues, Greedy Algorithms & Backtracking, Trees & Binary Search Trees",95,5,Easy,M1 -> M2 -> M6,80,78,Fair,Sorting & Searching Algorithms
STU1093,Kavya Rao,20,Male,High School,Visual,2.6,82,5,34.5,70,Sorting & Searching Algorithms,"Linked Lists & Doubly Linked Lists, System Design Basics & Caching, Sorting & Searching Algorithms, Greedy Algorithms & Backtracking, Dynamic Programming, Stacks & Queues, Machine Learning Foundations",84,0,Medium,M1 -> M3 -> M5,97,87,Good,Trees & Binary Search Trees
STU1094,Liam Nair,24,Male,PG,Visual,2.69,72,1,30.2,100,Sorting & Searching Algorithms,"System Design Basics & Caching, Graph Algorithms, Linked Lists & Doubly Linked Lists, Sorting & Searching Algorithms, Trees & Binary Search Trees, Stacks & Queues, Arrays & Hash Maps, Greedy Algorithms & Backtracking, Dynamic Programming, Machine Learning Foundations",70,1,Hard,M1 -> M3 -> M6,72,82,Fair,Machine Learning Foundations
STU1095,Ethan Rao,19,Male,UG,Auditory,3.34,82,1,48.1,70,Arrays & Hash Maps,"Machine Learning Foundations, Graph Algorithms, Trees & Binary Search Trees, Sorting & Searching Algorithms, Greedy Algorithms & Backtracking, Dynamic Programming, Stacks & Queues",68,4,Medium,M1 -> M4 -> M5,91,92,Good,Greedy Algorithms & Backtracking
STU1096,Sneha Joshi,18,Male,UG,Kinesthetic,2.7,70,4,46.8,10,Machine Learning Foundations,Machine Learning Foundations,71,0,Medium,M1 -> M3 -> M5,84,63,Fair,Machine Learning Foundations
STU1097,Pooja Williams,24,Female,UG,Visual,2.0,73,2,21.0,60,Dynamic Programming,"Trees & Binary Search Trees, Graph Algorithms, Stacks & Queues, Dynamic Programming, Arrays & Hash Maps, Linked Lists & Doubly Linked Lists",74,2,Hard,M1 -> M2 -> M4,84,76,Fair,Stacks & Queues
STU1098,Tanvi Mehta,24,Female,UG,Kinesthetic,3.48,42,3,21.7,20,Greedy Algorithms & Backtracking,"Greedy Algorithms & Backtracking, Linked Lists & Doubly Linked Lists",79,2,Easy,M1 -> M3 -> M5,89,40,Fail,Arrays & Hash Maps
STU1099,Vikram Mehta,23,Male,UG,Auditory,3.7,85,5,32.3,60,Dynamic Programming,"Graph Algorithms, Stacks & Queues, Dynamic Programming, Greedy Algorithms & Backtracking, Arrays & Hash Maps, Sorting & Searching Algorithms",91,1,Medium,M1 -> M4 -> M6,93,95,Good,Greedy Algorithms & Backtracking
STU1100,Arjun Martinez,23,Female,PG,Visual,3.28,77,5,29.6,80,Greedy Algorithms & Backtracking,"Dynamic Programming, Graph Algorithms, Linked Lists & Doubly Linked Lists, Stacks & Queues, System Design Basics & Caching, Arrays & Hash Maps, Sorting & Searching Algorithms, Trees & Binary Search Trees",71,5,Hard,M1 -> M2 -> M6,76,75,Excellent,Greedy Algorithms & Backtracking
STU1101,Noah Rao,22,Female,UG,Visual,2.36,86,3,32.0,90,Trees & Binary Search Trees,"Machine Learning Foundations, Arrays & Hash Maps, Graph Algorithms, Trees & Binary Search Trees, Linked Lists & Doubly Linked Lists, Sorting & Searching Algorithms, System Design Basics & Caching, Greedy Algorithms & Backtracking, Stacks & Queues",65,2,Easy,M1 -> M4 -> M4,81,78,Excellent,Greedy Algorithms & Backtracking
STU1102,Priya Nair,25,Female,PG,Auditory,2.43,30,3,26.0,30,Arrays & Hash Maps,"Graph Algorithms, Arrays & Hash Maps, Sorting & Searching Algorithms",91,5,Easy,M1 -> M4 -> M4,92,40,Fail,Arrays & Hash Maps
STU1103,Olivia Johnson,26,Male,High School,Visual,3.45,100,3,25.3,90,Greedy Algorithms & Backtracking,"Trees & Binary Search Trees, Linked Lists & Doubly Linked Lists, Graph Algorithms, System Design Basics & Caching, Greedy Algorithms & Backtracking, Arrays & Hash Maps, Stacks & Queues, Sorting & Searching Algorithms, Machine Learning Foundations",90,4,Easy,M1 -> M4 -> M4,85,100,Excellent,Dynamic Programming
STU1104,Rohan Davis,25,Male,High School,Kinesthetic,3.34,69,2,53.9,90,Sorting & Searching Algorithms,"Dynamic Programming, Graph Algorithms, Stacks & Queues, Greedy Algorithms & Backtracking, Trees & Binary Search Trees, Arrays & Hash Maps, Sorting & Searching Algorithms, Machine Learning Foundations, System Design Basics & Caching",97,5,Easy,M1 -> M3 -> M5,92,65,Fair,Machine Learning Foundations
STU1105,Aarav Williams,18,Male,High School,Visual,2.11,88,1,28.0,90,Dynamic Programming,"Sorting & Searching Algorithms, Machine Learning Foundations, Arrays & Hash Maps, System Design Basics & Caching, Stacks & Queues, Linked Lists & Doubly Linked Lists, Graph Algorithms, Trees & Binary Search Trees, Greedy Algorithms & Backtracking",69,0,Easy,M1 -> M3 -> M4,80,80,Excellent,System Design Basics & Caching
STU1106,Aditya Smith,20,Male,High School,Auditory,2.85,56,2,27.5,40,Trees & Binary Search Trees,"System Design Basics & Caching, Stacks & Queues, Machine Learning Foundations, Linked Lists & Doubly Linked Lists",62,2,Easy,M1 -> M2 -> M6,71,57,Fail,Linked Lists & Doubly Linked Lists
STU1107,Arjun Singh,18,Male,PG,Kinesthetic,3.23,81,2,26.5,10,Linked Lists & Doubly Linked Lists,Linked Lists & Doubly Linked Lists,79,1,Hard,M1 -> M2 -> M4,75,82,Good,Greedy Algorithms & Backtracking
STU1108,Neha Miller,24,Male,High School,Visual,2.49,56,3,42.4,100,Graph Algorithms,"Sorting & Searching Algorithms, Dynamic Programming, Graph Algorithms, Stacks & Queues, Linked Lists & Doubly Linked Lists, Machine Learning Foundations, System Design Basics & Caching, Arrays & Hash Maps, Greedy Algorithms & Backtracking, Trees & Binary Search Trees",87,0,Medium,M1 -> M3 -> M4,75,47,Fair,Arrays & Hash Maps
STU1109,Sophia Rodriguez,23,Male,UG,Auditory,3.27,62,4,52.6,80,Trees & Binary Search Trees,"Graph Algorithms, System Design Basics & Caching, Sorting & Searching Algorithms, Linked Lists & Doubly Linked Lists, Machine Learning Foundations, Trees & Binary Search Trees, Dynamic Programming, Greedy Algorithms & Backtracking",65,2,Medium,M1 -> M3 -> M5,88,54,Good,Sorting & Searching Algorithms
STU1110,Aditya Garcia,24,Male,UG,Visual,3.74,100,2,33.2,90,Arrays & Hash Maps,"Machine Learning Foundations, Dynamic Programming, System Design Basics & Caching, Stacks & Queues, Arrays & Hash Maps, Greedy Algorithms & Backtracking, Trees & Binary Search Trees, Linked Lists & Doubly Linked Lists, Sorting & Searching Algorithms",97,5,Medium,M1 -> M3 -> M5,99,100,Excellent,Graph Algorithms
STU1111,Riya Smith,21,Female,High School,Kinesthetic,3.16,69,2,54.5,70,Stacks & Queues,"Machine Learning Foundations, System Design Basics & Caching, Sorting & Searching Algorithms, Greedy Algorithms & Backtracking, Linked Lists & Doubly Linked Lists, Dynamic Programming, Stacks & Queues",84,3,Medium,M1 -> M3 -> M4,85,61,Fair,Machine Learning Foundations
STU1112,Neha Jones,24,Male,PG,Kinesthetic,3.09,75,5,29.8,40,Sorting & Searching Algorithms,"Graph Algorithms, Trees & Binary Search Trees, Machine Learning Foundations, System Design Basics & Caching",87,1,Medium,M1 -> M3 -> M4,93,82,Good,Greedy Algorithms & Backtracking
STU1113,Rahul Rao,25,Male,PG,Kinesthetic,3.5,85,5,44.5,90,Linked Lists & Doubly Linked Lists,"Dynamic Programming, Linked Lists & Doubly Linked Lists, Sorting & Searching Algorithms, Machine Learning Foundations, System Design Basics & Caching, Graph Algorithms, Arrays & Hash Maps, Trees & Binary Search Trees, Greedy Algorithms & Backtracking",89,0,Easy,M1 -> M2 -> M5,82,76,Excellent,Trees & Binary Search Trees
STU1114,Meera Kumar,18,Male,UG,Kinesthetic,3.23,79,2,59.1,80,System Design Basics & Caching,"Arrays & Hash Maps, System Design Basics & Caching, Stacks & Queues, Trees & Binary Search Trees, Sorting & Searching Algorithms, Greedy Algorithms & Backtracking, Linked Lists & Doubly Linked Lists, Machine Learning Foundations",78,3,Easy,M1 -> M3 -> M5,80,89,Excellent,Greedy Algorithms & Backtracking
STU1115,Aditya Singh,20,Female,PG,Auditory,2.69,74,1,24.7,70,Trees & Binary Search Trees,"Trees & Binary Search Trees, Linked Lists & Doubly Linked Lists, Greedy Algorithms & Backtracking, System Design Basics & Caching, Sorting & Searching Algorithms, Graph Algorithms, Stacks & Queues",96,2,Easy,M1 -> M4 -> M4,90,77,Fair,Sorting & Searching Algorithms
STU1116,Liam Williams,22,Female,High School,Kinesthetic,2.82,77,2,24.8,10,Dynamic Programming,System Design Basics & Caching,74,4,Medium,M1 -> M2 -> M4,95,85,Excellent,Trees & Binary Search Trees
STU1117,Aarav Gupta,24,Male,PG,Kinesthetic,2.54,100,2,58.1,100,Arrays & Hash Maps,"Linked Lists & Doubly Linked Lists, Trees & Binary Search Trees, System Design Basics & Caching, Machine Learning Foundations, Stacks & Queues, Sorting & Searching Algorithms, Dynamic Programming, Greedy Algorithms & Backtracking, Graph Algorithms, Arrays & Hash Maps",77,4,Hard,M1 -> M3 -> M4,87,98,Excellent,System Design Basics & Caching
STU1118,Rohan Verma,19,Female,UG,Kinesthetic,2.43,71,1,33.0,20,Graph Algorithms,"System Design Basics & Caching, Linked Lists & Doubly Linked Lists",78,4,Medium,M1 -> M2 -> M4,90,66,Fair,Machine Learning Foundations
STU1119,Mason Verma,20,Female,UG,Visual,2.81,75,3,39.9,90,Arrays & Hash Maps,"Linked Lists & Doubly Linked Lists, Arrays & Hash Maps, Trees & Binary Search Trees, Stacks & Queues, Machine Learning Foundations, System Design Basics & Caching, Sorting & Searching Algorithms, Greedy Algorithms & Backtracking, Dynamic Programming",69,0,Easy,M1 -> M2 -> M5,92,80,Good,Greedy Algorithms & Backtracking
STU1120,Yash Gupta,25,Male,High School,Kinesthetic,2.76,87,1,50.6,20,Sorting & Searching Algorithms,"Greedy Algorithms & Backtracking, Linked Lists & Doubly Linked Lists",67,1,Medium,M1 -> M4 -> M6,99,77,Good,Trees & Binary Search Trees
STU1121,Rahul Rao,25,Male,High School,Kinesthetic,3.11,88,2,52.8,20,Graph Algorithms,"Linked Lists & Doubly Linked Lists, Machine Learning Foundations",89,5,Hard,M1 -> M2 -> M5,72,97,Excellent,Dynamic Programming
STU1122,Vikram Brown,25,Female,UG,Auditory,2.59,89,3,42.7,70,Trees & Binary Search Trees,"Machine Learning Foundations, Linked Lists & Doubly Linked Lists, Trees & Binary Search Trees, Graph Algorithms, Arrays & Hash Maps, Sorting & Searching Algorithms, Greedy Algorithms & Backtracking",67,5,Medium,M1 -> M2 -> M6,75,86,Excellent,System Design Basics & Caching
STU1123,Alex Singh,19,Female,UG,Visual,2.15,81,4,41.9,40,Linked Lists & Doubly Linked Lists,"Sorting & Searching Algorithms, Trees & Binary Search Trees, Machine Learning Foundations, Arrays & Hash Maps",87,5,Medium,M1 -> M3 -> M6,96,82,Good,Greedy Algorithms & Backtracking
STU1124,Karan Kumar,23,Male,PG,Auditory,3.48,54,3,36.9,20,Arrays & Hash Maps,"Stacks & Queues, Sorting & Searching Algorithms",64,5,Medium,M1 -> M4 -> M6,83,56,Fair,Arrays & Hash Maps
STU1125,Pooja Rao,26,Male,High School,Visual,2.74,96,2,35.2,100,Sorting & Searching Algorithms,"Dynamic Programming, Greedy Algorithms & Backtracking, Sorting & Searching Algorithms, System Design Basics & Caching, Trees & Binary Search Trees, Linked Lists & Doubly Linked Lists, Stacks & Queues, Graph Algorithms, Machine Learning Foundations, Arrays & Hash Maps",65,3,Hard,M1 -> M3 -> M4,81,98,Excellent,System Design Basics & Caching
STU1126,Kavya Sharma,22,Female,High School,Auditory,2.05,54,3,20.0,10,Linked Lists & Doubly Linked Lists,Graph Algorithms,74,0,Medium,M1 -> M4 -> M6,97,49,Fair,Arrays & Hash Maps
STU1127,Aditya Verma,26,Female,High School,Visual,2.01,76,5,21.3,70,Dynamic Programming,"System Design Basics & Caching, Arrays & Hash Maps, Graph Algorithms, Dynamic Programming, Machine Learning Foundations, Trees & Binary Search Trees, Linked Lists & Doubly Linked Lists",90,3,Hard,M1 -> M2 -> M5,75,70,Good,Trees & Binary Search Trees
STU1128,Sneha Singh,26,Male,High School,Visual,3.11,60,5,23.7,50,Arrays & Hash Maps,"System Design Basics & Caching, Graph Algorithms, Greedy Algorithms & Backtracking, Stacks & Queues, Linked Lists & Doubly Linked Lists",98,4,Easy,M1 -> M2 -> M5,71,67,Fair,Stacks & Queues
STU1129,Aditya Jones,19,Male,UG,Visual,3.41,71,4,56.7,40,Sorting & Searching Algorithms,"Arrays & Hash Maps, Sorting & Searching Algorithms, Trees & Binary Search Trees, Stacks & Queues",70,5,Medium,M1 -> M2 -> M5,73,81,Fair,Stacks & Queues
STU1130,Liam Johnson,25,Male,PG,Auditory,3.05,76,1,53.3,10,Stacks & Queues,System Design Basics & Caching,61,2,Easy,M1 -> M2 -> M5,89,76,Excellent,Greedy Algorithms & Backtracking
STU1131,Ava Singh,26,Male,PG,Auditory,2.58,76,1,32.3,90,Dynamic Programming,"Greedy Algorithms & Backtracking, Graph Algorithms, Stacks & Queues, System Design Basics & Caching, Arrays & Hash Maps, Linked Lists & Doubly Linked Lists, Sorting & Searching Algorithms, Machine Learning Foundations, Trees & Binary Search Trees",82,3,Medium,M1 -> M4 -> M4,87,84,Good,Greedy Algorithms & Backtracking
STU1132,Noah Gupta,20,Male,High School,Kinesthetic,3.24,78,4,50.3,80,Graph Algorithms,"Trees & Binary Search Trees, Dynamic Programming, Arrays & Hash Maps, Stacks & Queues, System Design Basics & Caching, Graph Algorithms, Sorting & Searching Algorithms, Linked Lists & Doubly Linked Lists",97,4,Easy,M1 -> M4 -> M5,88,68,Good,Trees & Binary Search Trees
STU1133,Ethan Brown,24,Male,PG,Auditory,2.72,96,1,32.0,30,System Design Basics & Caching,"Machine Learning Foundations, System Design Basics & Caching, Dynamic Programming",63,3,Easy,M1 -> M3 -> M4,84,94,Excellent,System Design Basics & Caching
STU1134,Kavya Jones,18,Male,UG,Auditory,2.29,78,2,31.1,70,Linked Lists & Doubly Linked Lists,"Trees & Binary Search Trees, Dynamic Programming, Linked Lists & Doubly Linked Lists, Stacks & Queues, Graph Algorithms, Sorting & Searching Algorithms, Arrays & Hash Maps",100,0,Medium,M1 -> M3 -> M6,89,87,Good,Greedy Algorithms & Backtracking
STU1135,Neha Martinez,24,Female,UG,Auditory,2.92,68,2,24.6,80,Stacks & Queues,"Sorting & Searching Algorithms, Arrays & Hash Maps, Graph Algorithms, Machine Learning Foundations, Linked Lists & Doubly Linked Lists, Dynamic Programming, Greedy Algorithms & Backtracking, Trees & Binary Search Trees",92,0,Hard,M1 -> M2 -> M5,74,67,Good,Sorting & Searching Algorithms
STU1136,Priya Smith,23,Male,UG,Kinesthetic,2.22,86,5,51.4,90,Sorting & Searching Algorithms,"Sorting & Searching Algorithms, Greedy Algorithms & Backtracking, Graph Algorithms, Dynamic Programming, System Design Basics & Caching, Arrays & Hash Maps, Trees & Binary Search Trees, Machine Learning Foundations, Linked Lists & Doubly Linked Lists",60,1,Easy,M1 -> M3 -> M4,94,82,Excellent,Greedy Algorithms & Backtracking
STU1137,Sneha Singh,23,Female,UG,Visual,3.86,89,5,32.4,20,Sorting & Searching Algorithms,"System Design Basics & Caching, Stacks & Queues",62,2,Medium,M1 -> M4 -> M5,75,98,Excellent,Graph Algorithms
STU1138,Pooja Patel,25,Male,High School,Auditory,2.59,53,3,18.9,30,Machine Learning Foundations,"Stacks & Queues, Machine Learning Foundations, Arrays & Hash Maps",89,4,Hard,M1 -> M2 -> M5,77,61,Fail,Arrays & Hash Maps
STU1139,Neha Williams,24,Male,UG,Visual,2.79,80,2,41.4,30,Sorting & Searching Algorithms,"Arrays & Hash Maps, Trees & Binary Search Trees, Linked Lists & Doubly Linked Lists",92,0,Easy,M1 -> M2 -> M4,71,83,Excellent,Greedy Algorithms & Backtracking
STU1140,Priya Rodriguez,18,Male,PG,Visual,3.29,82,4,18.8,40,Sorting & Searching Algorithms,"Machine Learning Foundations, Trees & Binary Search Trees, Greedy Algorithms & Backtracking, Graph Algorithms",63,0,Hard,M1 -> M4 -> M6,80,85,Good,Trees & Binary Search Trees
STU1141,Priya Williams,20,Male,UG,Auditory,3.43,67,3,15.1,50,Greedy Algorithms & Backtracking,"Linked Lists & Doubly Linked Lists, System Design Basics & Caching, Sorting & Searching Algorithms, Stacks & Queues, Graph Algorithms",88,4,Medium,M1 -> M2 -> M4,95,68,Fair,Sorting & Searching Algorithms
STU1142,Sophia Joshi,20,Male,High School,Auditory,3.3,92,3,52.7,80,Greedy Algorithms & Backtracking,"System Design Basics & Caching, Linked Lists & Doubly Linked Lists, Graph Algorithms, Stacks & Queues, Trees & Binary Search Trees, Dynamic Programming, Sorting & Searching Algorithms, Greedy Algorithms & Backtracking",88,0,Medium,M1 -> M2 -> M6,100,93,Excellent,Dynamic Programming
STU1143,Vikram Martinez,19,Male,PG,Auditory,3.95,69,1,20.6,70,Dynamic Programming,"Dynamic Programming, Sorting & Searching Algorithms, Arrays & Hash Maps, Stacks & Queues, Linked Lists & Doubly Linked Lists, Trees & Binary Search Trees, Graph Algorithms",96,1,Easy,M1 -> M3 -> M6,83,61,Good,Sorting & Searching Algorithms
STU1144,Olivia Martinez,18,Male,High School,Visual,2.14,73,4,16.1,20,Dynamic Programming,"Greedy Algorithms & Backtracking, System Design Basics & Caching",100,3,Easy,M1 -> M3 -> M4,74,69,Fair,Stacks & Queues
STU1145,Emma Garcia,19,Female,PG,Visual,2.14,69,4,24.9,30,Dynamic Programming,"System Design Basics & Caching, Graph Algorithms, Sorting & Searching Algorithms",91,0,Easy,M1 -> M2 -> M4,70,66,Good,Stacks & Queues
STU1146,Dev Smith,21,Male,High School,Kinesthetic,3.39,72,5,53.3,40,Stacks & Queues,"Graph Algorithms, Dynamic Programming, Sorting & Searching Algorithms, Machine Learning Foundations",84,4,Medium,M1 -> M4 -> M6,73,77,Good,Machine Learning Foundations
STU1147,Emma Davis,21,Female,UG,Auditory,3.14,55,1,51.7,60,Trees & Binary Search Trees,"System Design Basics & Caching, Stacks & Queues, Arrays & Hash Maps, Greedy Algorithms & Backtracking, Dynamic Programming, Machine Learning Foundations",82,1,Medium,M1 -> M3 -> M4,84,52,Fair,Linked Lists & Doubly Linked Lists
STU1148,Ava Johnson,19,Male,UG,Visual,3.99,50,3,56.9,60,Sorting & Searching Algorithms,"Trees & Binary Search Trees, Machine Learning Foundations, Greedy Algorithms & Backtracking, Dynamic Programming, Stacks & Queues, System Design Basics & Caching",84,4,Medium,M1 -> M3 -> M6,86,49,Fair,Arrays & Hash Maps
STU1149,Yash Brown,20,Male,UG,Kinesthetic,2.58,95,1,58.1,60,Linked Lists & Doubly Linked Lists,"Arrays & Hash Maps, Graph Algorithms, Dynamic Programming, Sorting & Searching Algorithms, Linked Lists & Doubly Linked Lists, Stacks & Queues",97,1,Medium,M1 -> M3 -> M5,87,95,Excellent,System Design Basics & Caching
STU1150,Ava Gupta,20,Male,UG,Visual,3.5,59,5,50.0,70,Greedy Algorithms & Backtracking,"Stacks & Queues, Trees & Binary Search Trees, Sorting & Searching Algorithms, Greedy Algorithms & Backtracking, Arrays & Hash Maps, Graph Algorithms, System Design Basics & Caching",76,5,Hard,M1 -> M2 -> M4,73,58,Fail,Arrays & Hash Maps
STU1151,Riya Johnson,18,Male,High School,Visual,2.59,57,3,20.2,80,Greedy Algorithms & Backtracking,"System Design Basics & Caching, Arrays & Hash Maps, Graph Algorithms, Stacks & Queues, Trees & Binary Search Trees, Greedy Algorithms & Backtracking, Sorting & Searching Algorithms, Machine Learning Foundations",93,2,Easy,M1 -> M3 -> M4,77,67,Fail,Arrays & Hash Maps
STU1152,Pooja Miller,20,Male,UG,Auditory,3.11,39,1,56.7,30,Trees & Binary Search Trees,"Trees & Binary Search Trees, Greedy Algorithms & Backtracking, Stacks & Queues",77,2,Medium,M1 -> M3 -> M6,70,41,Fair,Linked Lists & Doubly Linked Lists
STU1153,Vikram Brown,21,Male,PG,Auditory,2.4,62,1,52.0,20,Linked Lists & Doubly Linked Lists,"Stacks & Queues, Machine Learning Foundations",63,5,Easy,M1 -> M4 -> M5,82,60,Good,Sorting & Searching Algorithms
STU1154,Noah Davis,21,Male,High School,Auditory,3.7,52,4,15.4,100,Dynamic Programming,"Arrays & Hash Maps, System Design Basics & Caching, Stacks & Queues, Sorting & Searching Algorithms, Graph Algorithms, Dynamic Programming, Trees & Binary Search Trees, Linked Lists & Doubly Linked Lists, Machine Learning Foundations, Greedy Algorithms & Backtracking",81,5,Easy,M1 -> M3 -> M6,70,59,Fair,Arrays & Hash Maps
STU1155,Kavya Brown,22,Male,High School,Visual,2.29,96,4,19.9,100,Sorting & Searching Algorithms,"Linked Lists & Doubly Linked Lists, Trees & Binary Search Trees, Sorting & Searching Algorithms, Arrays & Hash Maps, Greedy Algorithms & Backtracking, Dynamic Programming, Graph Algorithms, System Design Basics & Caching, Machine Learning Foundations, Stacks & Queues",82,4,Easy,M1 -> M4 -> M6,87,87,Excellent,System Design Basics & Caching
STU1156,Vikram Miller,26,Male,UG,Auditory,3.28,87,3,25.9,10,Graph Algorithms,Arrays & Hash Maps,82,3,Easy,M1 -> M2 -> M6,96,87,Excellent,Greedy Algorithms & Backtracking
STU1157,Vikram Miller,19,Female,PG,Kinesthetic,2.43,61,5,43.8,50,Greedy Algorithms & Backtracking,"Sorting & Searching Algorithms, Machine Learning Foundations, Arrays & Hash Maps, Linked Lists & Doubly Linked Lists, Greedy Algorithms & Backtracking",66,3,Medium,M1 -> M3 -> M5,73,66,Good,Machine Learning Foundations
STU1158,Ethan Jones,26,Female,High School,Visual,3.92,100,1,19.8,100,Arrays & Hash Maps,"Stacks & Queues, Greedy Algorithms & Backtracking, Linked Lists & Doubly Linked Lists, Trees & Binary Search Trees, Graph Algorithms, Sorting & Searching Algorithms, System Design Basics & Caching, Dynamic Programming, Arrays & Hash Maps, Machine Learning Foundations",93,3,Easy,M1 -> M4 -> M5,72,100,Excellent,Graph Algorithms
STU1159,Yash Garcia,24,Female,UG,Kinesthetic,3.47,86,5,24.3,90,Trees & Binary Search Trees,"Trees & Binary Search Trees, Stacks & Queues, Dynamic Programming, Arrays & Hash Maps, Machine Learning Foundations, Greedy Algorithms & Backtracking, System Design Basics & Caching, Graph Algorithms, Linked Lists & Doubly Linked Lists",72,2,Medium,M1 -> M4 -> M5,80,90,Good,Greedy Algorithms & Backtracking
STU1160,Liam Singh,26,Female,High School,Auditory,3.9,67,2,32.5,40,Machine Learning Foundations,"Machine Learning Foundations, System Design Basics & Caching, Stacks & Queues, Greedy Algorithms & Backtracking",69,0,Easy,M1 -> M3 -> M6,72,67,Good,Sorting & Searching Algorithms
STU1161,Tanvi Nair,24,Female,PG,Auditory,3.21,34,5,30.3,40,Arrays & Hash Maps,"Trees & Binary Search Trees, Arrays & Hash Maps, Stacks & Queues, Dynamic Programming",70,3,Hard,M1 -> M3 -> M6,95,44,Fair,Arrays & Hash Maps
STU1162,Sneha Nair,23,Male,PG,Auditory,3.62,100,2,54.4,10,Stacks & Queues,Sorting & Searching Algorithms,83,2,Hard,M1 -> M2 -> M4,84,96,Excellent,Graph Algorithms
STU1163,Isabella Sharma,26,Female,High School,Kinesthetic,3.68,51,1,20.4,80,Trees & Binary Search Trees,"System Design Basics & Caching, Stacks & Queues, Greedy Algorithms & Backtracking, Dynamic Programming, Trees & Binary Search Trees, Sorting & Searching Algorithms, Graph Algorithms, Machine Learning Foundations",92,2,Medium,M1 -> M4 -> M6,76,41,Fair,Arrays & Hash Maps
STU1164,Noah Martinez,18,Male,UG,Visual,2.29,47,2,23.7,10,Stacks & Queues,Graph Algorithms,78,3,Hard,M1 -> M3 -> M6,85,51,Fail,Linked Lists & Doubly Linked Lists
STU1165,Meera Gupta,24,Male,PG,Kinesthetic,3.17,87,3,16.8,80,Linked Lists & Doubly Linked Lists,"Dynamic Programming, Sorting & Searching Algorithms, Machine Learning Foundations, Stacks & Queues, Trees & Binary Search Trees, System Design Basics & Caching, Graph Algorithms, Linked Lists & Doubly Linked Lists",99,5,Medium,M1 -> M2 -> M5,70,77,Good,Greedy Algorithms & Backtracking
STU1166,Pooja Johnson,20,Male,UG,Visual,3.97,100,5,18.4,70,Sorting & Searching Algorithms,"Trees & Binary Search Trees, Greedy Algorithms & Backtracking, Machine Learning Foundations, Sorting & Searching Algorithms, Linked Lists & Doubly Linked Lists, Dynamic Programming, Arrays & Hash Maps",76,1,Medium,M1 -> M4 -> M4,70,100,Excellent,Graph Algorithms
STU1167,Liam Rao,25,Male,UG,Visual,3.52,92,1,18.1,60,Greedy Algorithms & Backtracking,"Machine Learning Foundations, Linked Lists & Doubly Linked Lists, System Design Basics & Caching, Stacks & Queues, Arrays & Hash Maps, Sorting & Searching Algorithms",69,3,Medium,M1 -> M2 -> M4,81,99,Excellent,System Design Basics & Caching
STU1168,Yash Joshi,22,Female,UG,Kinesthetic,2.91,80,5,23.4,90,Trees & Binary Search Trees,"Trees & Binary Search Trees, Sorting & Searching Algorithms, Graph Algorithms, Greedy Algorithms & Backtracking, Dynamic Programming, Linked Lists & Doubly Linked Lists, Stacks & Queues, System Design Basics & Caching, Arrays & Hash Maps",78,4,Easy,M1 -> M3 -> M5,98,86,Good,Greedy Algorithms & Backtracking
STU1169,Isabella Brown,24,Female,PG,Visual,3.62,80,4,46.2,10,Trees & Binary Search Trees,Linked Lists & Doubly Linked Lists,86,3,Hard,M1 -> M3 -> M5,80,78,Good,Greedy Algorithms & Backtracking
STU1170,Ava Rodriguez,20,Female,PG,Visual,2.58,84,1,39.6,10,Arrays & Hash Maps,Stacks & Queues,63,0,Easy,M1 -> M2 -> M5,88,74,Excellent,Greedy Algorithms & Backtracking
STU1171,Tanvi Smith,22,Male,High School,Auditory,3.75,83,5,47.1,70,Trees & Binary Search Trees,"Arrays & Hash Maps, Trees & Binary Search Trees, System Design Basics & Caching, Stacks & Queues, Greedy Algorithms & Backtracking, Linked Lists & Doubly Linked Lists, Sorting & Searching Algorithms",72,0,Hard,M1 -> M4 -> M4,71,89,Good,Trees & Binary Search Trees
STU1172,Ethan Martinez,21,Male,PG,Auditory,3.04,76,1,22.8,10,Graph Algorithms,System Design Basics & Caching,74,2,Hard,M1 -> M2 -> M5,98,85,Excellent,Greedy Algorithms & Backtracking
STU1173,Noah Kumar,18,Male,High School,Auditory,3.41,73,1,38.0,80,Dynamic Programming,"Dynamic Programming, Linked Lists & Doubly Linked Lists, Trees & Binary Search Trees, Machine Learning Foundations, Greedy Algorithms & Backtracking, Sorting & Searching Algorithms, System Design Basics & Caching, Stacks & Queues",65,1,Medium,M1 -> M4 -> M4,97,81,Good,Sorting & Searching Algorithms
STU1174,Ishita Jones,22,Female,High School,Auditory,3.82,71,5,57.6,40,Linked Lists & Doubly Linked Lists,"Linked Lists & Doubly Linked Lists, Arrays & Hash Maps, Sorting & Searching Algorithms, Greedy Algorithms & Backtracking",75,0,Hard,M1 -> M3 -> M4,84,80,Good,Sorting & Searching Algorithms
STU1175,Siddharth Rao,20,Male,PG,Kinesthetic,3.97,60,3,44.1,50,Stacks & Queues,"Dynamic Programming, Trees & Binary Search Trees, Greedy Algorithms & Backtracking, System Design Basics & Caching, Sorting & Searching Algorithms",66,3,Easy,M1 -> M3 -> M6,86,65,Good,Machine Learning Foundations
STU1176,Meera Williams,20,Male,UG,Visual,2.86,67,5,22.2,90,Sorting & Searching Algorithms,"Arrays & Hash Maps, Linked Lists & Doubly Linked Lists, Dynamic Programming, Greedy Algorithms & Backtracking, Sorting & Searching Algorithms, System Design Basics & Caching, Trees & Binary Search Trees, Graph Algorithms, Machine Learning Foundations",87,3,Hard,M1 -> M4 -> M6,76,71,Fair,Stacks & Queues
STU1177,Alex Williams,19,Female,UG,Visual,2.37,46,3,30.4,100,System Design Basics & Caching,"Machine Learning Foundations, Arrays & Hash Maps, Greedy Algorithms & Backtracking, Stacks & Queues, Graph Algorithms, Sorting & Searching Algorithms, Linked Lists & Doubly Linked Lists, Trees & Binary Search Trees, System Design Basics & Caching, Dynamic Programming",90,3,Medium,M1 -> M3 -> M6,82,45,Fair,Arrays & Hash Maps
STU1178,Aarav Davis,21,Female,PG,Kinesthetic,2.05,70,1,49.8,10,Linked Lists & Doubly Linked Lists,Graph Algorithms,66,3,Easy,M1 -> M4 -> M4,88,71,Fair,Machine Learning Foundations
STU1179,Ava Williams,23,Male,PG,Kinesthetic,2.88,57,1,17.5,20,Graph Algorithms,"System Design Basics & Caching, Dynamic Programming",83,0,Hard,M1 -> M3 -> M6,90,52,Fair,Arrays & Hash Maps
STU1180,Siddharth Jones,26,Female,UG,Kinesthetic,2.93,55,2,41.5,10,Trees & Binary Search Trees,Arrays & Hash Maps,61,0,Easy,M1 -> M4 -> M4,90,61,Fair,Arrays & Hash Maps
STU1181,Arjun Verma,25,Female,High School,Kinesthetic,3.51,74,3,21.7,10,Dynamic Programming,Machine Learning Foundations,71,1,Easy,M1 -> M3 -> M6,96,67,Fair,Machine Learning Foundations
STU1182,Alex Davis,18,Female,High School,Visual,2.03,92,3,46.6,80,Trees & Binary Search Trees,"Arrays & Hash Maps, Stacks & Queues, Graph Algorithms, Dynamic Programming, Linked Lists & Doubly Linked Lists, Trees & Binary Search Trees, Greedy Algorithms & Backtracking, Machine Learning Foundations",96,3,Hard,M1 -> M3 -> M6,79,82,Excellent,System Design Basics & Caching
STU1183,Liam Smith,25,Male,PG,Auditory,2.61,85,3,57.3,100,Sorting & Searching Algorithms,"Dynamic Programming, Greedy Algorithms & Backtracking, Graph Algorithms, Arrays & Hash Maps, Sorting & Searching Algorithms, Trees & Binary Search Trees, System Design Basics & Caching, Machine Learning Foundations, Linked Lists & Doubly Linked Lists, Stacks & Queues",74,2,Hard,M1 -> M3 -> M5,83,92,Good,Greedy Algorithms & Backtracking
STU1184,Tanvi Brown,23,Male,PG,Kinesthetic,3.75,48,4,52.4,90,Trees & Binary Search Trees,"Graph Algorithms, System Design Basics & Caching, Trees & Binary Search Trees, Sorting & Searching Algorithms, Stacks & Queues, Machine Learning Foundations, Greedy Algorithms & Backtracking, Dynamic Programming, Arrays & Hash Maps",73,3,Easy,M1 -> M4 -> M5,74,40,Fair,Arrays & Hash Maps
STU1185,Ava Jones,25,Female,PG,Auditory,2.01,57,3,26.0,90,Machine Learning Foundations,"Graph Algorithms, Trees & Binary Search Trees, Stacks & Queues, Dynamic Programming, Sorting & Searching Algorithms, System Design Basics & Caching, Linked Lists & Doubly Linked Lists, Greedy Algorithms & Backtracking, Machine Learning Foundations",87,4,Hard,M1 -> M3 -> M4,95,56,Fail,Arrays & Hash Maps
STU1186,Karan Verma,23,Male,PG,Visual,3.06,86,5,49.1,70,Greedy Algorithms & Backtracking,"Stacks & Queues, Arrays & Hash Maps, System Design Basics & Caching, Trees & Binary Search Trees, Linked Lists & Doubly Linked Lists, Machine Learning Foundations, Sorting & Searching Algorithms",96,0,Medium,M1 -> M2 -> M6,99,80,Excellent,Greedy Algorithms & Backtracking
STU1187,Ava Rodriguez,23,Female,PG,Auditory,3.33,57,1,17.9,10,Trees & Binary Search Trees,System Design Basics & Caching,68,2,Easy,M1 -> M2 -> M5,91,51,Fair,Linked Lists & Doubly Linked Lists
STU1188,Liam Sharma,22,Female,High School,Kinesthetic,2.37,68,2,52.1,90,Linked Lists & Doubly Linked Lists,"Graph Algorithms, Trees & Binary Search Trees, Sorting & Searching Algorithms, Linked Lists & Doubly Linked Lists, Arrays & Hash Maps, Dynamic Programming, System Design Basics & Caching, Stacks & Queues, Machine Learning Foundations",91,4,Hard,M1 -> M2 -> M4,93,61,Good,Machine Learning Foundations
STU1189,Priya Singh,21,Female,PG,Visual,2.55,80,3,21.7,30,Dynamic Programming,"Sorting & Searching Algorithms, Stacks & Queues, Greedy Algorithms & Backtracking",87,5,Easy,M1 -> M4 -> M5,92,71,Good,Greedy Algorithms & Backtracking
STU1190,Siddharth Johnson,25,Male,PG,Visual,3.11,57,1,50.9,60,Sorting & Searching Algorithms,"Graph Algorithms, Sorting & Searching Algorithms, Linked Lists & Doubly Linked Lists, Stacks & Queues, System Design Basics & Caching, Trees & Binary Search Trees",100,0,Medium,M1 -> M2 -> M4,91,56,Fair,Linked Lists & Doubly Linked Lists
STU1191,Kavya Johnson,23,Male,PG,Auditory,3.4,73,4,26.3,70,Stacks & Queues,"Greedy Algorithms & Backtracking, Stacks & Queues, Linked Lists & Doubly Linked Lists, Trees & Binary Search Trees, Dynamic Programming, Machine Learning Foundations, Graph Algorithms",66,1,Medium,M1 -> M3 -> M5,93,68,Good,Sorting & Searching Algorithms
STU1192,Noah Brown,22,Male,High School,Auditory,2.06,51,1,41.5,50,System Design Basics & Caching,"Linked Lists & Doubly Linked Lists, System Design Basics & Caching, Greedy Algorithms & Backtracking, Trees & Binary Search Trees, Machine Learning Foundations",63,3,Easy,M1 -> M4 -> M5,70,48,Fail,Linked Lists & Doubly Linked Lists
STU1193,Isabella Martinez,23,Male,UG,Kinesthetic,2.99,62,1,47.1,10,Graph Algorithms,Sorting & Searching Algorithms,99,4,Hard,M1 -> M4 -> M6,83,66,Fair,Machine Learning Foundations
STU1194,Sneha Gupta,20,Male,UG,Visual,3.66,76,1,21.5,90,System Design Basics & Caching,"System Design Basics & Caching, Arrays & Hash Maps, Graph Algorithms, Greedy Algorithms & Backtracking, Stacks & Queues, Machine Learning Foundations, Sorting & Searching Algorithms, Trees & Binary Search Trees, Dynamic Programming",98,1,Easy,M1 -> M2 -> M6,87,71,Excellent,Greedy Algorithms & Backtracking
STU1195,Olivia Mehta,19,Male,UG,Visual,2.94,48,1,47.3,60,Greedy Algorithms & Backtracking,"Dynamic Programming, Greedy Algorithms & Backtracking, Stacks & Queues, Graph Algorithms, Machine Learning Foundations, Arrays & Hash Maps",78,4,Hard,M1 -> M2 -> M4,97,44,Fair,Linked Lists & Doubly Linked Lists
STU1196,Alex Rao,21,Female,PG,Auditory,2.45,78,4,20.3,20,Arrays & Hash Maps,"Stacks & Queues, Greedy Algorithms & Backtracking",66,2,Hard,M1 -> M4 -> M5,74,80,Good,Trees & Binary Search Trees
STU1197,Mason Smith,19,Female,High School,Visual,3.02,71,5,22.0,70,Stacks & Queues,"Machine Learning Foundations, Linked Lists & Doubly Linked Lists, Arrays & Hash Maps, Sorting & Searching Algorithms, Graph Algorithms, Trees & Binary Search Trees, System Design Basics & Caching",66,4,Medium,M1 -> M4 -> M4,84,67,Good,Stacks & Queues
STU1198,Emma Jones,24,Female,High School,Visual,2.72,80,2,17.5,100,System Design Basics & Caching,"Greedy Algorithms & Backtracking, Machine Learning Foundations, Arrays & Hash Maps, Trees & Binary Search Trees, Sorting & Searching Algorithms, Stacks & Queues, Graph Algorithms, Dynamic Programming, System Design Basics & Caching, Linked Lists & Doubly Linked Lists",77,2,Medium,M1 -> M2 -> M6,93,86,Good,Trees & Binary Search Trees
STU1199,Sneha Davis,25,Male,High School,Kinesthetic,3.88,75,2,44.2,60,Arrays & Hash Maps,"Stacks & Queues, Sorting & Searching Algorithms, Dynamic Programming, Trees & Binary Search Trees, Greedy Algorithms & Backtracking, Arrays & Hash Maps",63,2,Hard,M1 -> M3 -> M6,84,76,Excellent,Trees & Binary Search Trees
STU1200,Ishita Patel,26,Male,High School,Auditory,3.08,92,5,44.9,20,Arrays & Hash Maps,"Linked Lists & Doubly Linked Lists, Trees & Binary Search Trees",88,1,Easy,M1 -> M2 -> M4,78,94,Excellent,Dynamic Programming
STU1201,Ananya Gupta,26,Female,High School,Visual,2.01,73,2,22.8,40,System Design Basics & Caching,"System Design Basics & Caching, Stacks & Queues, Sorting & Searching Algorithms, Dynamic Programming",95,5,Hard,M1 -> M4 -> M5,73,83,Fair,Stacks & Queues
STU1202,Riya Mehta,24,Male,High School,Kinesthetic,3.13,65,5,15.6,20,Greedy Algorithms & Backtracking,"Trees & Binary Search Trees, Dynamic Programming",92,4,Easy,M1 -> M3 -> M5,71,56,Good,Machine Learning Foundations
STU1203,Aarav Johnson,20,Male,UG,Kinesthetic,3.43,73,4,20.1,10,Greedy Algorithms & Backtracking,Arrays & Hash Maps,75,2,Hard,M1 -> M4 -> M6,96,82,Fair,Machine Learning Foundations
STU1204,Karan Gupta,20,Male,UG,Visual,3.06,80,5,26.9,20,Linked Lists & Doubly Linked Lists,"Machine Learning Foundations, Linked Lists & Doubly Linked Lists",79,2,Medium,M1 -> M3 -> M6,74,89,Excellent,Greedy Algorithms & Backtracking
STU1205,Arjun Johnson,23,Female,High School,Kinesthetic,2.37,72,2,53.1,70,Greedy Algorithms & Backtracking,"Linked Lists & Doubly Linked Lists, Trees & Binary Search Trees, Greedy Algorithms & Backtracking, System Design Basics & Caching, Sorting & Searching Algorithms, Arrays & Hash Maps, Dynamic Programming",75,4,Medium,M1 -> M2 -> M6,94,74,Fair,Machine Learning Foundations
STU1206,Isabella Jones,26,Male,High School,Auditory,2.73,72,3,52.0,40,Greedy Algorithms & Backtracking,"Linked Lists & Doubly Linked Lists, Trees & Binary Search Trees, Greedy Algorithms & Backtracking, Sorting & Searching Algorithms",62,1,Hard,M1 -> M4 -> M6,94,71,Fair,Sorting & Searching Algorithms
STU1207,Emma Williams,19,Female,UG,Auditory,3.77,61,1,28.4,30,Greedy Algorithms & Backtracking,"Dynamic Programming, Trees & Binary Search Trees, System Design Basics & Caching",67,0,Medium,M1 -> M2 -> M6,75,71,Good,Sorting & Searching Algorithms
STU1208,Emma Gupta,23,Male,UG,Kinesthetic,2.45,62,4,39.2,100,Dynamic Programming,"System Design Basics & Caching, Dynamic Programming, Trees & Binary Search Trees, Greedy Algorithms & Backtracking, Stacks & Queues, Machine Learning Foundations, Arrays & Hash Maps, Linked Lists & Doubly Linked Lists, Sorting & Searching Algorithms, Graph Algorithms",96,3,Medium,M1 -> M2 -> M4,87,69,Good,Machine Learning Foundations
STU1209,Noah Mehta,18,Male,UG,Kinesthetic,2.44,50,2,36.7,100,Trees & Binary Search Trees,"Dynamic Programming, Trees & Binary Search Trees, Linked Lists & Doubly Linked Lists, Machine Learning Foundations, Stacks & Queues, Graph Algorithms, Greedy Algorithms & Backtracking, Sorting & Searching Algorithms, Arrays & Hash Maps, System Design Basics & Caching",63,3,Easy,M1 -> M3 -> M4,99,48,Fail,Linked Lists & Doubly Linked Lists
STU1210,Ananya Williams,20,Male,High School,Kinesthetic,2.9,98,1,38.3,30,System Design Basics & Caching,"Stacks & Queues, Graph Algorithms, Greedy Algorithms & Backtracking",61,0,Hard,M1 -> M3 -> M6,94,100,Excellent,System Design Basics & Caching
STU1211,Alex Verma,25,Female,PG,Auditory,3.05,53,2,19.8,90,Graph Algorithms,"Machine Learning Foundations, Greedy Algorithms & Backtracking, Graph Algorithms, System Design Basics & Caching, Dynamic Programming, Trees & Binary Search Trees, Arrays & Hash Maps, Linked Lists & Doubly Linked Lists, Sorting & Searching Algorithms",67,0,Medium,M1 -> M3 -> M5,86,46,Fair,Linked Lists & Doubly Linked Lists
STU1212,Tanvi Martinez,26,Male,High School,Auditory,2.15,61,2,52.3,40,Sorting & Searching Algorithms,"Dynamic Programming, Trees & Binary Search Trees, Linked Lists & Doubly Linked Lists, System Design Basics & Caching",70,4,Easy,M1 -> M3 -> M5,93,64,Good,Sorting & Searching Algorithms
STU1213,Priya Brown,22,Female,High School,Auditory,3.83,61,1,37.5,90,Linked Lists & Doubly Linked Lists,"Linked Lists & Doubly Linked Lists, Trees & Binary Search Trees, Arrays & Hash Maps, System Design Basics & Caching, Graph Algorithms, Machine Learning Foundations, Greedy Algorithms & Backtracking, Dynamic Programming, Stacks & Queues",87,3,Easy,M1 -> M2 -> M5,95,57,Fair,Sorting & Searching Algorithms
STU1214,Riya Gupta,21,Male,UG,Kinesthetic,3.72,85,1,25.9,60,Graph Algorithms,"Machine Learning Foundations, Arrays & Hash Maps, System Design Basics & Caching, Stacks & Queues, Sorting & Searching Algorithms, Graph Algorithms",70,4,Medium,M1 -> M3 -> M6,86,82,Excellent,Greedy Algorithms & Backtracking
STU1215,Karan Brown,21,Male,High School,Auditory,3.7,67,3,19.8,40,Machine Learning Foundations,"Stacks & Queues, Machine Learning Foundations, Sorting & Searching Algorithms, Dynamic Programming",77,0,Easy,M1 -> M3 -> M6,90,65,Fair,Sorting & Searching Algorithms
STU1216,Ethan Garcia,24,Male,High School,Kinesthetic,3.98,90,5,41.9,40,Dynamic Programming,"Arrays & Hash Maps, Linked Lists & Doubly Linked Lists, Dynamic Programming, System Design Basics & Caching",82,2,Medium,M1 -> M4 -> M6,80,87,Excellent,Graph Algorithms
STU1217,Priya Smith,24,Male,High School,Kinesthetic,2.48,61,3,31.3,80,Machine Learning Foundations,"Dynamic Programming, System Design Basics & Caching, Sorting & Searching Algorithms, Machine Learning Foundations, Graph Algorithms, Arrays & Hash Maps, Trees & Binary Search Trees, Stacks & Queues",97,4,Hard,M1 -> M4 -> M4,93,70,Good,Machine Learning Foundations
STU1218,Pooja Kumar,19,Female,UG,Kinesthetic,3.55,76,1,18.0,40,Sorting & Searching Algorithms,"Linked Lists & Doubly Linked Lists, Dynamic Programming, System Design Basics & Caching, Graph Algorithms",73,1,Medium,M1 -> M2 -> M5,70,81,Excellent,Greedy Algorithms & Backtracking
STU1219,Liam Singh,19,Female,PG,Visual,3.41,59,2,44.3,10,Stacks & Queues,Graph Algorithms,70,5,Hard,M1 -> M2 -> M6,86,56,Fair,Linked Lists & Doubly Linked Lists
STU1220,Olivia Verma,24,Male,High School,Kinesthetic,2.47,100,3,22.6,60,Graph Algorithms,"Arrays & Hash Maps, Linked Lists & Doubly Linked Lists, System Design Basics & Caching, Sorting & Searching Algorithms, Stacks & Queues, Dynamic Programming",95,2,Easy,M1 -> M4 -> M4,92,98,Excellent,System Design Basics & Caching
STU1221,Sneha Johnson,18,Female,UG,Auditory,2.7,54,1,59.1,20,Linked Lists & Doubly Linked Lists,"System Design Basics & Caching, Dynamic Programming",86,2,Medium,M1 -> M3 -> M5,76,63,Fail,Linked Lists & Doubly Linked Lists
STU1222,Tanvi Martinez,19,Male,UG,Visual,2.64,76,5,55.9,30,Graph Algorithms,"Sorting & Searching Algorithms, Linked Lists & Doubly Linked Lists, Arrays & Hash Maps",71,3,Easy,M1 -> M2 -> M6,80,78,Good,Greedy Algorithms & Backtracking
STU1223,Karan Martinez,22,Male,PG,Kinesthetic,3.19,81,4,47.0,30,Arrays & Hash Maps,"Stacks & Queues, Trees & Binary Search Trees, Greedy Algorithms & Backtracking",87,4,Easy,M1 -> M4 -> M4,88,82,Excellent,Greedy Algorithms & Backtracking
STU1224,Sneha Mehta,26,Female,High School,Kinesthetic,2.5,78,5,50.7,20,System Design Basics & Caching,"Trees & Binary Search Trees, Arrays & Hash Maps",79,1,Medium,M1 -> M3 -> M4,83,73,Good,Trees & Binary Search Trees
STU1225,Siddharth Joshi,22,Female,High School,Visual,3.61,69,4,55.6,90,System Design Basics & Caching,"Machine Learning Foundations, Trees & Binary Search Trees, System Design Basics & Caching, Stacks & Queues, Linked Lists & Doubly Linked Lists, Greedy Algorithms & Backtracking, Dynamic Programming, Arrays & Hash Maps, Sorting & Searching Algorithms",76,5,Medium,M1 -> M3 -> M4,77,76,Good,Sorting & Searching Algorithms
STU1226,Neha Williams,20,Female,UG,Visual,2.9,70,5,43.5,40,Sorting & Searching Algorithms,"Arrays & Hash Maps, Sorting & Searching Algorithms, Stacks & Queues, Dynamic Programming",93,4,Easy,M1 -> M3 -> M6,77,78,Good,Stacks & Queues
STU1227,Riya Martinez,24,Female,UG,Visual,2.65,72,1,26.6,20,Greedy Algorithms & Backtracking,"Dynamic Programming, Sorting & Searching Algorithms",67,4,Hard,M1 -> M2 -> M6,80,70,Fair,Stacks & Queues
STU1228,Rahul Davis,26,Female,High School,Auditory,3.97,69,1,35.6,100,Dynamic Programming,"Dynamic Programming, System Design Basics & Caching, Machine Learning Foundations, Trees & Binary Search Trees, Greedy Algorithms & Backtracking, Graph Algorithms, Stacks & Queues, Linked Lists & Doubly Linked Lists, Arrays & Hash Maps, Sorting & Searching Algorithms",61,3,Medium,M1 -> M3 -> M6,99,61,Fair,Sorting & Searching Algorithms
STU1229,Rohan Sharma,21,Female,PG,Auditory,2.21,86,1,39.4,70,Greedy Algorithms & Backtracking,"Sorting & Searching Algorithms, Dynamic Programming, System Design Basics & Caching, Machine Learning Foundations, Stacks & Queues, Arrays & Hash Maps, Greedy Algorithms & Backtracking",92,3,Hard,M1 -> M3 -> M5,79,84,Good,Greedy Algorithms & Backtracking
STU1230,Yash Kumar,21,Female,PG,Visual,3.94,100,1,44.1,60,Machine Learning Foundations,"Dynamic Programming, System Design Basics & Caching, Sorting & Searching Algorithms, Arrays & Hash Maps, Stacks & Queues, Greedy Algorithms & Backtracking",86,3,Medium,M1 -> M4 -> M4,80,99,Excellent,Graph Algorithms
STU1231,Ananya Singh,22,Male,PG,Auditory,2.14,63,2,39.3,90,Machine Learning Foundations,"Stacks & Queues, Sorting & Searching Algorithms, Greedy Algorithms & Backtracking, Arrays & Hash Maps, Machine Learning Foundations, Dynamic Programming, Linked Lists & Doubly Linked Lists, Trees & Binary Search Trees, Graph Algorithms",91,3,Easy,M1 -> M3 -> M6,90,66,Good,Sorting & Searching Algorithms
STU1232,Noah Mehta,26,Female,PG,Visual,3.52,51,1,47.4,70,System Design Basics & Caching,"Arrays & Hash Maps, Dynamic Programming, Trees & Binary Search Trees, Stacks & Queues, Graph Algorithms, System Design Basics & Caching, Linked Lists & Doubly Linked Lists",65,0,Hard,M1 -> M3 -> M6,82,60,Fail,Linked Lists & Doubly Linked Lists
STU1233,Karan Patel,21,Male,UG,Kinesthetic,3.84,70,1,55.1,60,Stacks & Queues,"Greedy Algorithms & Backtracking, Machine Learning Foundations, Sorting & Searching Algorithms, Graph Algorithms, Trees & Binary Search Trees, System Design Basics & Caching",84,2,Medium,M1 -> M2 -> M6,76,68,Fair,Machine Learning Foundations
STU1234,Ishita Rao,21,Female,UG,Kinesthetic,3.56,100,3,34.8,70,Trees & Binary Search Trees,"Trees & Binary Search Trees, Linked Lists & Doubly Linked Lists, System Design Basics & Caching, Sorting & Searching Algorithms, Greedy Algorithms & Backtracking, Dynamic Programming, Graph Algorithms",86,0,Medium,M1 -> M4 -> M4,98,97,Excellent,Graph Algorithms
STU1235,Ethan Gupta,25,Female,UG,Auditory,2.92,59,1,37.9,70,Stacks & Queues,"Dynamic Programming, Stacks & Queues, Machine Learning Foundations, Linked Lists & Doubly Linked Lists, Trees & Binary Search Trees, Sorting & Searching Algorithms, System Design Basics & Caching",95,4,Medium,M1 -> M3 -> M5,89,57,Fair,Linked Lists & Doubly Linked Lists
STU1236,Emma Rao,21,Female,PG,Kinesthetic,2.67,96,4,40.1,100,Sorting & Searching Algorithms,"Trees & Binary Search Trees, Greedy Algorithms & Backtracking, System Design Basics & Caching, Dynamic Programming, Stacks & Queues, Arrays & Hash Maps, Linked Lists & Doubly Linked Lists, Machine Learning Foundations, Sorting & Searching Algorithms, Graph Algorithms",78,0,Medium,M1 -> M2 -> M4,83,100,Excellent,System Design Basics & Caching
STU1237,Kavya Patel,22,Female,UG,Visual,2.6,97,2,17.7,20,Sorting & Searching Algorithms,"Greedy Algorithms & Backtracking, Trees & Binary Search Trees",97,0,Easy,M1 -> M4 -> M6,88,95,Excellent,System Design Basics & Caching
STU1238,Sophia Verma,24,Female,UG,Auditory,3.45,63,2,38.6,30,Trees & Binary Search Trees,"Graph Algorithms, Machine Learning Foundations, Sorting & Searching Algorithms",81,5,Easy,M1 -> M2 -> M5,99,59,Good,Sorting & Searching Algorithms
STU1239,Ava Singh,24,Female,High School,Kinesthetic,3.37,80,4,16.3,10,Arrays & Hash Maps,Graph Algorithms,96,5,Hard,M1 -> M3 -> M6,81,83,Good,Trees & Binary Search Trees
STU1240,Rohan Patel,26,Female,UG,Visual,2.17,96,4,50.4,20,Sorting & Searching Algorithms,"System Design Basics & Caching, Trees & Binary Search Trees",77,3,Medium,M1 -> M3 -> M6,85,100,Excellent,System Design Basics & Caching
STU1241,Riya Patel,26,Female,PG,Auditory,3.34,66,4,39.6,50,Greedy Algorithms & Backtracking,"Machine Learning Foundations, Dynamic Programming, System Design Basics & Caching, Sorting & Searching Algorithms, Greedy Algorithms & Backtracking",69,5,Medium,M1 -> M4 -> M4,82,66,Good,Sorting & Searching Algorithms
STU1242,Pooja Rodriguez,23,Male,PG,Kinesthetic,3.24,68,5,46.7,50,Stacks & Queues,"Trees & Binary Search Trees, Machine Learning Foundations, Arrays & Hash Maps, Sorting & Searching Algorithms, Linked Lists & Doubly Linked Lists",91,3,Medium,M1 -> M3 -> M5,91,65,Fair,Machine Learning Foundations
STU1243,Pooja Davis,24,Male,High School,Visual,2.51,63,4,28.8,60,Linked Lists & Doubly Linked Lists,"Trees & Binary Search Trees, Linked Lists & Doubly Linked Lists, Dynamic Programming, Machine Learning Foundations, Arrays & Hash Maps, Stacks & Queues",75,1,Hard,M1 -> M3 -> M5,93,69,Fair,Stacks & Queues
STU1244,Karan Kumar,22,Female,UG,Auditory,3.66,56,5,26.8,10,Trees & Binary Search Trees,Sorting & Searching Algorithms,66,0,Hard,M1 -> M4 -> M4,85,66,Fail,Arrays & Hash Maps
STU1245,Sneha Johnson,19,Female,UG,Auditory,3.85,62,2,15.4,80,Greedy Algorithms & Backtracking,"Graph Algorithms, Linked Lists & Doubly Linked Lists, Trees & Binary Search Trees, Arrays & Hash Maps, System Design Basics & Caching, Stacks & Queues, Dynamic Programming, Machine Learning Foundations",82,4,Hard,M1 -> M3 -> M5,96,54,Good,Sorting & Searching Algorithms
STU1246,Kavya Joshi,26,Female,PG,Visual,3.39,53,1,56.3,80,System Design Basics & Caching,"Machine Learning Foundations, Sorting & Searching Algorithms, System Design Basics & Caching, Graph Algorithms, Dynamic Programming, Arrays & Hash Maps, Stacks & Queues, Trees & Binary Search Trees",95,3,Medium,M1 -> M3 -> M5,94,62,Fail,Linked Lists & Doubly Linked Lists
STU1247,Neha Joshi,26,Male,High School,Kinesthetic,2.44,72,2,26.7,90,Machine Learning Foundations,"Linked Lists & Doubly Linked Lists, System Design Basics & Caching, Arrays & Hash Maps, Sorting & Searching Algorithms, Greedy Algorithms & Backtracking, Machine Learning Foundations, Dynamic Programming, Graph Algorithms, Stacks & Queues",98,1,Hard,M1 -> M2 -> M6,98,73,Fair,Machine Learning Foundations
STU1248,Yash Jones,21,Male,PG,Kinesthetic,3.85,60,4,55.7,30,Linked Lists & Doubly Linked Lists,"System Design Basics & Caching, Sorting & Searching Algorithms, Stacks & Queues",78,0,Easy,M1 -> M4 -> M5,76,57,Good,Machine Learning Foundations
STU1249,Rohan Smith,23,Female,High School,Visual,3.9,75,1,35.2,60,Trees & Binary Search Trees,"Arrays & Hash Maps, Trees & Binary Search Trees, Machine Learning Foundations, Dynamic Programming, Stacks & Queues, Sorting & Searching Algorithms",94,0,Hard,M1 -> M2 -> M6,83,76,Good,Trees & Binary Search Trees
STU1250,Pooja Davis,22,Female,UG,Auditory,2.81,48,2,33.3,70,Trees & Binary Search Trees,"Graph Algorithms, Sorting & Searching Algorithms, Machine Learning Foundations, Arrays & Hash Maps, Greedy Algorithms & Backtracking, Linked Lists & Doubly Linked Lists, Dynamic Programming",99,4,Medium,M1 -> M2 -> M5,91,40,Fail,Linked Lists & Doubly Linked Lists
STU1251,Isabella Martinez,19,Male,UG,Visual,3.84,76,2,44.9,70,Dynamic Programming,"Machine Learning Foundations, Linked Lists & Doubly Linked Lists, Arrays & Hash Maps, Greedy Algorithms & Backtracking, Sorting & Searching Algorithms, Graph Algorithms, System Design Basics & Caching",68,5,Easy,M1 -> M4 -> M4,91,68,Excellent,Trees & Binary Search Trees
STU1252,Alex Garcia,23,Female,High School,Kinesthetic,3.56,84,1,30.5,100,Machine Learning Foundations,"Dynamic Programming, Stacks & Queues, Arrays & Hash Maps, Graph Algorithms, Linked Lists & Doubly Linked Lists, System Design Basics & Caching, Trees & Binary Search Trees, Machine Learning Foundations, Greedy Algorithms & Backtracking, Sorting & Searching Algorithms",74,1,Easy,M1 -> M3 -> M4,87,94,Excellent,Trees & Binary Search Trees
STU1253,Dev Verma,21,Male,High School,Visual,2.09,42,4,57.3,80,Graph Algorithms,"System Design Basics & Caching, Sorting & Searching Algorithms, Greedy Algorithms & Backtracking, Machine Learning Foundations, Linked Lists & Doubly Linked Lists, Stacks & Queues, Dynamic Programming, Graph Algorithms",69,4,Hard,M1 -> M3 -> M4,95,40,Fair,Arrays & Hash Maps
STU1254,Karan Miller,18,Male,PG,Kinesthetic,2.8,77,4,50.2,70,Arrays & Hash Maps,"Graph Algorithms, System Design Basics & Caching, Arrays & Hash Maps, Linked Lists & Doubly Linked Lists, Dynamic Programming, Stacks & Queues, Greedy Algorithms & Backtracking",79,3,Medium,M1 -> M4 -> M6,71,85,Excellent,Greedy Algorithms & Backtracking
STU1255,Aarav Nair,19,Female,UG,Auditory,3.93,90,3,34.4,50,Trees & Binary Search Trees,"Arrays & Hash Maps, Linked Lists & Doubly Linked Lists, Dynamic Programming, Stacks & Queues, Sorting & Searching Algorithms",68,1,Hard,M1 -> M3 -> M6,99,96,Excellent,Graph Algorithms
STU1256,Dev Williams,23,Female,PG,Kinesthetic,3.25,53,2,54.8,40,Linked Lists & Doubly Linked Lists,"Trees & Binary Search Trees, Dynamic Programming, Arrays & Hash Maps, Machine Learning Foundations",68,4,Hard,M1 -> M4 -> M4,82,43,Fail,Arrays & Hash Maps
STU1257,Isabella Nair,25,Female,PG,Auditory,3.81,97,2,37.9,20,Machine Learning Foundations,"Machine Learning Foundations, Arrays & Hash Maps",73,2,Hard,M1 -> M4 -> M5,88,97,Excellent,System Design Basics & Caching
STU1258,Sophia Mehta,26,Male,PG,Kinesthetic,2.58,78,4,51.4,20,Machine Learning Foundations,"Linked Lists & Doubly Linked Lists, Graph Algorithms",63,2,Easy,M1 -> M2 -> M6,88,79,Excellent,Greedy Algorithms & Backtracking
STU1259,Mason Patel,24,Female,High School,Kinesthetic,2.11,61,3,32.1,100,Sorting & Searching Algorithms,"Trees & Binary Search Trees, Stacks & Queues, Dynamic Programming, Machine Learning Foundations, Arrays & Hash Maps, Graph Algorithms, System Design Basics & Caching, Greedy Algorithms & Backtracking, Linked Lists & Doubly Linked Lists, Sorting & Searching Algorithms",69,4,Hard,M1 -> M4 -> M6,91,56,Good,Machine Learning Foundations
STU1260,Ava Kumar,26,Male,PG,Kinesthetic,3.8,71,2,31.8,20,System Design Basics & Caching,"Trees & Binary Search Trees, Stacks & Queues",62,3,Hard,M1 -> M3 -> M6,79,74,Good,Machine Learning Foundations
STU1261,Meera Brown,25,Male,PG,Auditory,2.56,80,1,25.4,90,Trees & Binary Search Trees,"Greedy Algorithms & Backtracking, Graph Algorithms, System Design Basics & Caching, Machine Learning Foundations, Stacks & Queues, Dynamic Programming, Trees & Binary Search Trees, Linked Lists & Doubly Linked Lists, Arrays & Hash Maps",100,1,Hard,M1 -> M3 -> M6,80,89,Excellent,Greedy Algorithms & Backtracking
STU1262,Alex Kumar,26,Female,UG,Kinesthetic,3.42,73,4,35.0,50,Linked Lists & Doubly Linked Lists,"Linked Lists & Doubly Linked Lists, Graph Algorithms, Dynamic Programming, Sorting & Searching Algorithms, Machine Learning Foundations",67,5,Medium,M1 -> M3 -> M5,77,71,Good,Machine Learning Foundations
STU1263,Pooja Brown,23,Female,High School,Auditory,3.56,80,1,56.1,70,Graph Algorithms,"Linked Lists & Doubly Linked Lists, Dynamic Programming, Greedy Algorithms & Backtracking, Graph Algorithms, System Design Basics & Caching, Trees & Binary Search Trees, Machine Learning Foundations",63,4,Easy,M1 -> M4 -> M6,71,73,Excellent,Trees & Binary Search Trees
STU1264,Arjun Joshi,18,Male,PG,Auditory,3.15,58,5,27.6,30,Stacks & Queues,"Graph Algorithms, Stacks & Queues, System Design Basics & Caching",94,5,Medium,M1 -> M3 -> M5,87,49,Fail,Arrays & Hash Maps
STU1265,Yash Miller,22,Female,PG,Kinesthetic,2.1,74,1,50.7,20,System Design Basics & Caching,"Arrays & Hash Maps, Graph Algorithms",72,2,Medium,M1 -> M3 -> M4,93,71,Fair,Machine Learning Foundations
STU1266,Kavya Miller,24,Female,PG,Auditory,2.21,50,5,21.9,60,Sorting & Searching Algorithms,"Graph Algorithms, Machine Learning Foundations, Dynamic Programming, Arrays & Hash Maps, Stacks & Queues, Linked Lists & Doubly Linked Lists",85,0,Hard,M1 -> M3 -> M5,96,52,Fair,Arrays & Hash Maps
STU1267,Alex Singh,25,Male,High School,Kinesthetic,2.67,70,2,47.0,40,Dynamic Programming,"Graph Algorithms, Linked Lists & Doubly Linked Lists, System Design Basics & Caching, Machine Learning Foundations",82,3,Hard,M1 -> M4 -> M5,71,65,Fair,Machine Learning Foundations
STU1268,Rohan Johnson,23,Male,PG,Visual,3.72,58,3,24.8,80,Greedy Algorithms & Backtracking,"Sorting & Searching Algorithms, Machine Learning Foundations, Stacks & Queues, Arrays & Hash Maps, Linked Lists & Doubly Linked Lists, Trees & Binary Search Trees, System Design Basics & Caching, Graph Algorithms",98,2,Medium,M1 -> M3 -> M6,70,62,Fair,Arrays & Hash Maps
STU1269,Tanvi Martinez,18,Female,UG,Visual,3.33,60,3,19.3,100,Machine Learning Foundations,"Linked Lists & Doubly Linked Lists, System Design Basics & Caching, Machine Learning Foundations, Trees & Binary Search Trees, Dynamic Programming, Stacks & Queues, Graph Algorithms, Arrays & Hash Maps, Sorting & Searching Algorithms, Greedy Algorithms & Backtracking",79,4,Easy,M1 -> M2 -> M6,83,58,Good,Stacks & Queues
STU1270,Pooja Davis,20,Male,PG,Kinesthetic,2.67,90,1,31.3,100,Greedy Algorithms & Backtracking,"Graph Algorithms, Greedy Algorithms & Backtracking, System Design Basics & Caching, Trees & Binary Search Trees, Stacks & Queues, Dynamic Programming, Sorting & Searching Algorithms, Machine Learning Foundations, Arrays & Hash Maps, Linked Lists & Doubly Linked Lists",79,5,Easy,M1 -> M4 -> M6,90,89,Excellent,System Design Basics & Caching
STU1271,Sneha Brown,26,Female,PG,Auditory,2.2,88,4,33.2,70,Machine Learning Foundations,"Stacks & Queues, Machine Learning Foundations, Arrays & Hash Maps, Dynamic Programming, Graph Algorithms, System Design Basics & Caching, Greedy Algorithms & Backtracking",75,2,Medium,M1 -> M3 -> M4,88,92,Excellent,System Design Basics & Caching
STU1272,Dev Gupta,18,Male,High School,Visual,3.9,81,2,44.8,50,Greedy Algorithms & Backtracking,"Greedy Algorithms & Backtracking, Trees & Binary Search Trees, Graph Algorithms, Machine Learning Foundations, Stacks & Queues",76,5,Medium,M1 -> M2 -> M5,84,87,Good,Trees & Binary Search Trees
STU1273,Karan Williams,22,Male,High School,Auditory,2.54,55,3,21.8,80,Graph Algorithms,"Linked Lists & Doubly Linked Lists, Dynamic Programming, Sorting & Searching Algorithms, Greedy Algorithms & Backtracking, Stacks & Queues, Trees & Binary Search Trees, Machine Learning Foundations, System Design Basics & Caching",69,4,Easy,M1 -> M3 -> M6,96,63,Fair,Arrays & Hash Maps
STU1274,Olivia Johnson,25,Female,UG,Auditory,3.86,67,2,50.4,20,Dynamic Programming,"Dynamic Programming, Arrays & Hash Maps",93,2,Easy,M1 -> M2 -> M5,77,63,Fair,Sorting & Searching Algorithms
STU1275,Sophia Rao,25,Male,UG,Visual,2.93,90,4,45.1,50,Dynamic Programming,"Machine Learning Foundations, Greedy Algorithms & Backtracking, Linked Lists & Doubly Linked Lists, Stacks & Queues, Sorting & Searching Algorithms",91,5,Medium,M1 -> M4 -> M4,73,97,Excellent,System Design Basics & Caching
STU1276,Kavya Smith,23,Male,PG,Kinesthetic,2.43,74,2,42.4,50,Sorting & Searching Algorithms,"Dynamic Programming, Arrays & Hash Maps, Linked Lists & Doubly Linked Lists, Trees & Binary Search Trees, System Design Basics & Caching",84,0,Easy,M1 -> M4 -> M6,91,65,Good,Sorting & Searching Algorithms
STU1277,Noah Gupta,25,Male,UG,Auditory,3.15,100,2,57.5,50,Machine Learning Foundations,"Arrays & Hash Maps, Greedy Algorithms & Backtracking, Dynamic Programming, Sorting & Searching Algorithms, Graph Algorithms",80,2,Easy,M1 -> M3 -> M6,73,100,Excellent,Dynamic Programming
STU1278,Yash Mehta,26,Female,UG,Auditory,3.35,77,5,41.7,60,Trees & Binary Search Trees,"Dynamic Programming, Greedy Algorithms & Backtracking, Trees & Binary Search Trees, Stacks & Queues, Sorting & Searching Algorithms, Machine Learning Foundations",62,3,Easy,M1 -> M4 -> M6,78,69,Good,Trees & Binary Search Trees
STU1279,Vikram Mehta,23,Male,High School,Kinesthetic,2.01,74,3,58.9,50,Trees & Binary Search Trees,"Arrays & Hash Maps, Greedy Algorithms & Backtracking, Graph Algorithms, Linked Lists & Doubly Linked Lists, Trees & Binary Search Trees",74,3,Hard,M1 -> M3 -> M5,94,82,Fair,Machine Learning Foundations
STU1280,Riya Jones,19,Female,PG,Visual,2.39,67,2,51.2,10,Arrays & Hash Maps,Greedy Algorithms & Backtracking,100,3,Hard,M1 -> M3 -> M4,75,67,Fair,Stacks & Queues
STU1281,Neha Brown,21,Female,PG,Auditory,3.42,74,4,34.3,20,Stacks & Queues,"System Design Basics & Caching, Machine Learning Foundations",97,0,Easy,M1 -> M2 -> M4,78,84,Fair,Stacks & Queues
STU1282,Emma Kumar,23,Male,UG,Visual,3.85,69,3,32.0,100,Greedy Algorithms & Backtracking,"System Design Basics & Caching, Stacks & Queues, Sorting & Searching Algorithms, Dynamic Programming, Graph Algorithms, Machine Learning Foundations, Trees & Binary Search Trees, Linked Lists & Doubly Linked Lists, Greedy Algorithms & Backtracking, Arrays & Hash Maps",83,5,Medium,M1 -> M4 -> M5,79,61,Good,Stacks & Queues
STU1283,Priya Miller,19,Female,High School,Visual,2.76,82,5,24.7,80,Trees & Binary Search Trees,"System Design Basics & Caching, Arrays & Hash Maps, Sorting & Searching Algorithms, Linked Lists & Doubly Linked Lists, Machine Learning Foundations, Dynamic Programming, Greedy Algorithms & Backtracking, Stacks & Queues",87,4,Medium,M1 -> M4 -> M5,100,74,Good,Trees & Binary Search Trees
STU1284,Aditya Williams,20,Male,High School,Visual,2.52,86,2,39.4,90,Trees & Binary Search Trees,"Trees & Binary Search Trees, Machine Learning Foundations, Sorting & Searching Algorithms, Stacks & Queues, Arrays & Hash Maps, Greedy Algorithms & Backtracking, Graph Algorithms, System Design Basics & Caching, Linked Lists & Doubly Linked Lists",84,0,Medium,M1 -> M3 -> M5,99,91,Excellent,Trees & Binary Search Trees
STU1285,Ananya Rodriguez,18,Female,PG,Kinesthetic,2.97,60,4,21.5,20,System Design Basics & Caching,"Trees & Binary Search Trees, Greedy Algorithms & Backtracking",98,2,Hard,M1 -> M4 -> M4,83,55,Good,Sorting & Searching Algorithms
STU1286,Priya Garcia,20,Male,UG,Kinesthetic,3.05,52,2,32.4,90,Dynamic Programming,"System Design Basics & Caching, Arrays & Hash Maps, Graph Algorithms, Machine Learning Foundations, Greedy Algorithms & Backtracking, Trees & Binary Search Trees, Linked Lists & Doubly Linked Lists, Dynamic Programming, Stacks & Queues",79,5,Medium,M1 -> M3 -> M6,84,51,Fair,Linked Lists & Doubly Linked Lists
STU1287,Priya Rodriguez,19,Female,High School,Auditory,3.44,44,5,16.5,40,Machine Learning Foundations,"Arrays & Hash Maps, Dynamic Programming, Graph Algorithms, System Design Basics & Caching",96,5,Easy,M1 -> M4 -> M4,79,40,Fair,Arrays & Hash Maps
STU1288,Karan Gupta,25,Male,High School,Kinesthetic,2.14,79,5,32.6,60,System Design Basics & Caching,"Machine Learning Foundations, Linked Lists & Doubly Linked Lists, Trees & Binary Search Trees, Greedy Algorithms & Backtracking, Graph Algorithms, System Design Basics & Caching",60,3,Easy,M1 -> M3 -> M4,89,76,Good,Trees & Binary Search Trees
STU1289,Alex Williams,20,Female,High School,Auditory,3.59,55,5,46.9,30,Stacks & Queues,"Linked Lists & Doubly Linked Lists, Dynamic Programming, Arrays & Hash Maps",89,2,Easy,M1 -> M2 -> M6,76,56,Fail,Arrays & Hash Maps
STU1290,Tanvi Mehta,26,Female,High School,Kinesthetic,3.68,39,4,25.8,20,Arrays & Hash Maps,"Dynamic Programming, Sorting & Searching Algorithms",80,0,Hard,M1 -> M3 -> M5,76,40,Fair,Arrays & Hash Maps
STU1291,Priya Sharma,20,Male,UG,Visual,3.81,77,2,18.9,20,Stacks & Queues,"System Design Basics & Caching, Trees & Binary Search Trees",81,2,Easy,M1 -> M4 -> M6,99,74,Excellent,Greedy Algorithms & Backtracking
STU1292,Karan Martinez,25,Male,UG,Auditory,2.16,100,3,18.3,80,Arrays & Hash Maps,"Trees & Binary Search Trees, Arrays & Hash Maps, Sorting & Searching Algorithms, Machine Learning Foundations, Graph Algorithms, Dynamic Programming, System Design Basics & Caching, Stacks & Queues",76,5,Medium,M1 -> M3 -> M4,78,100,Excellent,System Design Basics & Caching
STU1293,Olivia Mehta,26,Female,High School,Visual,2.9,71,1,15.4,90,Graph Algorithms,"Linked Lists & Doubly Linked Lists, System Design Basics & Caching, Greedy Algorithms & Backtracking, Dynamic Programming, Trees & Binary Search Trees, Sorting & Searching Algorithms, Graph Algorithms, Stacks & Queues, Machine Learning Foundations",77,1,Hard,M1 -> M4 -> M6,96,68,Good,Stacks & Queues
STU1294,Ethan Patel,25,Male,High School,Visual,2.45,84,3,59.8,50,Machine Learning Foundations,"Dynamic Programming, Greedy Algorithms & Backtracking, Sorting & Searching Algorithms, Machine Learning Foundations, Trees & Binary Search Trees",81,0,Hard,M1 -> M4 -> M5,97,75,Excellent,Trees & Binary Search Trees
STU1295,Yash Rao,25,Male,High School,Kinesthetic,2.19,73,4,41.7,60,Dynamic Programming,"Arrays & Hash Maps, Sorting & Searching Algorithms, Graph Algorithms, Linked Lists & Doubly Linked Lists, Trees & Binary Search Trees, Machine Learning Foundations",97,2,Easy,M1 -> M3 -> M5,73,66,Good,Machine Learning Foundations
STU1296,Ananya Garcia,25,Female,UG,Auditory,2.72,70,2,22.5,60,Dynamic Programming,"Sorting & Searching Algorithms, Greedy Algorithms & Backtracking, Stacks & Queues, Graph Algorithms, Dynamic Programming, Trees & Binary Search Trees",96,1,Easy,M1 -> M3 -> M6,94,66,Good,Sorting & Searching Algorithms
STU1297,Yash Sharma,26,Female,PG,Auditory,3.06,85,2,56.5,60,Dynamic Programming,"Arrays & Hash Maps, Dynamic Programming, System Design Basics & Caching, Sorting & Searching Algorithms, Graph Algorithms, Greedy Algorithms & Backtracking",86,0,Medium,M1 -> M3 -> M6,71,94,Good,Greedy Algorithms & Backtracking
STU1298,Noah Jones,25,Female,UG,Kinesthetic,2.75,67,5,55.2,10,Trees & Binary Search Trees,Machine Learning Foundations,86,1,Easy,M1 -> M3 -> M6,98,71,Good,Machine Learning Foundations
STU1299,Rohan Patel,18,Female,High School,Auditory,2.25,76,2,25.4,90,Machine Learning Foundations,"Dynamic Programming, Stacks & Queues, System Design Basics & Caching, Sorting & Searching Algorithms, Arrays & Hash Maps, Trees & Binary Search Trees, Linked Lists & Doubly Linked Lists, Graph Algorithms, Machine Learning Foundations",75,0,Easy,M1 -> M4 -> M6,78,74,Good,Trees & Binary Search Trees
STU1300,Arjun Sharma,24,Male,UG,Kinesthetic,3.97,76,2,30.3,50,Trees & Binary Search Trees,"Arrays & Hash Maps, Dynamic Programming, Sorting & Searching Algorithms, Greedy Algorithms & Backtracking, Linked Lists & Doubly Linked Lists",94,3,Easy,M1 -> M4 -> M5,74,82,Good,Greedy Algorithms & Backtracking
STU1301,Karan Mehta,25,Male,High School,Auditory,3.72,61,4,50.1,50,Graph Algorithms,"System Design Basics & Caching, Machine Learning Foundations, Sorting & Searching Algorithms, Stacks & Queues, Graph Algorithms",81,1,Medium,M1 -> M3 -> M4,81,60,Fair,Machine Learning Foundations
STU1302,Mason Singh,26,Male,UG,Visual,3.95,86,5,38.9,70,Graph Algorithms,"Stacks & Queues, Sorting & Searching Algorithms, System Design Basics & Caching, Dynamic Programming, Arrays & Hash Maps, Trees & Binary Search Trees, Graph Algorithms",88,4,Hard,M1 -> M2 -> M4,88,80,Good,Greedy Algorithms & Backtracking
STU1303,Neha Gupta,21,Male,UG,Visual,3.8,69,4,58.4,20,Machine Learning Foundations,"Sorting & Searching Algorithms, System Design Basics & Caching",73,4,Hard,M1 -> M4 -> M5,86,74,Fair,Stacks & Queues
STU1304,Neha Miller,25,Male,PG,Visual,2.5,60,2,40.9,30,Graph Algorithms,"Machine Learning Foundations, Sorting & Searching Algorithms, Dynamic Programming",67,3,Easy,M1 -> M3 -> M5,83,50,Good,Stacks & Queues
STU1305,Sneha Joshi,20,Male,UG,Visual,2.04,80,4,29.0,20,Arrays & Hash Maps,"Stacks & Queues, System Design Basics & Caching",65,1,Hard,M1 -> M4 -> M4,92,90,Good,Greedy Algorithms & Backtracking
STU1306,Noah Sharma,19,Female,UG,Auditory,2.73,58,1,17.5,50,Linked Lists & Doubly Linked Lists,"Dynamic Programming, Graph Algorithms, Greedy Algorithms & Backtracking, System Design Basics & Caching, Linked Lists & Doubly Linked Lists",77,3,Hard,M1 -> M3 -> M6,70,51,Fair,Linked Lists & Doubly Linked Lists
STU1307,Kavya Kumar,24,Female,UG,Auditory,2.34,72,1,36.7,10,Trees & Binary Search Trees,Dynamic Programming,81,2,Hard,M1 -> M2 -> M4,100,73,Fair,Sorting & Searching Algorithms
STU1308,Siddharth Garcia,20,Male,PG,Kinesthetic,2.43,71,2,21.1,90,Arrays & Hash Maps,"Dynamic Programming, Arrays & Hash Maps, Linked Lists & Doubly Linked Lists, Machine Learning Foundations, Stacks & Queues, Sorting & Searching Algorithms, Trees & Binary Search Trees, Graph Algorithms, System Design Basics & Caching",91,0,Easy,M1 -> M4 -> M6,89,81,Good,Machine Learning Foundations
STU1309,Dev Sharma,19,Female,High School,Kinesthetic,2.21,88,1,40.7,70,Greedy Algorithms & Backtracking,"Machine Learning Foundations, Greedy Algorithms & Backtracking, Stacks & Queues, Arrays & Hash Maps, Graph Algorithms, Linked Lists & Doubly Linked Lists, System Design Basics & Caching",62,0,Hard,M1 -> M2 -> M6,93,89,Excellent,System Design Basics & Caching
STU1310,Rahul Mehta,21,Male,PG,Auditory,3.68,79,5,55.9,50,Machine Learning Foundations,"Trees & Binary Search Trees, Greedy Algorithms & Backtracking, Sorting & Searching Algorithms, Graph Algorithms, Linked Lists & Doubly Linked Lists",81,4,Easy,M1 -> M3 -> M4,83,75,Excellent,Greedy Algorithms & Backtracking
STU1311,Olivia Martinez,25,Male,UG,Kinesthetic,2.33,71,4,28.6,10,Greedy Algorithms & Backtracking,Sorting & Searching Algorithms,67,2,Easy,M1 -> M4 -> M5,88,74,Good,Machine Learning Foundations
STU1312,Neha Williams,20,Female,PG,Visual,3.03,84,4,36.6,90,Trees & Binary Search Trees,"Linked Lists & Doubly Linked Lists, Stacks & Queues, Graph Algorithms, Sorting & Searching Algorithms, Greedy Algorithms & Backtracking, Trees & Binary Search Trees, Dynamic Programming, Arrays & Hash Maps, Machine Learning Foundations",76,2,Medium,M1 -> M2 -> M6,97,83,Excellent,Greedy Algorithms & Backtracking
STU1313,Pooja Jones,26,Female,High School,Kinesthetic,3.95,92,5,54.0,70,Sorting & Searching Algorithms,"Greedy Algorithms & Backtracking, Linked Lists & Doubly Linked Lists, Sorting & Searching Algorithms, Trees & Binary Search Trees, Machine Learning Foundations, Stacks & Queues, System Design Basics & Caching",62,1,Easy,M1 -> M4 -> M4,78,99,Excellent,Graph Algorithms
STU1314,Alex Sharma,22,Male,UG,Auditory,3.16,80,3,36.7,70,Arrays & Hash Maps,"Arrays & Hash Maps, Machine Learning Foundations, Graph Algorithms, System Design Basics & Caching, Greedy Algorithms & Backtracking, Dynamic Programming, Trees & Binary Search Trees",90,3,Hard,M1 -> M3 -> M6,96,74,Excellent,Trees & Binary Search Trees
STU1315,Rahul Johnson,22,Male,High School,Visual,2.83,72,4,25.9,100,Trees & Binary Search Trees,"Arrays & Hash Maps, Linked Lists & Doubly Linked Lists, Graph Algorithms, Dynamic Programming, Sorting & Searching Algorithms, Machine Learning Foundations, Greedy Algorithms & Backtracking, Stacks & Queues, System Design Basics & Caching, Trees & Binary Search Trees",67,3,Easy,M1 -> M3 -> M5,78,77,Fair,Stacks & Queues
STU1316,Ava Smith,24,Male,High School,Kinesthetic,2.13,52,5,59.3,50,Stacks & Queues,"Machine Learning Foundations, Trees & Binary Search Trees, System Design Basics & Caching, Stacks & Queues, Graph Algorithms",77,3,Hard,M1 -> M2 -> M6,90,49,Fail,Arrays & Hash Maps
STU1317,Ethan Smith,24,Female,PG,Auditory,3.58,56,2,22.5,20,Sorting & Searching Algorithms,"Trees & Binary Search Trees, Arrays & Hash Maps",70,5,Easy,M1 -> M3 -> M5,71,52,Fail,Linked Lists & Doubly Linked Lists
STU1318,Rahul Martinez,18,Male,PG,Kinesthetic,2.11,67,4,37.6,50,Greedy Algorithms & Backtracking,"Dynamic Programming, Linked Lists & Doubly Linked Lists, Graph Algorithms, Stacks & Queues, System Design Basics & Caching",75,5,Easy,M1 -> M3 -> M6,92,66,Good,Machine Learning Foundations
STU1319,Neha Mehta,19,Female,PG,Auditory,3.2,62,3,51.5,10,Dynamic Programming,Greedy Algorithms & Backtracking,77,4,Hard,M1 -> M3 -> M4,88,64,Fair,Sorting & Searching Algorithms
STU1320,Yash Sharma,22,Female,High School,Kinesthetic,3.56,69,5,19.4,100,Stacks & Queues,"Sorting & Searching Algorithms, Stacks & Queues, Greedy Algorithms & Backtracking, Graph Algorithms, Machine Learning Foundations, Linked Lists & Doubly Linked Lists, System Design Basics & Caching, Dynamic Programming, Arrays & Hash Maps, Trees & Binary Search Trees",74,1,Easy,M1 -> M3 -> M5,90,65,Fair,Sorting & Searching Algorithms
STU1321,Ananya Kumar,21,Female,UG,Visual,3.69,72,5,39.2,30,Graph Algorithms,"Greedy Algorithms & Backtracking, Graph Algorithms, Arrays & Hash Maps",72,5,Easy,M1 -> M2 -> M4,81,63,Fair,Stacks & Queues
STU1322,Karan Patel,24,Male,High School,Visual,3.64,79,5,53.7,60,Linked Lists & Doubly Linked Lists,"Arrays & Hash Maps, Greedy Algorithms & Backtracking, Linked Lists & Doubly Linked Lists, Stacks & Queues, Dynamic Programming, Sorting & Searching Algorithms",63,4,Easy,M1 -> M4 -> M6,78,73,Excellent,Trees & Binary Search Trees
STU1323,Rahul Rao,23,Female,UG,Visual,2.16,70,2,52.0,100,Stacks & Queues,"Sorting & Searching Algorithms, Machine Learning Foundations, Linked Lists & Doubly Linked Lists, Greedy Algorithms & Backtracking, Stacks & Queues, Dynamic Programming, Arrays & Hash Maps, Graph Algorithms, Trees & Binary Search Trees, System Design Basics & Caching",82,0,Medium,M1 -> M4 -> M6,89,68,Fair,Stacks & Queues
STU1324,Isabella Patel,25,Male,UG,Kinesthetic,2.99,79,5,43.4,60,Sorting & Searching Algorithms,"Greedy Algorithms & Backtracking, Linked Lists & Doubly Linked Lists, Dynamic Programming, Trees & Binary Search Trees, System Design Basics & Caching, Sorting & Searching Algorithms",68,2,Hard,M1 -> M3 -> M4,83,73,Good,Greedy Algorithms & Backtracking
STU1325,Ava Patel,26,Female,PG,Auditory,2.47,72,1,29.1,30,Arrays & Hash Maps,"Arrays & Hash Maps, Greedy Algorithms & Backtracking, Dynamic Programming",78,1,Hard,M1 -> M4 -> M5,90,75,Good,Machine Learning Foundations
STU1326,Pooja Jones,25,Male,UG,Visual,3.37,42,4,48.0,70,Arrays & Hash Maps,"System Design Basics & Caching, Arrays & Hash Maps, Machine Learning Foundations, Greedy Algorithms & Backtracking, Dynamic Programming, Sorting & Searching Algorithms, Stacks & Queues",63,5,Hard,M1 -> M3 -> M6,86,49,Fail,Arrays & Hash Maps
STU1327,Priya Davis,21,Male,UG,Auditory,3.31,57,1,38.7,70,Trees & Binary Search Trees,"System Design Basics & Caching, Machine Learning Foundations, Linked Lists & Doubly Linked Lists, Trees & Binary Search Trees, Graph Algorithms, Dynamic Programming, Stacks & Queues",82,3,Easy,M1 -> M3 -> M6,91,65,Fail,Linked Lists & Doubly Linked Lists
STU1328,Arjun Smith,24,Male,UG,Auditory,2.35,69,2,47.2,10,Arrays & Hash Maps,Greedy Algorithms & Backtracking,70,0,Medium,M1 -> M4 -> M6,84,63,Fair,Sorting & Searching Algorithms
STU1329,Alex Joshi,25,Male,UG,Auditory,2.57,53,5,41.3,80,System Design Basics & Caching,"Trees & Binary Search Trees, Arrays & Hash Maps, Machine Learning Foundations, System Design Basics & Caching, Greedy Algorithms & Backtracking, Graph Algorithms, Sorting & Searching Algorithms, Stacks & Queues",96,2,Hard,M1 -> M3 -> M6,76,56,Fair,Linked Lists & Doubly Linked Lists
STU1330,Dev Patel,22,Female,UG,Auditory,3.13,80,4,55.2,70,Dynamic Programming,"System Design Basics & Caching, Machine Learning Foundations, Dynamic Programming, Trees & Binary Search Trees, Stacks & Queues, Arrays & Hash Maps, Sorting & Searching Algorithms",65,3,Hard,M1 -> M2 -> M5,89,81,Excellent,Greedy Algorithms & Backtracking
STU1331,Ethan Williams,21,Female,High School,Visual,3.01,94,3,34.3,80,Trees & Binary Search Trees,"Machine Learning Foundations, Stacks & Queues, Arrays & Hash Maps, Sorting & Searching Algorithms, Greedy Algorithms & Backtracking, Linked Lists & Doubly Linked Lists, System Design Basics & Caching, Trees & Binary Search Trees",73,1,Medium,M1 -> M4 -> M5,95,91,Excellent,Dynamic Programming
STU1332,Aarav Joshi,19,Female,UG,Kinesthetic,3.11,90,1,31.7,20,Machine Learning Foundations,"Stacks & Queues, Dynamic Programming",95,3,Easy,M1 -> M2 -> M4,78,81,Excellent,Dynamic Programming
STU1333,Rahul Johnson,22,Female,UG,Visual,3.32,68,5,52.9,60,Graph Algorithms,"Machine Learning Foundations, Arrays & Hash Maps, System Design Basics & Caching, Sorting & Searching Algorithms, Graph Algorithms, Dynamic Programming",96,3,Hard,M1 -> M2 -> M6,85,62,Good,Stacks & Queues
STU1334,Ishita Williams,19,Female,High School,Visual,2.4,94,5,18.6,50,Trees & Binary Search Trees,"System Design Basics & Caching, Trees & Binary Search Trees, Arrays & Hash Maps, Greedy Algorithms & Backtracking, Dynamic Programming",74,2,Easy,M1 -> M3 -> M6,70,99,Excellent,System Design Basics & Caching
STU1335,Liam Nair,19,Female,PG,Kinesthetic,3.92,74,2,31.2,70,Sorting & Searching Algorithms,"Graph Algorithms, Dynamic Programming, System Design Basics & Caching, Linked Lists & Doubly Linked Lists, Machine Learning Foundations, Sorting & Searching Algorithms, Trees & Binary Search Trees",93,4,Easy,M1 -> M2 -> M5,84,74,Fair,Machine Learning Foundations
STU1336,Alex Williams,18,Male,High School,Visual,2.5,66,4,48.5,30,Trees & Binary Search Trees,"Graph Algorithms, Arrays & Hash Maps, Sorting & Searching Algorithms",88,0,Hard,M1 -> M4 -> M5,88,57,Fair,Stacks & Queues
STU1337,Ethan Nair,19,Male,PG,Visual,2.67,62,4,38.7,70,Dynamic Programming,"Dynamic Programming, Arrays & Hash Maps, Linked Lists & Doubly Linked Lists, Machine Learning Foundations, Greedy Algorithms & Backtracking, Sorting & Searching Algorithms, Graph Algorithms",78,2,Medium,M1 -> M4 -> M6,95,58,Fair,Stacks & Queues
STU1338,Riya Patel,23,Male,UG,Auditory,3.22,67,3,39.2,90,Graph Algorithms,"Graph Algorithms, Machine Learning Foundations, Stacks & Queues, Arrays & Hash Maps, Linked Lists & Doubly Linked Lists, Sorting & Searching Algorithms, Greedy Algorithms & Backtracking, Trees & Binary Search Trees, Dynamic Programming",85,1,Medium,M1 -> M3 -> M4,72,66,Fair,Sorting & Searching Algorithms
STU1339,Kavya Verma,21,Male,High School,Kinesthetic,2.06,66,1,42.2,30,Dynamic Programming,"Dynamic Programming, Linked Lists & Doubly Linked Lists, Graph Algorithms",75,5,Easy,M1 -> M3 -> M4,78,70,Fair,Machine Learning Foundations
STU1340,Isabella Patel,26,Male,High School,Kinesthetic,3.61,74,1,58.6,100,Stacks & Queues,"Sorting & Searching Algorithms, Dynamic Programming, Stacks & Queues, Greedy Algorithms & Backtracking, Machine Learning Foundations, Trees & Binary Search Trees, Graph Algorithms, System Design Basics & Caching, Arrays & Hash Maps, Linked Lists & Doubly Linked Lists",74,2,Easy,M1 -> M2 -> M6,73,81,Fair,Stacks & Queues
STU1341,Alex Gupta,22,Male,UG,Visual,3.39,74,5,45.1,40,Stacks & Queues,"Sorting & Searching Algorithms, Linked Lists & Doubly Linked Lists, Greedy Algorithms & Backtracking, Dynamic Programming",79,2,Hard,M1 -> M3 -> M4,93,72,Good,Stacks & Queues
STU1342,Olivia Verma,24,Female,High School,Auditory,3.32,72,3,29.2,90,Greedy Algorithms & Backtracking,"System Design Basics & Caching, Trees & Binary Search Trees, Linked Lists & Doubly Linked Lists, Arrays & Hash Maps, Greedy Algorithms & Backtracking, Dynamic Programming, Stacks & Queues, Sorting & Searching Algorithms, Machine Learning Foundations",68,1,Easy,M1 -> M4 -> M5,84,70,Good,Sorting & Searching Algorithms
STU1343,Aarav Mehta,21,Female,UG,Auditory,3.24,78,5,28.0,100,Machine Learning Foundations,"System Design Basics & Caching, Greedy Algorithms & Backtracking, Arrays & Hash Maps, Graph Algorithms, Linked Lists & Doubly Linked Lists, Sorting & Searching Algorithms, Machine Learning Foundations, Stacks & Queues, Trees & Binary Search Trees, Dynamic Programming",71,5,Medium,M1 -> M2 -> M4,70,75,Excellent,Greedy Algorithms & Backtracking
STU1344,Neha Brown,25,Female,High School,Visual,3.41,89,3,28.3,90,Arrays & Hash Maps,"Sorting & Searching Algorithms, Greedy Algorithms & Backtracking, Dynamic Programming, Linked Lists & Doubly Linked Lists, Arrays & Hash Maps, Machine Learning Foundations, Graph Algorithms, Trees & Binary Search Trees, System Design Basics & Caching",66,1,Medium,M1 -> M3 -> M4,99,88,Excellent,Dynamic Programming
STU1345,Aarav Verma,22,Female,UG,Kinesthetic,2.8,86,4,51.4,100,Graph Algorithms,"System Design Basics & Caching, Dynamic Programming, Graph Algorithms, Greedy Algorithms & Backtracking, Stacks & Queues, Machine Learning Foundations, Arrays & Hash Maps, Linked Lists & Doubly Linked Lists, Trees & Binary Search Trees, Sorting & Searching Algorithms",61,0,Easy,M1 -> M3 -> M4,84,91,Excellent,Greedy Algorithms & Backtracking
STU1346,Noah Mehta,25,Female,PG,Auditory,3.19,49,1,34.9,40,Arrays & Hash Maps,"Greedy Algorithms & Backtracking, System Design Basics & Caching, Linked Lists & Doubly Linked Lists, Arrays & Hash Maps",96,5,Hard,M1 -> M2 -> M5,70,44,Fail,Linked Lists & Doubly Linked Lists
STU1347,Isabella Patel,22,Female,UG,Visual,3.89,33,2,45.0,60,Sorting & Searching Algorithms,"Machine Learning Foundations, Dynamic Programming, Greedy Algorithms & Backtracking, Stacks & Queues, Linked Lists & Doubly Linked Lists, Sorting & Searching Algorithms",93,2,Medium,M1 -> M4 -> M5,100,40,Fair,Linked Lists & Doubly Linked Lists
STU1348,Sneha Rodriguez,19,Female,PG,Visual,3.64,86,5,46.3,40,Sorting & Searching Algorithms,"Trees & Binary Search Trees, Arrays & Hash Maps, System Design Basics & Caching, Stacks & Queues",97,4,Hard,M1 -> M3 -> M4,82,79,Excellent,Greedy Algorithms & Backtracking
STU1349,Sophia Martinez,25,Female,High School,Visual,3.99,51,5,37.3,40,Machine Learning Foundations,"Graph Algorithms, Dynamic Programming, Stacks & Queues, Greedy Algorithms & Backtracking",69,1,Medium,M1 -> M4 -> M5,91,48,Fair,Arrays & Hash Maps
STU1350,Ethan Martinez,20,Female,PG,Auditory,3.11,68,3,40.9,20,Graph Algorithms,"Linked Lists & Doubly Linked Lists, Trees & Binary Search Trees",67,3,Medium,M1 -> M3 -> M4,70,69,Good,Sorting & Searching Algorithms
STU1351,Kavya Davis,19,Female,High School,Auditory,2.93,54,3,16.1,30,Linked Lists & Doubly Linked Lists,"Linked Lists & Doubly Linked Lists, Dynamic Programming, Stacks & Queues",97,4,Medium,M1 -> M3 -> M5,82,50,Fair,Arrays & Hash Maps
STU1352,Ethan Rodriguez,26,Female,High School,Visual,3.88,44,3,44.8,60,Sorting & Searching Algorithms,"Greedy Algorithms & Backtracking, Arrays & Hash Maps, Trees & Binary Search Trees, Graph Algorithms, Sorting & Searching Algorithms, Linked Lists & Doubly Linked Lists",90,5,Medium,M1 -> M4 -> M6,82,52,Fail,Arrays & Hash Maps
STU1353,Rahul Johnson,23,Male,PG,Kinesthetic,2.11,80,4,59.3,10,Machine Learning Foundations,Stacks & Queues,60,0,Easy,M1 -> M4 -> M6,72,80,Good,Greedy Algorithms & Backtracking
STU1354,Riya Patel,24,Male,PG,Auditory,2.39,83,2,15.1,50,Graph Algorithms,"Machine Learning Foundations, System Design Basics & Caching, Linked Lists & Doubly Linked Lists, Greedy Algorithms & Backtracking, Arrays & Hash Maps",95,4,Hard,M1 -> M4 -> M5,89,74,Excellent,Trees & Binary Search Trees
STU1355,Noah Davis,24,Female,High School,Visual,3.35,63,1,37.2,40,Linked Lists & Doubly Linked Lists,"Arrays & Hash Maps, Graph Algorithms, System Design Basics & Caching, Greedy Algorithms & Backtracking",89,5,Hard,M1 -> M3 -> M5,83,55,Good,Stacks & Queues
STU1356,Pooja Singh,20,Male,PG,Kinesthetic,2.27,33,5,47.7,30,Arrays & Hash Maps,"Dynamic Programming, Trees & Binary Search Trees, Linked Lists & Doubly Linked Lists",85,2,Hard,M1 -> M4 -> M6,92,40,Fail,Linked Lists & Doubly Linked Lists
STU1357,Ethan Sharma,20,Male,UG,Auditory,3.53,63,4,53.1,70,Machine Learning Foundations,"Trees & Binary Search Trees, Dynamic Programming, Machine Learning Foundations, Stacks & Queues, Sorting & Searching Algorithms, Graph Algorithms, Arrays & Hash Maps",87,2,Hard,M1 -> M2 -> M6,72,71,Fair,Stacks & Queues
STU1358,Sophia Mehta,20,Female,High School,Kinesthetic,2.3,77,5,53.1,70,Greedy Algorithms & Backtracking,"Linked Lists & Doubly Linked Lists, Stacks & Queues, Dynamic Programming, Graph Algorithms, Machine Learning Foundations, Trees & Binary Search Trees, System Design Basics & Caching",96,2,Easy,M1 -> M2 -> M5,99,86,Good,Trees & Binary Search Trees
STU1359,Riya Nair,22,Female,PG,Kinesthetic,2.56,49,1,18.3,40,Dynamic Programming,"System Design Basics & Caching, Dynamic Programming, Linked Lists & Doubly Linked Lists, Machine Learning Foundations",74,1,Hard,M1 -> M4 -> M6,70,49,Fail,Linked Lists & Doubly Linked Lists
STU1360,Tanvi Garcia,25,Male,UG,Auditory,3.4,74,2,15.7,100,Arrays & Hash Maps,"Dynamic Programming, Stacks & Queues, Greedy Algorithms & Backtracking, Graph Algorithms, Trees & Binary Search Trees, Machine Learning Foundations, Arrays & Hash Maps, Sorting & Searching Algorithms, Linked Lists & Doubly Linked Lists, System Design Basics & Caching",77,3,Medium,M1 -> M2 -> M4,75,76,Good,Sorting & Searching Algorithms
STU1361,Arjun Sharma,21,Male,High School,Auditory,3.02,71,5,29.4,20,System Design Basics & Caching,"Arrays & Hash Maps, Stacks & Queues",99,4,Hard,M1 -> M3 -> M4,84,79,Good,Sorting & Searching Algorithms
STU1362,Vikram Martinez,23,Female,PG,Auditory,3.53,80,4,27.1,20,Machine Learning Foundations,"Stacks & Queues, Graph Algorithms",65,0,Easy,M1 -> M3 -> M4,92,86,Excellent,Trees & Binary Search Trees
STU1363,Riya Singh,23,Female,PG,Auditory,3.73,73,5,28.1,20,Linked Lists & Doubly Linked Lists,"Stacks & Queues, Sorting & Searching Algorithms",70,1,Medium,M1 -> M4 -> M4,82,70,Fair,Sorting & Searching Algorithms
STU1364,Ananya Miller,20,Male,PG,Auditory,3.99,57,1,22.7,90,Stacks & Queues,"System Design Basics & Caching, Greedy Algorithms & Backtracking, Trees & Binary Search Trees, Dynamic Programming, Linked Lists & Doubly Linked Lists, Arrays & Hash Maps, Graph Algorithms, Sorting & Searching Algorithms, Machine Learning Foundations",88,1,Medium,M1 -> M3 -> M6,74,52,Fair,Linked Lists & Doubly Linked Lists
STU1365,Aarav Garcia,20,Male,High School,Kinesthetic,2.9,89,2,39.5,10,System Design Basics & Caching,Graph Algorithms,76,5,Medium,M1 -> M4 -> M4,89,92,Excellent,System Design Basics & Caching
STU1366,Noah Joshi,24,Female,High School,Visual,3.25,69,1,38.1,60,Sorting & Searching Algorithms,"Sorting & Searching Algorithms, Linked Lists & Doubly Linked Lists, Arrays & Hash Maps, Greedy Algorithms & Backtracking, Stacks & Queues, Dynamic Programming",99,2,Easy,M1 -> M4 -> M4,83,64,Good,Stacks & Queues
STU1367,Vikram Verma,18,Male,UG,Visual,3.99,71,2,48.6,30,Stacks & Queues,"Trees & Binary Search Trees, Sorting & Searching Algorithms, Arrays & Hash Maps",93,1,Hard,M1 -> M4 -> M4,78,67,Good,Stacks & Queues
STU1368,Dev Smith,21,Male,UG,Kinesthetic,2.28,58,5,32.3,90,Arrays & Hash Maps,"Machine Learning Foundations, Linked Lists & Doubly Linked Lists, Dynamic Programming, Sorting & Searching Algorithms, Trees & Binary Search Trees, System Design Basics & Caching, Arrays & Hash Maps, Graph Algorithms, Stacks & Queues",95,3,Easy,M1 -> M2 -> M4,97,48,Fair,Arrays & Hash Maps
STU1369,Aditya Johnson,22,Female,High School,Visual,2.78,65,3,50.5,70,Dynamic Programming,"Graph Algorithms, Greedy Algorithms & Backtracking, Arrays & Hash Maps, System Design Basics & Caching, Sorting & Searching Algorithms, Machine Learning Foundations, Stacks & Queues",81,4,Medium,M1 -> M3 -> M5,74,73,Fair,Sorting & Searching Algorithms
STU1370,Riya Kumar,26,Male,PG,Visual,2.59,58,1,44.4,20,Sorting & Searching Algorithms,"Arrays & Hash Maps, Sorting & Searching Algorithms",86,4,Hard,M1 -> M2 -> M6,94,54,Fair,Linked Lists & Doubly Linked Lists
STU1371,Priya Smith,20,Female,UG,Visual,3.4,69,5,52.7,30,Stacks & Queues,"System Design Basics & Caching, Arrays & Hash Maps, Sorting & Searching Algorithms",72,3,Medium,M1 -> M2 -> M5,93,60,Good,Stacks & Queues
STU1372,Liam Rao,25,Female,High School,Auditory,3.49,97,1,56.2,40,Machine Learning Foundations,"Sorting & Searching Algorithms, Arrays & Hash Maps, Linked Lists & Doubly Linked Lists, System Design Basics & Caching",70,2,Easy,M1 -> M4 -> M5,84,100,Excellent,Dynamic Programming
STU1373,Liam Davis,26,Male,UG,Visual,2.44,51,5,36.2,80,Graph Algorithms,"System Design Basics & Caching, Arrays & Hash Maps, Trees & Binary Search Trees, Machine Learning Foundations, Stacks & Queues, Sorting & Searching Algorithms, Dynamic Programming, Graph Algorithms",94,3,Easy,M1 -> M2 -> M6,81,51,Fail,Linked Lists & Doubly Linked Lists
STU1374,Liam Rao,23,Male,High School,Auditory,3.47,47,5,59.2,60,Machine Learning Foundations,"Dynamic Programming, Greedy Algorithms & Backtracking, Sorting & Searching Algorithms, Trees & Binary Search Trees, Machine Learning Foundations, Graph Algorithms",65,0,Easy,M1 -> M4 -> M6,70,46,Fair,Arrays & Hash Maps
STU1375,Noah Smith,25,Female,High School,Auditory,3.75,94,5,40.7,60,Linked Lists & Doubly Linked Lists,"Linked Lists & Doubly Linked Lists, Dynamic Programming, Arrays & Hash Maps, Graph Algorithms, System Design Basics & Caching, Stacks & Queues",62,0,Easy,M1 -> M4 -> M4,73,90,Excellent,Graph Algorithms
STU1376,Vikram Williams,26,Female,High School,Visual,3.83,68,5,43.6,40,Graph Algorithms,"Greedy Algorithms & Backtracking, Dynamic Programming, Linked Lists & Doubly Linked Lists, Machine Learning Foundations",93,4,Medium,M1 -> M2 -> M6,78,70,Fair,Stacks & Queues
STU1377,Mason Gupta,19,Male,PG,Kinesthetic,3.21,61,2,24.5,80,Machine Learning Foundations,"Machine Learning Foundations, Stacks & Queues, Greedy Algorithms & Backtracking, Arrays & Hash Maps, Sorting & Searching Algorithms, System Design Basics & Caching, Trees & Binary Search Trees, Dynamic Programming",91,5,Medium,M1 -> M2 -> M6,93,71,Good,Machine Learning Foundations
STU1378,Tanvi Martinez,26,Female,PG,Kinesthetic,2.21,87,1,47.0,50,Trees & Binary Search Trees,"Machine Learning Foundations, Greedy Algorithms & Backtracking, Dynamic Programming, Sorting & Searching Algorithms, Linked Lists & Doubly Linked Lists",96,0,Hard,M1 -> M2 -> M5,79,96,Excellent,Greedy Algorithms & Backtracking
STU1379,Yash Martinez,22,Female,UG,Auditory,3.37,62,5,55.8,50,Graph Algorithms,"Graph Algorithms, Linked Lists & Doubly Linked Lists, Arrays & Hash Maps, Trees & Binary Search Trees, Dynamic Programming",70,5,Medium,M1 -> M4 -> M5,90,59,Good,Sorting & Searching Algorithms
STU1380,Ishita Jones,23,Male,PG,Auditory,2.06,99,3,58.0,50,Trees & Binary Search Trees,"Sorting & Searching Algorithms, System Design Basics & Caching, Trees & Binary Search Trees, Graph Algorithms, Dynamic Programming",100,5,Medium,M1 -> M4 -> M4,95,100,Excellent,System Design Basics & Caching
STU1381,Liam Rodriguez,24,Female,PG,Auditory,2.9,82,4,38.7,40,Greedy Algorithms & Backtracking,"Sorting & Searching Algorithms, Dynamic Programming, Linked Lists & Doubly Linked Lists, Trees & Binary Search Trees",73,2,Easy,M1 -> M4 -> M4,84,92,Excellent,Greedy Algorithms & Backtracking
STU1382,Emma Gupta,25,Female,UG,Visual,3.76,64,5,24.8,40,Sorting & Searching Algorithms,"Arrays & Hash Maps, Machine Learning Foundations, Greedy Algorithms & Backtracking, Graph Algorithms",97,1,Easy,M1 -> M3 -> M4,98,60,Good,Stacks & Queues
STU1383,Riya Rodriguez,23,Male,PG,Auditory,3.36,100,1,49.4,10,Stacks & Queues,Trees & Binary Search Trees,68,5,Easy,M1 -> M3 -> M4,84,97,Excellent,Dynamic Programming
STU1384,Karan Smith,19,Female,PG,Auditory,2.31,62,5,29.8,100,Arrays & Hash Maps,"Trees & Binary Search Trees, Stacks & Queues, System Design Basics & Caching, Linked Lists & Doubly Linked Lists, Greedy Algorithms & Backtracking, Machine Learning Foundations, Graph Algorithms, Arrays & Hash Maps, Dynamic Programming, Sorting & Searching Algorithms",62,4,Medium,M1 -> M3 -> M5,92,66,Good,Sorting & Searching Algorithms
STU1385,Ananya Singh,18,Male,UG,Visual,2.94,83,3,57.2,20,Trees & Binary Search Trees,"Dynamic Programming, Graph Algorithms",83,4,Easy,M1 -> M3 -> M4,73,90,Excellent,Greedy Algorithms & Backtracking
STU1386,Yash Mehta,19,Male,UG,Kinesthetic,3.46,76,1,34.7,10,Dynamic Programming,Sorting & Searching Algorithms,85,0,Hard,M1 -> M2 -> M6,77,86,Good,Greedy Algorithms & Backtracking
STU1387,Liam Sharma,23,Female,UG,Auditory,2.84,91,5,30.0,60,Trees & Binary Search Trees,"Arrays & Hash Maps, Graph Algorithms, Sorting & Searching Algorithms, Stacks & Queues, Dynamic Programming, Greedy Algorithms & Backtracking",68,3,Easy,M1 -> M3 -> M5,85,96,Excellent,System Design Basics & Caching
STU1388,Meera Davis,22,Male,High School,Kinesthetic,2.27,95,5,23.0,70,Trees & Binary Search Trees,"Machine Learning Foundations, Arrays & Hash Maps, Graph Algorithms, Sorting & Searching Algorithms, Trees & Binary Search Trees, System Design Basics & Caching, Greedy Algorithms & Backtracking",75,3,Easy,M1 -> M4 -> M6,100,98,Excellent,System Design Basics & Caching
STU1389,Mason Rodriguez,18,Male,PG,Visual,2.3,72,1,58.0,100,Greedy Algorithms & Backtracking,"Sorting & Searching Algorithms, Machine Learning Foundations, Arrays & Hash Maps, Trees & Binary Search Trees, Greedy Algorithms & Backtracking, Dynamic Programming, System Design Basics & Caching, Linked Lists & Doubly Linked Lists, Stacks & Queues, Graph Algorithms",66,1,Hard,M1 -> M3 -> M5,71,76,Fair,Stacks & Queues
STU1390,Riya Martinez,25,Male,High School,Auditory,2.36,60,2,41.5,20,System Design Basics & Caching,"Trees & Binary Search Trees, Machine Learning Foundations",100,0,Hard,M1 -> M4 -> M5,89,54,Fair,Sorting & Searching Algorithms
STU1391,Priya Sharma,23,Male,High School,Auditory,2.17,78,2,38.0,30,Dynamic Programming,"Arrays & Hash Maps, Machine Learning Foundations, Stacks & Queues",89,3,Medium,M1 -> M3 -> M4,79,87,Good,Trees & Binary Search Trees
STU1392,Tanvi Smith,25,Female,High School,Kinesthetic,3.87,61,2,22.1,10,Dynamic Programming,Trees & Binary Search Trees,93,5,Medium,M1 -> M2 -> M4,88,68,Fair,Machine Learning Foundations
STU1393,Ananya Rao,22,Female,PG,Auditory,2.73,100,3,34.8,100,Sorting & Searching Algorithms,"Stacks & Queues, Graph Algorithms, Greedy Algorithms & Backtracking, Trees & Binary Search Trees, Arrays & Hash Maps, System Design Basics & Caching, Dynamic Programming, Machine Learning Foundations, Sorting & Searching Algorithms, Linked Lists & Doubly Linked Lists",100,2,Medium,M1 -> M3 -> M4,84,96,Excellent,System Design Basics & Caching
STU1394,Dev Davis,25,Female,UG,Auditory,3.09,74,4,36.1,90,Graph Algorithms,"Arrays & Hash Maps, Greedy Algorithms & Backtracking, Machine Learning Foundations, Dynamic Programming, Sorting & Searching Algorithms, Graph Algorithms, Stacks & Queues, Linked Lists & Doubly Linked Lists, Trees & Binary Search Trees",63,3,Medium,M1 -> M2 -> M6,74,76,Good,Machine Learning Foundations
STU1395,Siddharth Verma,20,Male,UG,Kinesthetic,3.44,66,1,44.0,70,Graph Algorithms,"Linked Lists & Doubly Linked Lists, Greedy Algorithms & Backtracking, Arrays & Hash Maps, System Design Basics & Caching, Stacks & Queues, Machine Learning Foundations, Trees & Binary Search Trees",87,0,Easy,M1 -> M4 -> M6,95,62,Good,Machine Learning Foundations
STU1396,Rohan Williams,24,Female,UG,Kinesthetic,3.68,74,2,55.4,20,Stacks & Queues,"Greedy Algorithms & Backtracking, System Design Basics & Caching",71,2,Hard,M1 -> M2 -> M5,91,72,Good,Machine Learning Foundations
STU1397,Rohan Williams,18,Male,PG,Kinesthetic,2.17,51,4,54.3,100,System Design Basics & Caching,"Graph Algorithms, System Design Basics & Caching, Arrays & Hash Maps, Machine Learning Foundations, Trees & Binary Search Trees, Greedy Algorithms & Backtracking, Dynamic Programming, Linked Lists & Doubly Linked Lists, Sorting & Searching Algorithms, Stacks & Queues",66,2,Easy,M1 -> M3 -> M6,93,42,Fair,Arrays & Hash Maps
STU1398,Meera Rao,18,Female,High School,Visual,2.85,57,1,29.7,90,Machine Learning Foundations,"Sorting & Searching Algorithms, Greedy Algorithms & Backtracking, Dynamic Programming, Trees & Binary Search Trees, Machine Learning Foundations, Linked Lists & Doubly Linked Lists, Stacks & Queues, Graph Algorithms, Arrays & Hash Maps",64,0,Easy,M1 -> M4 -> M5,96,50,Fail,Arrays & Hash Maps
STU1399,Meera Davis,23,Male,PG,Visual,2.02,90,3,40.4,10,Stacks & Queues,Sorting & Searching Algorithms,70,5,Hard,M1 -> M4 -> M4,91,99,Excellent,System Design Basics & Caching
STU1400,Neha Verma,19,Male,PG,Visual,3.24,62,4,29.5,80,Sorting & Searching Algorithms,"Machine Learning Foundations, Greedy Algorithms & Backtracking, Graph Algorithms, Sorting & Searching Algorithms, Trees & Binary Search Trees, Stacks & Queues, Linked Lists & Doubly Linked Lists, System Design Basics & Caching",88,5,Medium,M1 -> M3 -> M4,91,71,Fair,Stacks & Queues
STU1401,Noah Nair,20,Male,UG,Visual,2.81,56,3,16.8,20,Sorting & Searching Algorithms,"Trees & Binary Search Trees, Greedy Algorithms & Backtracking",83,0,Hard,M1 -> M2 -> M5,94,53,Fail,Arrays & Hash Maps
STU1402,Ava Jones,24,Female,PG,Kinesthetic,3.54,80,4,49.5,100,Greedy Algorithms & Backtracking,"Dynamic Programming, System Design Basics & Caching, Linked Lists & Doubly Linked Lists, Sorting & Searching Algorithms, Machine Learning Foundations, Trees & Binary Search Trees, Arrays & Hash Maps, Stacks & Queues, Greedy Algorithms & Backtracking, Graph Algorithms",89,2,Medium,M1 -> M3 -> M6,89,82,Good,Greedy Algorithms & Backtracking
STU1403,Siddharth Miller,19,Female,UG,Kinesthetic,3.22,89,3,29.9,90,Arrays & Hash Maps,"Trees & Binary Search Trees, Sorting & Searching Algorithms, Dynamic Programming, Linked Lists & Doubly Linked Lists, Stacks & Queues, Arrays & Hash Maps, System Design Basics & Caching, Greedy Algorithms & Backtracking, Machine Learning Foundations",96,4,Easy,M1 -> M3 -> M4,78,90,Excellent,Dynamic Programming
STU1404,Noah Mehta,23,Male,UG,Kinesthetic,3.18,82,5,31.7,20,Linked Lists & Doubly Linked Lists,"Linked Lists & Doubly Linked Lists, Arrays & Hash Maps",64,4,Hard,M1 -> M4 -> M6,91,82,Excellent,Greedy Algorithms & Backtracking
STU1405,Pooja Mehta,20,Male,High School,Auditory,3.65,86,3,46.2,70,Linked Lists & Doubly Linked Lists,"System Design Basics & Caching, Trees & Binary Search Trees, Arrays & Hash Maps, Dynamic Programming, Sorting & Searching Algorithms, Machine Learning Foundations, Linked Lists & Doubly Linked Lists",94,0,Hard,M1 -> M2 -> M4,97,89,Good,Trees & Binary Search Trees
STU1406,Aditya Singh,23,Female,PG,Visual,2.02,60,5,21.3,60,Graph Algorithms,"System Design Basics & Caching, Stacks & Queues, Greedy Algorithms & Backtracking, Dynamic Programming, Graph Algorithms, Arrays & Hash Maps",64,2,Hard,M1 -> M4 -> M6,78,64,Good,Stacks & Queues
STU1407,Ishita Williams,18,Female,High School,Kinesthetic,2.5,50,4,18.5,80,Linked Lists & Doubly Linked Lists,"Greedy Algorithms & Backtracking, System Design Basics & Caching, Graph Algorithms, Sorting & Searching Algorithms, Trees & Binary Search Trees, Linked Lists & Doubly Linked Lists, Arrays & Hash Maps, Machine Learning Foundations",71,3,Easy,M1 -> M3 -> M5,89,45,Fail,Arrays & Hash Maps
STU1408,Riya Jones,24,Female,PG,Kinesthetic,3.05,94,2,27.5,80,Sorting & Searching Algorithms,"Graph Algorithms, Machine Learning Foundations, Sorting & Searching Algorithms, System Design Basics & Caching, Stacks & Queues, Trees & Binary Search Trees, Greedy Algorithms & Backtracking, Arrays & Hash Maps",67,4,Hard,M1 -> M2 -> M6,92,90,Excellent,Dynamic Programming
STU1409,Riya Sharma,23,Female,High School,Kinesthetic,2.91,67,4,55.3,20,Machine Learning Foundations,"Trees & Binary Search Trees, Graph Algorithms",93,4,Medium,M1 -> M4 -> M5,85,76,Good,Stacks & Queues
STU1410,Sneha Brown,23,Female,High School,Visual,3.96,68,1,44.6,70,System Design Basics & Caching,"Dynamic Programming, Stacks & Queues, System Design Basics & Caching, Sorting & Searching Algorithms, Linked Lists & Doubly Linked Lists, Arrays & Hash Maps, Trees & Binary Search Trees",81,4,Easy,M1 -> M3 -> M4,82,59,Fair,Stacks & Queues
STU1411,Rahul Singh,25,Female,High School,Visual,2.11,91,4,54.2,80,Stacks & Queues,"Greedy Algorithms & Backtracking, Linked Lists & Doubly Linked Lists, Dynamic Programming, Sorting & Searching Algorithms, Machine Learning Foundations, System Design Basics & Caching, Stacks & Queues, Graph Algorithms",82,3,Easy,M1 -> M2 -> M4,90,83,Excellent,System Design Basics & Caching
STU1412,Vikram Davis,18,Female,PG,Visual,3.12,80,5,29.9,80,System Design Basics & Caching,"Arrays & Hash Maps, Dynamic Programming, System Design Basics & Caching, Machine Learning Foundations, Stacks & Queues, Sorting & Searching Algorithms, Graph Algorithms, Trees & Binary Search Trees",85,3,Medium,M1 -> M3 -> M6,72,86,Excellent,Greedy Algorithms & Backtracking
STU1413,Isabella Sharma,20,Male,UG,Visual,2.15,78,5,16.9,30,System Design Basics & Caching,"System Design Basics & Caching, Dynamic Programming, Machine Learning Foundations",80,4,Hard,M1 -> M2 -> M6,98,73,Excellent,Greedy Algorithms & Backtracking
STU1414,Liam Davis,22,Female,High School,Auditory,2.31,100,2,24.4,40,Linked Lists & Doubly Linked Lists,"Trees & Binary Search Trees, Stacks & Queues, Greedy Algorithms & Backtracking, Arrays & Hash Maps",70,0,Hard,M1 -> M3 -> M5,83,99,Excellent,System Design Basics & Caching
STU1415,Rahul Jones,25,Female,High School,Auditory,3.89,62,2,21.7,60,Stacks & Queues,"Greedy Algorithms & Backtracking, Stacks & Queues, Machine Learning Foundations, Sorting & Searching Algorithms, Trees & Binary Search Trees, Arrays & Hash Maps",92,3,Easy,M1 -> M3 -> M5,100,52,Fair,Sorting & Searching Algorithms
STU1416,Riya Kumar,26,Male,High School,Auditory,3.28,85,2,53.6,60,Sorting & Searching Algorithms,"Greedy Algorithms & Backtracking, Trees & Binary Search Trees, Sorting & Searching Algorithms, System Design Basics & Caching, Linked Lists & Doubly Linked Lists, Machine Learning Foundations",88,3,Medium,M1 -> M2 -> M5,76,85,Good,Trees & Binary Search Trees
STU1417,Siddharth Johnson,25,Male,High School,Visual,3.55,72,4,56.5,40,Stacks & Queues,"Stacks & Queues, System Design Basics & Caching, Sorting & Searching Algorithms, Dynamic Programming",61,2,Easy,M1 -> M2 -> M6,80,72,Good,Stacks & Queues
STU1418,Karan Rao,24,Male,PG,Auditory,3.78,76,5,34.0,80,Arrays & Hash Maps,"Graph Algorithms, Linked Lists & Doubly Linked Lists, System Design Basics & Caching, Trees & Binary Search Trees, Dynamic Programming, Machine Learning Foundations, Arrays & Hash Maps, Greedy Algorithms & Backtracking",78,3,Medium,M1 -> M2 -> M6,96,76,Excellent,Greedy Algorithms & Backtracking
STU1419,Arjun Martinez,18,Female,UG,Kinesthetic,3.34,94,2,43.1,50,Dynamic Programming,"Greedy Algorithms & Backtracking, Trees & Binary Search Trees, System Design Basics & Caching, Linked Lists & Doubly Linked Lists, Sorting & Searching Algorithms",64,5,Medium,M1 -> M4 -> M6,81,100,Excellent,Dynamic Programming
STU1420,Dev Jones,18,Male,PG,Auditory,3.78,79,4,27.4,40,Machine Learning Foundations,"Graph Algorithms, Sorting & Searching Algorithms, Machine Learning Foundations, Linked Lists & Doubly Linked Lists",91,3,Easy,M1 -> M2 -> M4,100,70,Good,Greedy Algorithms & Backtracking
STU1421,Sneha Mehta,26,Male,PG,Visual,2.48,80,3,55.1,90,Greedy Algorithms & Backtracking,"Linked Lists & Doubly Linked Lists, Dynamic Programming, Stacks & Queues, Graph Algorithms, Machine Learning Foundations, Sorting & Searching Algorithms, Greedy Algorithms & Backtracking, System Design Basics & Caching, Arrays & Hash Maps",95,0,Easy,M1 -> M3 -> M4,84,78,Good,Trees & Binary Search Trees
STU1422,Ethan Joshi,23,Female,UG,Visual,2.26,88,4,44.7,80,Greedy Algorithms & Backtracking,"Stacks & Queues, System Design Basics & Caching, Greedy Algorithms & Backtracking, Arrays & Hash Maps, Machine Learning Foundations, Trees & Binary Search Trees, Sorting & Searching Algorithms, Graph Algorithms",83,3,Medium,M1 -> M4 -> M6,81,93,Excellent,System Design Basics & Caching
STU1423,Karan Rodriguez,23,Female,UG,Visual,3.78,66,5,31.4,60,Trees & Binary Search Trees,"Dynamic Programming, Stacks & Queues, Linked Lists & Doubly Linked Lists, Trees & Binary Search Trees, Arrays & Hash Maps, System Design Basics & Caching",78,0,Medium,M1 -> M2 -> M6,74,67,Good,Stacks & Queues
STU1424,Rahul Verma,25,Male,High School,Auditory,3.3,59,1,28.5,20,Linked Lists & Doubly Linked Lists,"Machine Learning Foundations, Stacks & Queues",83,3,Easy,M1 -> M3 -> M4,95,55,Fair,Linked Lists & Doubly Linked Lists
STU1425,Ananya Singh,25,Female,PG,Auditory,2.93,56,2,28.5,10,System Design Basics & Caching,System Design Basics & Caching,63,1,Easy,M1 -> M4 -> M4,93,48,Fair,Linked Lists & Doubly Linked Lists
STU1426,Olivia Kumar,22,Female,High School,Kinesthetic,3.4,42,5,55.6,100,Trees & Binary Search Trees,"Dynamic Programming, Trees & Binary Search Trees, Graph Algorithms, Sorting & Searching Algorithms, Arrays & Hash Maps, Greedy Algorithms & Backtracking, Stacks & Queues, Machine Learning Foundations, System Design Basics & Caching, Linked Lists & Doubly Linked Lists",83,5,Hard,M1 -> M3 -> M5,80,50,Fail,Arrays & Hash Maps
STU1427,Yash Verma,18,Female,UG,Kinesthetic,3.83,100,3,28.6,20,Stacks & Queues,"Trees & Binary Search Trees, Stacks & Queues",60,0,Easy,M1 -> M4 -> M4,76,99,Excellent,Graph Algorithms
STU1428,Sophia Mehta,22,Female,UG,Visual,2.4,55,3,51.9,100,Machine Learning Foundations,"Dynamic Programming, Stacks & Queues, Greedy Algorithms & Backtracking, Trees & Binary Search Trees, Graph Algorithms, Machine Learning Foundations, Arrays & Hash Maps, Sorting & Searching Algorithms, Linked Lists & Doubly Linked Lists, System Design Basics & Caching",67,0,Hard,M1 -> M4 -> M4,92,51,Fail,Arrays & Hash Maps
STU1429,Siddharth Patel,21,Male,High School,Auditory,3.18,68,5,47.0,50,System Design Basics & Caching,"Arrays & Hash Maps, Stacks & Queues, Machine Learning Foundations, Graph Algorithms, Dynamic Programming",97,3,Easy,M1 -> M3 -> M4,73,76,Good,Sorting & Searching Algorithms
STU1430,Priya Rodriguez,18,Male,High School,Kinesthetic,2.43,67,4,54.6,60,Dynamic Programming,"System Design Basics & Caching, Trees & Binary Search Trees, Linked Lists & Doubly Linked Lists, Machine Learning Foundations, Greedy Algorithms & Backtracking, Sorting & Searching Algorithms",100,3,Easy,M1 -> M4 -> M6,99,72,Good,Machine Learning Foundations
STU1431,Rohan Sharma,21,Male,PG,Visual,3.78,76,2,27.3,80,Graph Algorithms,"Arrays & Hash Maps, Sorting & Searching Algorithms, Machine Learning Foundations, Greedy Algorithms & Backtracking, Linked Lists & Doubly Linked Lists, System Design Basics & Caching, Graph Algorithms, Dynamic Programming",76,4,Medium,M1 -> M3 -> M4,98,82,Good,Greedy Algorithms & Backtracking
STU1432,Meera Williams,23,Male,PG,Auditory,2.91,84,1,52.1,30,Sorting & Searching Algorithms,"Greedy Algorithms & Backtracking, Stacks & Queues, Trees & Binary Search Trees",73,0,Hard,M1 -> M4 -> M5,86,76,Good,Greedy Algorithms & Backtracking
STU1433,Rohan Verma,23,Female,High School,Visual,3.52,84,4,56.1,100,Machine Learning Foundations,"Dynamic Programming, Trees & Binary Search Trees, Arrays & Hash Maps, System Design Basics & Caching, Machine Learning Foundations, Sorting & Searching Algorithms, Greedy Algorithms & Backtracking, Graph Algorithms, Linked Lists & Doubly Linked Lists, Stacks & Queues",85,3,Easy,M1 -> M4 -> M4,76,88,Good,Trees & Binary Search Trees
STU1434,Ananya Sharma,25,Male,PG,Kinesthetic,2.64,63,4,54.0,10,Arrays & Hash Maps,Machine Learning Foundations,64,2,Easy,M1 -> M2 -> M4,76,62,Good,Machine Learning Foundations
STU1435,Vikram Sharma,24,Female,PG,Auditory,2.59,69,2,21.4,90,System Design Basics & Caching,"System Design Basics & Caching, Trees & Binary Search Trees, Stacks & Queues, Linked Lists & Doubly Linked Lists, Machine Learning Foundations, Greedy Algorithms & Backtracking, Arrays & Hash Maps, Graph Algorithms, Dynamic Programming",80,4,Hard,M1 -> M4 -> M5,100,69,Fair,Sorting & Searching Algorithms
STU1436,Sophia Nair,23,Female,High School,Visual,3.24,76,2,56.4,20,Machine Learning Foundations,"Dynamic Programming, Arrays & Hash Maps",93,1,Hard,M1 -> M3 -> M5,87,72,Good,Trees & Binary Search Trees
STU1437,Tanvi Garcia,21,Female,PG,Kinesthetic,2.39,68,2,33.5,40,System Design Basics & Caching,"Arrays & Hash Maps, Machine Learning Foundations, Graph Algorithms, Sorting & Searching Algorithms",88,2,Hard,M1 -> M3 -> M5,83,73,Good,Machine Learning Foundations
STU1438,Liam Nair,19,Female,High School,Auditory,3.53,96,4,30.0,30,Arrays & Hash Maps,"Dynamic Programming, Trees & Binary Search Trees, Linked Lists & Doubly Linked Lists",70,4,Easy,M1 -> M3 -> M4,78,97,Excellent,Graph Algorithms
STU1439,Siddharth Rao,18,Male,High School,Kinesthetic,3.55,79,3,47.0,50,Linked Lists & Doubly Linked Lists,"Sorting & Searching Algorithms, Greedy Algorithms & Backtracking, Stacks & Queues, Graph Algorithms, Arrays & Hash Maps",84,0,Medium,M1 -> M2 -> M5,99,69,Good,Greedy Algorithms & Backtracking
STU1440,Ava Joshi,24,Male,High School,Kinesthetic,3.22,83,3,55.9,70,Arrays & Hash Maps,"Sorting & Searching Algorithms, Machine Learning Foundations, System Design Basics & Caching, Greedy Algorithms & Backtracking, Dynamic Programming, Stacks & Queues, Trees & Binary Search Trees",71,5,Medium,M1 -> M3 -> M6,99,80,Good,Trees & Binary Search Trees
STU1441,Meera Jones,19,Female,High School,Visual,2.58,81,4,16.3,50,Sorting & Searching Algorithms,"Graph Algorithms, Sorting & Searching Algorithms, System Design Basics & Caching, Greedy Algorithms & Backtracking, Trees & Binary Search Trees",74,0,Hard,M1 -> M4 -> M5,74,75,Good,Trees & Binary Search Trees
STU1442,Meera Singh,21,Female,PG,Auditory,3.81,89,5,25.4,30,Linked Lists & Doubly Linked Lists,"Greedy Algorithms & Backtracking, Trees & Binary Search Trees, Dynamic Programming",83,5,Medium,M1 -> M2 -> M6,96,99,Excellent,Graph Algorithms
STU1443,Dev Sharma,21,Female,High School,Kinesthetic,3.21,74,5,20.1,20,Dynamic Programming,"Sorting & Searching Algorithms, Arrays & Hash Maps",72,3,Medium,M1 -> M2 -> M4,96,80,Good,Machine Learning Foundations
STU1444,Alex Nair,26,Female,High School,Kinesthetic,3.92,52,5,30.1,80,Arrays & Hash Maps,"Arrays & Hash Maps, Dynamic Programming, Stacks & Queues, System Design Basics & Caching, Trees & Binary Search Trees, Graph Algorithms, Greedy Algorithms & Backtracking, Sorting & Searching Algorithms",67,2,Hard,M1 -> M3 -> M5,93,54,Fair,Arrays & Hash Maps
STU1445,Riya Rodriguez,23,Female,High School,Visual,3.96,77,1,33.7,80,Sorting & Searching Algorithms,"Dynamic Programming, Stacks & Queues, Greedy Algorithms & Backtracking, System Design Basics & Caching, Linked Lists & Doubly Linked Lists, Graph Algorithms, Arrays & Hash Maps, Trees & Binary Search Trees",64,5,Medium,M1 -> M3 -> M5,88,76,Good,Trees & Binary Search Trees
STU1446,Liam Smith,20,Male,UG,Kinesthetic,2.24,62,1,45.9,70,Trees & Binary Search Trees,"System Design Basics & Caching, Trees & Binary Search Trees, Stacks & Queues, Machine Learning Foundations, Greedy Algorithms & Backtracking, Graph Algorithms, Dynamic Programming",62,0,Easy,M1 -> M4 -> M4,91,71,Good,Stacks & Queues
STU1447,Ishita Smith,25,Female,High School,Kinesthetic,3.48,64,3,40.2,10,Graph Algorithms,Machine Learning Foundations,65,5,Hard,M1 -> M2 -> M6,98,74,Good,Machine Learning Foundations
STU1448,Ava Mehta,23,Female,High School,Kinesthetic,2.4,80,3,53.7,40,Greedy Algorithms & Backtracking,"Stacks & Queues, System Design Basics & Caching, Greedy Algorithms & Backtracking, Sorting & Searching Algorithms",91,4,Easy,M1 -> M4 -> M4,99,74,Good,Trees & Binary Search Trees
STU1449,Riya Smith,24,Female,PG,Auditory,3.9,90,5,50.6,80,Linked Lists & Doubly Linked Lists,"Linked Lists & Doubly Linked Lists, Sorting & Searching Algorithms, Stacks & Queues, System Design Basics & Caching, Dynamic Programming, Arrays & Hash Maps, Trees & Binary Search Trees, Graph Algorithms",77,0,Hard,M1 -> M2 -> M5,88,83,Excellent,Graph Algorithms
STU1450,Priya Brown,19,Male,UG,Auditory,2.52,72,3,22.8,70,Linked Lists & Doubly Linked Lists,"Linked Lists & Doubly Linked Lists, System Design Basics & Caching, Trees & Binary Search Trees, Arrays & Hash Maps, Graph Algorithms, Greedy Algorithms & Backtracking, Stacks & Queues",79,3,Easy,M1 -> M4 -> M4,85,77,Good,Sorting & Searching Algorithms
STU1451,Ishita Davis,25,Female,High School,Visual,2.94,76,5,58.6,90,Linked Lists & Doubly Linked Lists,"Stacks & Queues, Sorting & Searching Algorithms, Trees & Binary Search Trees, Linked Lists & Doubly Linked Lists, Machine Learning Foundations, Arrays & Hash Maps, Dynamic Programming, Graph Algorithms, System Design Basics & Caching",70,3,Hard,M1 -> M4 -> M5,82,79,Good,Trees & Binary Search Trees
STU1452,Sophia Sharma,20,Female,UG,Kinesthetic,3.69,97,1,49.6,90,Trees & Binary Search Trees,"Machine Learning Foundations, Sorting & Searching Algorithms, Greedy Algorithms & Backtracking, Arrays & Hash Maps, Trees & Binary Search Trees, Stacks & Queues, System Design Basics & Caching, Graph Algorithms, Dynamic Programming",60,0,Easy,M1 -> M4 -> M5,96,100,Excellent,Graph Algorithms
STU1453,Ethan Sharma,25,Male,High School,Auditory,3.04,75,4,56.4,10,System Design Basics & Caching,System Design Basics & Caching,87,4,Easy,M1 -> M3 -> M6,88,81,Good,Trees & Binary Search Trees
STU1454,Sneha Nair,26,Female,PG,Visual,3.34,100,3,17.7,70,Greedy Algorithms & Backtracking,"Graph Algorithms, System Design Basics & Caching, Greedy Algorithms & Backtracking, Dynamic Programming, Trees & Binary Search Trees, Linked Lists & Doubly Linked Lists, Sorting & Searching Algorithms",90,2,Medium,M1 -> M3 -> M5,80,100,Excellent,Dynamic Programming
STU1455,Rahul Brown,25,Female,UG,Kinesthetic,2.55,80,1,23.7,100,System Design Basics & Caching,"Stacks & Queues, System Design Basics & Caching, Linked Lists & Doubly Linked Lists, Trees & Binary Search Trees, Graph Algorithms, Machine Learning Foundations, Dynamic Programming, Greedy Algorithms & Backtracking, Sorting & Searching Algorithms, Arrays & Hash Maps",81,1,Easy,M1 -> M2 -> M5,82,89,Good,Greedy Algorithms & Backtracking
STU1456,Sneha Verma,21,Male,PG,Auditory,3.33,45,1,42.5,50,Sorting & Searching Algorithms,"Stacks & Queues, Sorting & Searching Algorithms, Greedy Algorithms & Backtracking, Linked Lists & Doubly Linked Lists, Dynamic Programming",62,3,Medium,M1 -> M2 -> M6,77,45,Fair,Linked Lists & Doubly Linked Lists
STU1457,Rohan Brown,26,Female,High School,Kinesthetic,2.3,83,5,41.7,80,Dynamic Programming,"Greedy Algorithms & Backtracking, Sorting & Searching Algorithms, Linked Lists & Doubly Linked Lists, Machine Learning Foundations, Stacks & Queues, Graph Algorithms, Dynamic Programming, Trees & Binary Search Trees",61,0,Hard,M1 -> M2 -> M5,99,86,Excellent,Trees & Binary Search Trees
STU1458,Pooja Joshi,21,Male,UG,Auditory,2.46,77,2,49.8,50,Stacks & Queues,"Stacks & Queues, System Design Basics & Caching, Sorting & Searching Algorithms, Greedy Algorithms & Backtracking, Trees & Binary Search Trees",93,1,Easy,M1 -> M3 -> M6,75,77,Good,Greedy Algorithms & Backtracking
STU1459,Noah Rodriguez,21,Male,High School,Visual,3.62,91,2,48.4,80,Arrays & Hash Maps,"Arrays & Hash Maps, System Design Basics & Caching, Graph Algorithms, Linked Lists & Doubly Linked Lists, Sorting & Searching Algorithms, Dynamic Programming, Stacks & Queues, Machine Learning Foundations",60,2,Hard,M1 -> M2 -> M4,73,100,Excellent,Graph Algorithms
STU1460,Alex Davis,26,Male,PG,Auditory,2.73,82,5,43.2,20,Stacks & Queues,"Sorting & Searching Algorithms, Greedy Algorithms & Backtracking",60,2,Hard,M1 -> M2 -> M6,95,92,Excellent,Greedy Algorithms & Backtracking
STU1461,Alex Johnson,19,Female,UG,Kinesthetic,3.32,69,1,31.5,90,Arrays & Hash Maps,"Dynamic Programming, Graph Algorithms, Sorting & Searching Algorithms, Machine Learning Foundations, Greedy Algorithms & Backtracking, Stacks & Queues, System Design Basics & Caching, Linked Lists & Doubly Linked Lists, Arrays & Hash Maps",94,1,Easy,M1 -> M3 -> M5,80,65,Fair,Machine Learning Foundations
STU1462,Liam Singh,25,Male,PG,Kinesthetic,2.86,53,2,42.1,90,Sorting & Searching Algorithms,"Machine Learning Foundations, Trees & Binary Search Trees, Graph Algorithms, Sorting & Searching Algorithms, Linked Lists & Doubly Linked Lists, Greedy Algorithms & Backtracking, Dynamic Programming, Stacks & Queues, Arrays & Hash Maps",99,4,Easy,M1 -> M4 -> M4,92,54,Fail,Linked Lists & Doubly Linked Lists
STU1463,Aarav Mehta,20,Male,PG,Kinesthetic,2.75,68,4,34.5,100,Dynamic Programming,"Sorting & Searching Algorithms, Machine Learning Foundations, Linked Lists & Doubly Linked Lists, System Design Basics & Caching, Dynamic Programming, Arrays & Hash Maps, Greedy Algorithms & Backtracking, Trees & Binary Search Trees, Graph Algorithms, Stacks & Queues",93,3,Medium,M1 -> M3 -> M6,77,67,Fair,Machine Learning Foundations
STU1464,Meera Brown,25,Male,UG,Kinesthetic,3.15,59,2,29.0,90,Dynamic Programming,"Trees & Binary Search Trees, Stacks & Queues, Sorting & Searching Algorithms, Greedy Algorithms & Backtracking, Graph Algorithms, Arrays & Hash Maps, Dynamic Programming, Machine Learning Foundations, Linked Lists & Doubly Linked Lists",90,3,Hard,M1 -> M3 -> M5,94,61,Fail,Linked Lists & Doubly Linked Lists
STU1465,Sneha Jones,22,Male,PG,Kinesthetic,3.97,63,3,15.3,40,Machine Learning Foundations,"Machine Learning Foundations, Graph Algorithms, Sorting & Searching Algorithms, System Design Basics & Caching",95,4,Medium,M1 -> M3 -> M5,94,73,Good,Machine Learning Foundations
STU1466,Kavya Joshi,19,Female,High School,Kinesthetic,2.98,80,1,15.7,10,Arrays & Hash Maps,Stacks & Queues,69,5,Hard,M1 -> M2 -> M5,82,77,Excellent,Trees & Binary Search Trees
STU1467,Emma Kumar,23,Female,PG,Auditory,2.41,97,3,40.4,30,Stacks & Queues,"Trees & Binary Search Trees, Graph Algorithms, Greedy Algorithms & Backtracking",98,0,Easy,M1 -> M3 -> M4,88,90,Excellent,System Design Basics & Caching
STU1468,Ananya Martinez,18,Female,PG,Kinesthetic,2.86,77,2,33.6,10,Greedy Algorithms & Backtracking,Trees & Binary Search Trees,79,3,Hard,M1 -> M4 -> M5,81,86,Good,Greedy Algorithms & Backtracking
STU1469,Kavya Nair,19,Female,UG,Visual,3.57,54,3,30.8,100,Arrays & Hash Maps,"Machine Learning Foundations, Trees & Binary Search Trees, Greedy Algorithms & Backtracking, Arrays & Hash Maps, System Design Basics & Caching, Stacks & Queues, Graph Algorithms, Sorting & Searching Algorithms, Dynamic Programming, Linked Lists & Doubly Linked Lists",91,1,Medium,M1 -> M3 -> M6,78,59,Fair,Arrays & Hash Maps
STU1470,Olivia Joshi,21,Female,PG,Visual,3.49,78,1,39.9,60,Stacks & Queues,"System Design Basics & Caching, Arrays & Hash Maps, Sorting & Searching Algorithms, Trees & Binary Search Trees, Dynamic Programming, Stacks & Queues",88,4,Medium,M1 -> M4 -> M5,72,86,Excellent,Greedy Algorithms & Backtracking
STU1471,Siddharth Davis,26,Male,UG,Auditory,2.49,89,5,16.8,50,Sorting & Searching Algorithms,"Arrays & Hash Maps, Dynamic Programming, Sorting & Searching Algorithms, Graph Algorithms, Linked Lists & Doubly Linked Lists",70,5,Easy,M1 -> M2 -> M4,86,97,Excellent,System Design Basics & Caching
STU1472,Alex Rodriguez,24,Female,UG,Kinesthetic,3.9,62,3,26.3,30,Graph Algorithms,"Trees & Binary Search Trees, Graph Algorithms, Machine Learning Foundations",85,4,Hard,M1 -> M2 -> M4,81,64,Fair,Machine Learning Foundations
STU1473,Ananya Mehta,26,Female,High School,Visual,3.04,69,3,33.9,10,Trees & Binary Search Trees,Sorting & Searching Algorithms,78,3,Easy,M1 -> M4 -> M4,85,71,Good,Stacks & Queues
STU1474,Aditya Jones,22,Female,UG,Kinesthetic,3.83,72,2,23.0,20,Linked Lists & Doubly Linked Lists,"Dynamic Programming, Linked Lists & Doubly Linked Lists",81,0,Hard,M1 -> M4 -> M6,82,72,Fair,Machine Learning Foundations
STU1475,Kavya Davis,24,Male,PG,Kinesthetic,3.81,60,1,29.1,10,Arrays & Hash Maps,Graph Algorithms,98,1,Medium,M1 -> M2 -> M6,92,62,Good,Machine Learning Foundations
STU1476,Aarav Gupta,21,Female,UG,Kinesthetic,2.0,81,3,50.3,10,Stacks & Queues,Machine Learning Foundations,90,1,Easy,M1 -> M2 -> M4,75,80,Good,Greedy Algorithms & Backtracking
STU1477,Olivia Johnson,25,Male,PG,Visual,3.82,70,3,16.6,90,Arrays & Hash Maps,"Dynamic Programming, Linked Lists & Doubly Linked Lists, Graph Algorithms, Greedy Algorithms & Backtracking, Machine Learning Foundations, Sorting & Searching Algorithms, Arrays & Hash Maps, Trees & Binary Search Trees, System Design Basics & Caching",82,2,Hard,M1 -> M4 -> M5,84,62,Fair,Stacks & Queues
STU1478,Siddharth Brown,25,Male,UG,Visual,3.07,78,3,15.8,50,Machine Learning Foundations,"Stacks & Queues, Trees & Binary Search Trees, Machine Learning Foundations, Dynamic Programming, Graph Algorithms",66,4,Easy,M1 -> M4 -> M4,96,72,Good,Greedy Algorithms & Backtracking
STU1479,Rohan Joshi,22,Female,High School,Visual,2.08,58,1,57.1,50,Arrays & Hash Maps,"Arrays & Hash Maps, Trees & Binary Search Trees, Greedy Algorithms & Backtracking, Dynamic Programming, Sorting & Searching Algorithms",90,3,Hard,M1 -> M3 -> M4,84,56,Fair,Linked Lists & Doubly Linked Lists
STU1480,Tanvi Sharma,24,Female,High School,Visual,3.38,65,1,59.8,30,Dynamic Programming,"Stacks & Queues, Arrays & Hash Maps, Trees & Binary Search Trees",97,2,Hard,M1 -> M3 -> M5,72,60,Good,Stacks & Queues
STU1481,Priya Gupta,26,Female,High School,Kinesthetic,2.13,82,5,53.0,20,Linked Lists & Doubly Linked Lists,"Stacks & Queues, Trees & Binary Search Trees",74,1,Hard,M1 -> M4 -> M6,94,87,Excellent,Greedy Algorithms & Backtracking
STU1482,Yash Singh,18,Female,High School,Visual,2.23,66,5,46.7,50,Sorting & Searching Algorithms,"Machine Learning Foundations, Dynamic Programming, Linked Lists & Doubly Linked Lists, System Design Basics & Caching, Arrays & Hash Maps",100,0,Medium,M1 -> M4 -> M4,81,56,Good,Stacks & Queues
STU1483,Kavya Kumar,19,Male,High School,Visual,3.69,97,3,26.5,70,Arrays & Hash Maps,"System Design Basics & Caching, Linked Lists & Doubly Linked Lists, Dynamic Programming, Greedy Algorithms & Backtracking, Stacks & Queues, Arrays & Hash Maps, Graph Algorithms",86,0,Hard,M1 -> M4 -> M4,89,100,Excellent,Graph Algorithms
STU1484,Isabella Gupta,22,Male,PG,Visual,2.55,66,2,46.2,100,Sorting & Searching Algorithms,"Graph Algorithms, Machine Learning Foundations, Sorting & Searching Algorithms, Arrays & Hash Maps, Trees & Binary Search Trees, Dynamic Programming, Stacks & Queues, Greedy Algorithms & Backtracking, System Design Basics & Caching, Linked Lists & Doubly Linked Lists",89,2,Easy,M1 -> M4 -> M6,91,75,Good,Stacks & Queues
STU1485,Alex Davis,23,Male,UG,Auditory,2.28,75,3,35.4,50,Linked Lists & Doubly Linked Lists,"Graph Algorithms, Stacks & Queues, Arrays & Hash Maps, System Design Basics & Caching, Machine Learning Foundations",88,3,Hard,M1 -> M4 -> M6,79,79,Good,Greedy Algorithms & Backtracking
STU1486,Arjun Williams,19,Female,High School,Visual,2.19,85,3,45.3,50,Greedy Algorithms & Backtracking,"Stacks & Queues, System Design Basics & Caching, Dynamic Programming, Arrays & Hash Maps, Trees & Binary Search Trees",84,4,Medium,M1 -> M2 -> M6,74,94,Good,Trees & Binary Search Trees
STU1487,Olivia Jones,24,Male,High School,Auditory,2.77,50,5,41.8,90,Dynamic Programming,"Dynamic Programming, Arrays & Hash Maps, Trees & Binary Search Trees, Stacks & Queues, Graph Algorithms, Sorting & Searching Algorithms, Linked Lists & Doubly Linked Lists, Greedy Algorithms & Backtracking, Machine Learning Foundations",100,5,Medium,M1 -> M2 -> M5,82,45,Fail,Arrays & Hash Maps
STU1488,Ethan Garcia,25,Female,High School,Visual,2.13,45,2,27.3,60,Greedy Algorithms & Backtracking,"Stacks & Queues, Trees & Binary Search Trees, Linked Lists & Doubly Linked Lists, Sorting & Searching Algorithms, Greedy Algorithms & Backtracking, Machine Learning Foundations",72,2,Hard,M1 -> M2 -> M4,80,51,Fair,Linked Lists & Doubly Linked Lists
STU1489,Ethan Martinez,22,Female,High School,Auditory,2.36,49,3,24.0,60,Arrays & Hash Maps,"Sorting & Searching Algorithms, Stacks & Queues, Arrays & Hash Maps, Machine Learning Foundations, System Design Basics & Caching, Linked Lists & Doubly Linked Lists",65,1,Easy,M1 -> M3 -> M5,80,58,Fair,Arrays & Hash Maps
STU1490,Ethan Martinez,21,Female,PG,Visual,2.48,90,5,27.2,30,Linked Lists & Doubly Linked Lists,"Arrays & Hash Maps, Linked Lists & Doubly Linked Lists, Stacks & Queues",76,5,Hard,M1 -> M2 -> M5,90,82,Excellent,System Design Basics & Caching
STU1491,Aditya Sharma,26,Female,PG,Visual,2.53,63,3,17.0,40,Greedy Algorithms & Backtracking,"Greedy Algorithms & Backtracking, System Design Basics & Caching, Stacks & Queues, Sorting & Searching Algorithms",69,0,Easy,M1 -> M4 -> M4,72,59,Good,Stacks & Queues
STU1492,Meera Martinez,26,Male,PG,Visual,3.31,100,2,53.8,10,Machine Learning Foundations,Dynamic Programming,70,3,Hard,M1 -> M3 -> M6,94,100,Excellent,Dynamic Programming
STU1493,Olivia Joshi,23,Female,PG,Auditory,2.9,63,3,37.6,50,Sorting & Searching Algorithms,"Stacks & Queues, Dynamic Programming, Trees & Binary Search Trees, System Design Basics & Caching, Sorting & Searching Algorithms",94,1,Medium,M1 -> M4 -> M4,79,62,Good,Sorting & Searching Algorithms
STU1494,Sophia Kumar,20,Female,High School,Auditory,2.23,74,3,25.4,80,System Design Basics & Caching,"System Design Basics & Caching, Stacks & Queues, Arrays & Hash Maps, Machine Learning Foundations, Greedy Algorithms & Backtracking, Linked Lists & Doubly Linked Lists, Dynamic Programming, Graph Algorithms",93,1,Medium,M1 -> M2 -> M4,84,76,Good,Sorting & Searching Algorithms
STU1495,Meera Brown,24,Female,PG,Visual,3.06,95,1,43.2,90,System Design Basics & Caching,"Greedy Algorithms & Backtracking, Graph Algorithms, Sorting & Searching Algorithms, Machine Learning Foundations, Dynamic Programming, System Design Basics & Caching, Trees & Binary Search Trees, Arrays & Hash Maps, Stacks & Queues",80,1,Hard,M1 -> M4 -> M5,81,100,Excellent,Graph Algorithms
STU1496,Vikram Gupta,23,Male,UG,Visual,2.19,100,1,26.6,10,Greedy Algorithms & Backtracking,Graph Algorithms,76,1,Easy,M1 -> M2 -> M5,78,99,Excellent,Graph Algorithms
STU1497,Kavya Singh,24,Female,UG,Kinesthetic,2.92,100,3,25.2,50,Trees & Binary Search Trees,"Trees & Binary Search Trees, Linked Lists & Doubly Linked Lists, Greedy Algorithms & Backtracking, Arrays & Hash Maps, Dynamic Programming",75,2,Hard,M1 -> M3 -> M4,83,100,Excellent,System Design Basics & Caching
STU1498,Dev Sharma,19,Male,High School,Kinesthetic,2.41,90,5,46.5,50,Trees & Binary Search Trees,"Graph Algorithms, Machine Learning Foundations, Greedy Algorithms & Backtracking, Stacks & Queues, Sorting & Searching Algorithms",95,5,Hard,M1 -> M2 -> M6,86,96,Excellent,System Design Basics & Caching
STU1499,Rohan Garcia,26,Female,High School,Kinesthetic,3.99,87,5,26.5,30,Linked Lists & Doubly Linked Lists,"Sorting & Searching Algorithms, Stacks & Queues, Greedy Algorithms & Backtracking",89,3,Medium,M1 -> M4 -> M4,98,86,Good,Trees & Binary Search Trees
STU1500,Yash Verma,21,Male,High School,Visual,2.33,80,1,28.0,40,Machine Learning Foundations,"Sorting & Searching Algorithms, Graph Algorithms, Arrays & Hash Maps, Trees & Binary Search Trees",73,5,Medium,M1 -> M3 -> M6,79,84,Good,Greedy Algorithms & Backtracking
STU1501,Meera Garcia,22,Male,UG,Visual,2.44,83,2,22.3,70,Dynamic Programming,"Sorting & Searching Algorithms, Dynamic Programming, Arrays & Hash Maps, Greedy Algorithms & Backtracking, Machine Learning Foundations, Trees & Binary Search Trees, Graph Algorithms",95,1,Easy,M1 -> M2 -> M6,97,89,Good,Trees & Binary Search Trees
STU1502,Riya Davis,20,Female,PG,Auditory,3.53,63,2,53.3,30,Dynamic Programming,"Graph Algorithms, Trees & Binary Search Trees, System Design Basics & Caching",79,5,Hard,M1 -> M4 -> M4,94,54,Good,Sorting & Searching Algorithms
STU1503,Mason Williams,24,Female,High School,Auditory,3.09,59,3,24.3,40,Linked Lists & Doubly Linked Lists,"Stacks & Queues, Trees & Binary Search Trees, Graph Algorithms, Sorting & Searching Algorithms",81,4,Easy,M1 -> M4 -> M6,73,65,Fair,Arrays & Hash Maps
STU1504,Emma Rao,24,Female,High School,Visual,3.93,71,4,40.1,30,Linked Lists & Doubly Linked Lists,"Arrays & Hash Maps, Dynamic Programming, Trees & Binary Search Trees",65,3,Hard,M1 -> M3 -> M6,93,68,Fair,Stacks & Queues
STU1505,Olivia Williams,22,Male,High School,Kinesthetic,2.82,69,1,43.0,60,Machine Learning Foundations,"Sorting & Searching Algorithms, Machine Learning Foundations, System Design Basics & Caching, Graph Algorithms, Stacks & Queues, Linked Lists & Doubly Linked Lists",91,4,Easy,M1 -> M2 -> M5,99,71,Fair,Machine Learning Foundations
STU1506,Karan Rodriguez,25,Male,UG,Auditory,2.92,65,3,19.0,90,Greedy Algorithms & Backtracking,"Greedy Algorithms & Backtracking, Machine Learning Foundations, Sorting & Searching Algorithms, Graph Algorithms, Linked Lists & Doubly Linked Lists, Stacks & Queues, Trees & Binary Search Trees, Arrays & Hash Maps, Dynamic Programming",76,4,Hard,M1 -> M4 -> M4,90,72,Fair,Sorting & Searching Algorithms
STU1507,Olivia Rao,20,Female,UG,Visual,2.38,82,2,42.4,100,Machine Learning Foundations,"Arrays & Hash Maps, Greedy Algorithms & Backtracking, Dynamic Programming, Machine Learning Foundations, Stacks & Queues, System Design Basics & Caching, Graph Algorithms, Trees & Binary Search Trees, Sorting & Searching Algorithms, Linked Lists & Doubly Linked Lists",81,2,Easy,M1 -> M3 -> M5,93,78,Good,Greedy Algorithms & Backtracking
STU1508,Riya Nair,25,Male,High School,Auditory,3.99,86,5,40.7,100,Arrays & Hash Maps,"Linked Lists & Doubly Linked Lists, Arrays & Hash Maps, Dynamic Programming, System Design Basics & Caching, Trees & Binary Search Trees, Stacks & Queues, Sorting & Searching Algorithms, Graph Algorithms, Greedy Algorithms & Backtracking, Machine Learning Foundations",65,2,Hard,M1 -> M2 -> M6,99,76,Excellent,Trees & Binary Search Trees
STU1509,Arjun Jones,24,Female,PG,Visual,2.77,73,1,51.0,30,Arrays & Hash Maps,"Machine Learning Foundations, Dynamic Programming, Linked Lists & Doubly Linked Lists",72,3,Easy,M1 -> M2 -> M6,71,74,Good,Stacks & Queues
STU1510,Siddharth Williams,25,Male,UG,Auditory,3.24,94,1,20.3,80,Linked Lists & Doubly Linked Lists,"Sorting & Searching Algorithms, Machine Learning Foundations, Greedy Algorithms & Backtracking, Graph Algorithms, Linked Lists & Doubly Linked Lists, System Design Basics & Caching, Trees & Binary Search Trees, Dynamic Programming",81,2,Hard,M1 -> M2 -> M5,85,90,Excellent,Dynamic Programming
STU1511,Alex Kumar,24,Male,PG,Auditory,3.02,54,5,36.3,70,System Design Basics & Caching,"System Design Basics & Caching, Machine Learning Foundations, Dynamic Programming, Greedy Algorithms & Backtracking, Arrays & Hash Maps, Sorting & Searching Algorithms, Stacks & Queues",82,4,Easy,M1 -> M4 -> M5,100,50,Fair,Arrays & Hash Maps
STU1512,Ava Brown,22,Female,UG,Visual,2.34,69,4,54.8,40,Stacks & Queues,"Greedy Algorithms & Backtracking, Dynamic Programming, Machine Learning Foundations, Sorting & Searching Algorithms",82,4,Hard,M1 -> M4 -> M5,84,79,Good,Stacks & Queues
STU1513,Sophia Williams,24,Female,PG,Kinesthetic,2.53,61,1,47.3,80,Linked Lists & Doubly Linked Lists,"Sorting & Searching Algorithms, Machine Learning Foundations, Trees & Binary Search Trees, Stacks & Queues, Greedy Algorithms & Backtracking, Dynamic Programming, Graph Algorithms, System Design Basics & Caching",68,2,Easy,M1 -> M3 -> M5,89,71,Fair,Sorting & Searching Algorithms
STU1514,Aarav Davis,22,Female,UG,Visual,3.28,44,3,39.9,50,Sorting & Searching Algorithms,"Arrays & Hash Maps, Trees & Binary Search Trees, Greedy Algorithms & Backtracking, Dynamic Programming, Stacks & Queues",62,3,Easy,M1 -> M2 -> M6,76,51,Fair,Arrays & Hash Maps
STU1515,Kavya Williams,21,Male,PG,Kinesthetic,2.24,70,2,35.6,70,Machine Learning Foundations,"Dynamic Programming, Graph Algorithms, Arrays & Hash Maps, Sorting & Searching Algorithms, Stacks & Queues, Greedy Algorithms & Backtracking, Trees & Binary Search Trees",63,2,Hard,M1 -> M2 -> M4,78,60,Good,Stacks & Queues
STU1516,Karan Gupta,18,Male,UG,Auditory,3.03,70,3,46.1,90,Greedy Algorithms & Backtracking,"Machine Learning Foundations, Dynamic Programming, Trees & Binary Search Trees, Linked Lists & Doubly Linked Lists, Stacks & Queues, Greedy Algorithms & Backtracking, Graph Algorithms, System Design Basics & Caching, Sorting & Searching Algorithms",85,3,Medium,M1 -> M2 -> M4,76,78,Fair,Sorting & Searching Algorithms
STU1517,Pooja Garcia,22,Male,UG,Kinesthetic,2.29,94,1,17.4,10,Machine Learning Foundations,Graph Algorithms,65,0,Easy,M1 -> M3 -> M5,85,100,Excellent,System Design Basics & Caching
STU1518,Priya Martinez,23,Male,UG,Auditory,3.95,81,2,59.8,50,Machine Learning Foundations,"Greedy Algorithms & Backtracking, Machine Learning Foundations, System Design Basics & Caching, Linked Lists & Doubly Linked Lists, Graph Algorithms",61,3,Hard,M1 -> M3 -> M5,81,79,Good,Greedy Algorithms & Backtracking
STU1519,Liam Garcia,26,Male,UG,Visual,3.89,56,4,53.7,60,Stacks & Queues,"Dynamic Programming, Arrays & Hash Maps, Stacks & Queues, Machine Learning Foundations, Trees & Binary Search Trees, System Design Basics & Caching",90,2,Easy,M1 -> M2 -> M5,90,63,Fair,Arrays & Hash Maps
STU1520,Emma Gupta,20,Male,High School,Kinesthetic,2.8,99,2,23.4,20,Trees & Binary Search Trees,"Machine Learning Foundations, Linked Lists & Doubly Linked Lists",89,2,Hard,M1 -> M4 -> M6,100,98,Excellent,System Design Basics & Caching
STU1521,Emma Gupta,21,Male,UG,Auditory,3.87,90,4,53.0,80,Arrays & Hash Maps,"Sorting & Searching Algorithms, System Design Basics & Caching, Arrays & Hash Maps, Trees & Binary Search Trees, Graph Algorithms, Greedy Algorithms & Backtracking, Machine Learning Foundations, Stacks & Queues",83,0,Easy,M1 -> M3 -> M5,85,81,Excellent,Graph Algorithms
STU1522,Dev Miller,21,Female,UG,Kinesthetic,3.46,80,3,46.1,90,Trees & Binary Search Trees,"Arrays & Hash Maps, Trees & Binary Search Trees, Graph Algorithms, Greedy Algorithms & Backtracking, Stacks & Queues, System Design Basics & Caching, Linked Lists & Doubly Linked Lists, Dynamic Programming, Sorting & Searching Algorithms",60,2,Hard,M1 -> M3 -> M4,71,89,Good,Greedy Algorithms & Backtracking
STU1523,Aarav Joshi,19,Female,PG,Kinesthetic,2.49,68,5,37.6,70,Graph Algorithms,"Trees & Binary Search Trees, Linked Lists & Doubly Linked Lists, Dynamic Programming, Machine Learning Foundations, Sorting & Searching Algorithms, Graph Algorithms, Stacks & Queues",77,2,Hard,M1 -> M4 -> M6,88,68,Fair,Machine Learning Foundations
STU1524,Sophia Rodriguez,21,Male,High School,Visual,3.94,57,4,15.2,10,Greedy Algorithms & Backtracking,Sorting & Searching Algorithms,81,1,Medium,M1 -> M2 -> M6,75,53,Fail,Arrays & Hash Maps
STU1525,Ethan Verma,20,Female,UG,Visual,2.44,66,3,27.4,100,Stacks & Queues,"Trees & Binary Search Trees, Sorting & Searching Algorithms, Dynamic Programming, Stacks & Queues, Greedy Algorithms & Backtracking, Arrays & Hash Maps, Linked Lists & Doubly Linked Lists, Graph Algorithms, Machine Learning Foundations, System Design Basics & Caching",63,1,Easy,M1 -> M2 -> M4,74,76,Fair,Stacks & Queues
STU1526,Pooja Johnson,21,Male,PG,Auditory,2.01,88,4,57.0,50,Stacks & Queues,"Trees & Binary Search Trees, Linked Lists & Doubly Linked Lists, Stacks & Queues, Sorting & Searching Algorithms, Arrays & Hash Maps",68,0,Easy,M1 -> M2 -> M6,88,85,Excellent,System Design Basics & Caching
STU1527,Isabella Verma,23,Female,PG,Auditory,3.42,100,4,54.8,40,System Design Basics & Caching,"Sorting & Searching Algorithms, Greedy Algorithms & Backtracking, System Design Basics & Caching, Graph Algorithms",97,4,Hard,M1 -> M2 -> M5,80,100,Excellent,Dynamic Programming
STU1528,Emma Smith,21,Male,UG,Visual,3.07,95,5,30.4,80,Stacks & Queues,"Trees & Binary Search Trees, System Design Basics & Caching, Stacks & Queues, Machine Learning Foundations, Greedy Algorithms & Backtracking, Linked Lists & Doubly Linked Lists, Sorting & Searching Algorithms, Arrays & Hash Maps",83,2,Hard,M1 -> M4 -> M5,95,100,Excellent,Dynamic Programming
STU1529,Emma Patel,23,Female,PG,Visual,2.49,64,3,15.7,90,Linked Lists & Doubly Linked Lists,"Machine Learning Foundations, Dynamic Programming, Sorting & Searching Algorithms, System Design Basics & Caching, Stacks & Queues, Greedy Algorithms & Backtracking, Trees & Binary Search Trees, Linked Lists & Doubly Linked Lists, Arrays & Hash Maps",78,4,Hard,M1 -> M4 -> M5,70,70,Fair,Stacks & Queues
STU1530,Yash Singh,22,Female,UG,Kinesthetic,2.58,55,3,30.6,40,Sorting & Searching Algorithms,"Arrays & Hash Maps, Greedy Algorithms & Backtracking, Dynamic Programming, Graph Algorithms",82,4,Hard,M1 -> M3 -> M5,86,47,Fail,Arrays & Hash Maps
STU1531,Ava Verma,26,Male,PG,Visual,2.89,74,5,54.3,60,Graph Algorithms,"Greedy Algorithms & Backtracking, Machine Learning Foundations, System Design Basics & Caching, Trees & Binary Search Trees, Stacks & Queues, Sorting & Searching Algorithms",83,2,Hard,M1 -> M2 -> M4,84,68,Fair,Stacks & Queues
STU1532,Ava Rao,21,Female,PG,Auditory,3.23,45,3,54.3,10,Greedy Algorithms & Backtracking,Arrays & Hash Maps,83,4,Hard,M1 -> M4 -> M6,83,49,Fair,Arrays & Hash Maps
STU1533,Mason Nair,19,Female,UG,Visual,2.39,76,4,34.4,100,Sorting & Searching Algorithms,"Dynamic Programming, Greedy Algorithms & Backtracking, Linked Lists & Doubly Linked Lists, System Design Basics & Caching, Stacks & Queues, Sorting & Searching Algorithms, Machine Learning Foundations, Trees & Binary Search Trees, Arrays & Hash Maps, Graph Algorithms",76,4,Easy,M1 -> M3 -> M5,95,70,Good,Greedy Algorithms & Backtracking
STU1534,Isabella Singh,25,Male,PG,Auditory,2.79,69,2,27.4,40,Linked Lists & Doubly Linked Lists,"Graph Algorithms, Sorting & Searching Algorithms, Linked Lists & Doubly Linked Lists, System Design Basics & Caching",91,5,Medium,M1 -> M3 -> M5,80,76,Fair,Sorting & Searching Algorithms
STU1535,Sneha Rao,23,Female,PG,Auditory,3.78,65,2,31.8,60,Dynamic Programming,"Stacks & Queues, Linked Lists & Doubly Linked Lists, Dynamic Programming, Graph Algorithms, Sorting & Searching Algorithms, System Design Basics & Caching",90,5,Easy,M1 -> M3 -> M6,87,74,Good,Sorting & Searching Algorithms
STU1536,Kavya Sharma,22,Male,High School,Kinesthetic,2.83,48,1,36.3,10,Graph Algorithms,Trees & Binary Search Trees,83,2,Hard,M1 -> M2 -> M4,92,56,Fair,Linked Lists & Doubly Linked Lists
STU1537,Dev Rodriguez,21,Male,UG,Kinesthetic,2.77,79,1,45.1,10,Machine Learning Foundations,Trees & Binary Search Trees,86,0,Easy,M1 -> M4 -> M6,72,70,Excellent,Greedy Algorithms & Backtracking
STU1538,Kavya Johnson,26,Male,PG,Visual,2.19,64,1,42.5,60,Trees & Binary Search Trees,"Stacks & Queues, Arrays & Hash Maps, Machine Learning Foundations, Trees & Binary Search Trees, Greedy Algorithms & Backtracking, System Design Basics & Caching",72,5,Hard,M1 -> M4 -> M4,83,61,Fair,Stacks & Queues
STU1539,Meera Rodriguez,18,Male,High School,Kinesthetic,3.34,54,1,40.2,40,System Design Basics & Caching,"System Design Basics & Caching, Greedy Algorithms & Backtracking, Stacks & Queues, Sorting & Searching Algorithms",99,1,Easy,M1 -> M3 -> M6,94,57,Fair,Linked Lists & Doubly Linked Lists
STU1540,Noah Jones,24,Female,High School,Kinesthetic,3.76,30,5,46.5,30,Arrays & Hash Maps,"System Design Basics & Caching, Trees & Binary Search Trees, Graph Algorithms",71,2,Medium,M1 -> M3 -> M5,78,40,Fair,Arrays & Hash Maps
STU1541,Sophia Brown,22,Female,High School,Auditory,2.93,71,5,36.3,90,Trees & Binary Search Trees,"Stacks & Queues, Greedy Algorithms & Backtracking, Dynamic Programming, Trees & Binary Search Trees, Linked Lists & Doubly Linked Lists, System Design Basics & Caching, Machine Learning Foundations, Graph Algorithms, Arrays & Hash Maps",79,2,Hard,M1 -> M3 -> M5,84,63,Fair,Sorting & Searching Algorithms
STU1542,Ishita Nair,24,Male,PG,Kinesthetic,3.41,98,3,44.4,40,Linked Lists & Doubly Linked Lists,"Sorting & Searching Algorithms, Machine Learning Foundations, Dynamic Programming, Trees & Binary Search Trees",72,4,Medium,M1 -> M2 -> M6,95,100,Excellent,Dynamic Programming
STU1543,Noah Sharma,26,Female,UG,Kinesthetic,2.78,96,2,44.9,70,System Design Basics & Caching,"Linked Lists & Doubly Linked Lists, Machine Learning Foundations, Stacks & Queues, Dynamic Programming, System Design Basics & Caching, Graph Algorithms, Sorting & Searching Algorithms",100,5,Easy,M1 -> M4 -> M5,75,87,Excellent,Dynamic Programming
STU1544,Sneha Jones,21,Male,UG,Kinesthetic,3.12,65,4,56.4,50,Arrays & Hash Maps,"Dynamic Programming, Linked Lists & Doubly Linked Lists, Trees & Binary Search Trees, Graph Algorithms, Greedy Algorithms & Backtracking",93,2,Medium,M1 -> M2 -> M5,80,73,Fair,Machine Learning Foundations
STU1545,Arjun Smith,25,Female,PG,Kinesthetic,3.83,62,1,53.2,60,Greedy Algorithms & Backtracking,"System Design Basics & Caching, Dynamic Programming, Arrays & Hash Maps, Greedy Algorithms & Backtracking, Stacks & Queues, Sorting & Searching Algorithms",68,3,Medium,M1 -> M4 -> M5,90,60,Good,Machine Learning Foundations
STU1546,Pooja Nair,21,Female,High School,Visual,2.93,79,3,23.0,60,Dynamic Programming,"Linked Lists & Doubly Linked Lists, Graph Algorithms, Dynamic Programming, Stacks & Queues, Machine Learning Foundations, Greedy Algorithms & Backtracking",63,2,Medium,M1 -> M3 -> M5,92,72,Excellent,Trees & Binary Search Trees
STU1547,Ava Johnson,20,Male,High School,Auditory,2.17,57,2,25.1,100,Linked Lists & Doubly Linked Lists,"Machine Learning Foundations, System Design Basics & Caching, Sorting & Searching Algorithms, Greedy Algorithms & Backtracking, Dynamic Programming, Arrays & Hash Maps, Stacks & Queues, Linked Lists & Doubly Linked Lists, Trees & Binary Search Trees, Graph Algorithms",95,2,Easy,M1 -> M2 -> M4,92,65,Fair,Arrays & Hash Maps
STU1548,Siddharth Garcia,24,Female,PG,Visual,2.37,76,4,16.8,80,Machine Learning Foundations,"Arrays & Hash Maps, Graph Algorithms, Stacks & Queues, Linked Lists & Doubly Linked Lists, Dynamic Programming, System Design Basics & Caching, Machine Learning Foundations, Trees & Binary Search Trees",92,4,Medium,M1 -> M2 -> M4,74,70,Excellent,Greedy Algorithms & Backtracking
STU1549,Pooja Patel,26,Female,UG,Auditory,3.8,83,4,15.9,50,Machine Learning Foundations,"Dynamic Programming, Sorting & Searching Algorithms, Arrays & Hash Maps, Stacks & Queues, Linked Lists & Doubly Linked Lists",71,2,Medium,M1 -> M2 -> M4,76,83,Excellent,Greedy Algorithms & Backtracking
STU1550,Mason Miller,21,Male,UG,Visual,3.26,90,1,33.1,80,Sorting & Searching Algorithms,"Linked Lists & Doubly Linked Lists, Trees & Binary Search Trees, Arrays & Hash Maps, System Design Basics & Caching, Greedy Algorithms & Backtracking, Sorting & Searching Algorithms, Machine Learning Foundations, Graph Algorithms",97,3,Easy,M1 -> M2 -> M5,79,94,Excellent,Dynamic Programming
STU1551,Sneha Singh,18,Female,High School,Visual,3.22,70,1,22.9,80,Graph Algorithms,"Trees & Binary Search Trees, Linked Lists & Doubly Linked Lists, Stacks & Queues, Machine Learning Foundations, Dynamic Programming, Sorting & Searching Algorithms, Greedy Algorithms & Backtracking, System Design Basics & Caching",72,3,Easy,M1 -> M3 -> M6,83,64,Good,Sorting & Searching Algorithms
STU1552,Aditya Jones,23,Female,UG,Visual,2.84,68,1,21.5,30,Arrays & Hash Maps,"Trees & Binary Search Trees, Dynamic Programming, Greedy Algorithms & Backtracking",80,0,Easy,M1 -> M4 -> M5,83,76,Good,Sorting & Searching Algorithms
STU1553,Aarav Smith,25,Male,High School,Visual,2.17,58,2,15.8,90,Linked Lists & Doubly Linked Lists,"Dynamic Programming, Greedy Algorithms & Backtracking, Trees & Binary Search Trees, Machine Learning Foundations, Linked Lists & Doubly Linked Lists, Sorting & Searching Algorithms, Stacks & Queues, Arrays & Hash Maps, System Design Basics & Caching",83,2,Medium,M1 -> M2 -> M5,85,49,Fair,Linked Lists & Doubly Linked Lists
STU1554,Mason Jones,22,Male,High School,Visual,3.41,59,3,33.6,40,Arrays & Hash Maps,"Stacks & Queues, Graph Algorithms, Machine Learning Foundations, Trees & Binary Search Trees",93,2,Hard,M1 -> M4 -> M4,70,53,Fair,Arrays & Hash Maps
STU1555,Sophia Verma,22,Male,PG,Visual,2.65,68,5,25.0,50,System Design Basics & Caching,"System Design Basics & Caching, Arrays & Hash Maps, Sorting & Searching Algorithms, Machine Learning Foundations, Dynamic Programming",78,3,Easy,M1 -> M2 -> M5,94,65,Fair,Stacks & Queues
STU1556,Aarav Smith,25,Female,PG,Auditory,2.39,77,5,55.5,10,Arrays & Hash Maps,Machine Learning Foundations,67,3,Medium,M1 -> M2 -> M5,71,87,Excellent,Greedy Algorithms & Backtracking
STU1557,Alex Singh,19,Female,High School,Kinesthetic,2.54,85,3,46.7,10,Linked Lists & Doubly Linked Lists,Stacks & Queues,99,1,Hard,M1 -> M2 -> M6,93,90,Good,Trees & Binary Search Trees
STU1558,Rohan Jones,26,Female,UG,Kinesthetic,2.22,59,2,58.6,70,Machine Learning Foundations,"Greedy Algorithms & Backtracking, Sorting & Searching Algorithms, Arrays & Hash Maps, Stacks & Queues, Graph Algorithms, Machine Learning Foundations, Trees & Binary Search Trees",96,1,Hard,M1 -> M4 -> M5,81,67,Fail,Arrays & Hash Maps
STU1559,Rohan Williams,26,Male,High School,Kinesthetic,3.3,94,3,16.9,80,Machine Learning Foundations,"Trees & Binary Search Trees, Dynamic Programming, Graph Algorithms, Sorting & Searching Algorithms, Machine Learning Foundations, Arrays & Hash Maps, Stacks & Queues, System Design Basics & Caching",82,5,Medium,M1 -> M4 -> M5,96,88,Excellent,Dynamic Programming
STU1560,Sophia Smith,21,Female,UG,Visual,3.33,67,4,21.6,70,Sorting & Searching Algorithms,"Arrays & Hash Maps, Graph Algorithms, Dynamic Programming, Linked Lists & Doubly Linked Lists, Machine Learning Foundations, Trees & Binary Search Trees, Stacks & Queues",71,3,Easy,M1 -> M3 -> M4,99,77,Fair,Machine Learning Foundations
STU1561,Emma Williams,19,Male,PG,Auditory,3.03,71,5,54.9,10,Linked Lists & Doubly Linked Lists,Arrays & Hash Maps,74,3,Hard,M1 -> M4 -> M5,70,78,Fair,Sorting & Searching Algorithms
STU1562,Rohan Jones,18,Male,High School,Visual,3.0,60,4,52.0,70,Stacks & Queues,"System Design Basics & Caching, Arrays & Hash Maps, Sorting & Searching Algorithms, Dynamic Programming, Greedy Algorithms & Backtracking, Graph Algorithms, Trees & Binary Search Trees",91,0,Medium,M1 -> M2 -> M6,86,54,Good,Machine Learning Foundations
STU1563,Mason Gupta,19,Female,UG,Kinesthetic,3.31,35,5,45.9,100,Dynamic Programming,"Graph Algorithms, Dynamic Programming, Arrays & Hash Maps, Trees & Binary Search Trees, System Design Basics & Caching, Linked Lists & Doubly Linked Lists, Stacks & Queues, Sorting & Searching Algorithms, Machine Learning Foundations, Greedy Algorithms & Backtracking",97,1,Medium,M1 -> M2 -> M5,77,43,Fail,Linked Lists & Doubly Linked Lists
STU1564,Isabella Jones,22,Male,UG,Visual,2.1,85,4,43.8,60,Linked Lists & Doubly Linked Lists,"Dynamic Programming, Greedy Algorithms & Backtracking, Graph Algorithms, Machine Learning Foundations, Sorting & Searching Algorithms, System Design Basics & Caching",72,2,Medium,M1 -> M4 -> M4,93,90,Good,Greedy Algorithms & Backtracking
STU1565,Aditya Miller,25,Female,UG,Auditory,3.21,83,3,32.4,60,Machine Learning Foundations,"Machine Learning Foundations, Sorting & Searching Algorithms, Graph Algorithms, Linked Lists & Doubly Linked Lists, Greedy Algorithms & Backtracking, Dynamic Programming",97,4,Easy,M1 -> M2 -> M5,94,74,Good,Greedy Algorithms & Backtracking
STU1566,Ethan Patel,21,Male,PG,Auditory,3.78,67,5,33.9,70,Machine Learning Foundations,"Linked Lists & Doubly Linked Lists, Stacks & Queues, Dynamic Programming, Greedy Algorithms & Backtracking, Trees & Binary Search Trees, Arrays & Hash Maps, Graph Algorithms",97,4,Easy,M1 -> M2 -> M6,76,77,Good,Sorting & Searching Algorithms
STU1567,Rohan Mehta,26,Female,PG,Visual,2.08,73,3,23.0,70,System Design Basics & Caching,"Stacks & Queues, System Design Basics & Caching, Greedy Algorithms & Backtracking, Machine Learning Foundations, Linked Lists & Doubly Linked Lists, Sorting & Searching Algorithms, Dynamic Programming",70,0,Medium,M1 -> M4 -> M5,85,79,Good,Machine Learning Foundations
STU1568,Priya Gupta,20,Male,UG,Kinesthetic,3.71,79,1,34.8,100,Trees & Binary Search Trees,"Graph Algorithms, Sorting & Searching Algorithms, Linked Lists & Doubly Linked Lists, Trees & Binary Search Trees, Greedy Algorithms & Backtracking, Machine Learning Foundations, System Design Basics & Caching, Arrays & Hash Maps, Stacks & Queues, Dynamic Programming",89,4,Hard,M1 -> M2 -> M6,78,83,Good,Greedy Algorithms & Backtracking
STU1569,Kavya Verma,23,Female,UG,Kinesthetic,3.32,48,3,43.8,80,Machine Learning Foundations,"Linked Lists & Doubly Linked Lists, Greedy Algorithms & Backtracking, Graph Algorithms, Machine Learning Foundations, Arrays & Hash Maps, Dynamic Programming, Stacks & Queues, Sorting & Searching Algorithms",73,2,Medium,M1 -> M2 -> M6,85,49,Fail,Arrays & Hash Maps
STU1570,Ananya Rodriguez,20,Female,High School,Visual,3.24,64,2,24.0,90,Arrays & Hash Maps,"Trees & Binary Search Trees, Dynamic Programming, Sorting & Searching Algorithms, Machine Learning Foundations, Greedy Algorithms & Backtracking, Stacks & Queues, System Design Basics & Caching, Arrays & Hash Maps, Linked Lists & Doubly Linked Lists",66,3,Hard,M1 -> M2 -> M6,80,64,Good,Stacks & Queues
STU1571,Aarav Williams,22,Male,PG,Kinesthetic,3.83,83,4,50.1,50,Linked Lists & Doubly Linked Lists,"Arrays & Hash Maps, Linked Lists & Doubly Linked Lists, Machine Learning Foundations, Stacks & Queues, System Design Basics & Caching",97,3,Hard,M1 -> M3 -> M5,74,76,Good,Greedy Algorithms & Backtracking
STU1572,Isabella Sharma,19,Male,PG,Kinesthetic,3.75,53,2,38.8,100,Dynamic Programming,"Machine Learning Foundations, Linked Lists & Doubly Linked Lists, Trees & Binary Search Trees, System Design Basics & Caching, Sorting & Searching Algorithms, Graph Algorithms, Dynamic Programming, Greedy Algorithms & Backtracking, Stacks & Queues, Arrays & Hash Maps",92,5,Easy,M1 -> M4 -> M5,97,49,Fair,Arrays & Hash Maps
STU1573,Ishita Jones,23,Female,High School,Kinesthetic,2.19,76,4,59.5,70,Graph Algorithms,"Stacks & Queues, Dynamic Programming, Machine Learning Foundations, Greedy Algorithms & Backtracking, System Design Basics & Caching, Sorting & Searching Algorithms, Graph Algorithms",60,1,Medium,M1 -> M3 -> M6,95,78,Good,Trees & Binary Search Trees
STU1574,Pooja Kumar,20,Male,PG,Auditory,2.01,51,2,27.4,20,Greedy Algorithms & Backtracking,"Trees & Binary Search Trees, Graph Algorithms",84,0,Hard,M1 -> M3 -> M5,71,42,Fair,Linked Lists & Doubly Linked Lists
STU1575,Riya Verma,21,Male,High School,Auditory,3.16,78,1,48.3,60,Linked Lists & Doubly Linked Lists,"Dynamic Programming, Trees & Binary Search Trees, Sorting & Searching Algorithms, Linked Lists & Doubly Linked Lists, Arrays & Hash Maps, Stacks & Queues",60,1,Medium,M1 -> M3 -> M5,72,80,Good,Trees & Binary Search Trees
STU1576,Siddharth Verma,23,Female,UG,Kinesthetic,3.66,71,1,21.3,90,Sorting & Searching Algorithms,"Graph Algorithms, Linked Lists & Doubly Linked Lists, Trees & Binary Search Trees, System Design Basics & Caching, Sorting & Searching Algorithms, Dynamic Programming, Greedy Algorithms & Backtracking, Machine Learning Foundations, Stacks & Queues",81,4,Hard,M1 -> M3 -> M5,94,71,Fair,Machine Learning Foundations
STU1577,Tanvi Gupta,25,Male,PG,Auditory,3.45,47,5,53.8,90,Stacks & Queues,"Machine Learning Foundations, Arrays & Hash Maps, Sorting & Searching Algorithms, Linked Lists & Doubly Linked Lists, Greedy Algorithms & Backtracking, Stacks & Queues, Dynamic Programming, System Design Basics & Caching, Graph Algorithms",66,5,Medium,M1 -> M4 -> M4,73,46,Fair,Arrays & Hash Maps
STU1578,Aarav Patel,21,Female,PG,Kinesthetic,2.79,89,2,51.9,100,Machine Learning Foundations,"Trees & Binary Search Trees, Linked Lists & Doubly Linked Lists, Graph Algorithms, Dynamic Programming, System Design Basics & Caching, Machine Learning Foundations, Stacks & Queues, Arrays & Hash Maps, Greedy Algorithms & Backtracking, Sorting & Searching Algorithms",61,0,Easy,M1 -> M2 -> M4,89,95,Excellent,System Design Basics & Caching
STU1579,Alex Rao,22,Female,PG,Kinesthetic,3.03,60,5,20.6,90,Dynamic Programming,"Dynamic Programming, Sorting & Searching Algorithms, Graph Algorithms, Greedy Algorithms & Backtracking, Arrays & Hash Maps, Machine Learning Foundations, Linked Lists & Doubly Linked Lists, Trees & Binary Search Trees, System Design Basics & Caching",84,3,Medium,M1 -> M4 -> M4,79,58,Good,Machine Learning Foundations
STU1580,Liam Rodriguez,19,Female,High School,Visual,3.44,59,3,33.1,90,Arrays & Hash Maps,"Linked Lists & Doubly Linked Lists, Machine Learning Foundations, Trees & Binary Search Trees, Arrays & Hash Maps, Graph Algorithms, Stacks & Queues, System Design Basics & Caching, Dynamic Programming, Sorting & Searching Algorithms",94,1,Hard,M1 -> M3 -> M4,78,49,Fail,Arrays & Hash Maps
STU1581,Sophia Singh,20,Female,UG,Visual,3.89,75,2,39.2,80,Linked Lists & Doubly Linked Lists,"Trees & Binary Search Trees, Stacks & Queues, Arrays & Hash Maps, Linked Lists & Doubly Linked Lists, System Design Basics & Caching, Dynamic Programming, Sorting & Searching Algorithms, Greedy Algorithms & Backtracking",88,0,Medium,M1 -> M3 -> M4,94,69,Excellent,Greedy Algorithms & Backtracking
STU1582,Pooja Joshi,26,Female,PG,Kinesthetic,3.82,89,2,18.4,70,Dynamic Programming,"Greedy Algorithms & Backtracking, Graph Algorithms, Arrays & Hash Maps, System Design Basics & Caching, Sorting & Searching Algorithms, Trees & Binary Search Trees, Dynamic Programming",88,5,Easy,M1 -> M3 -> M6,70,86,Excellent,Graph Algorithms
STU1583,Ethan Joshi,18,Female,High School,Visual,3.38,56,3,54.8,100,Greedy Algorithms & Backtracking,"Stacks & Queues, Graph Algorithms, Greedy Algorithms & Backtracking, Dynamic Programming, Linked Lists & Doubly Linked Lists, Machine Learning Foundations, System Design Basics & Caching, Arrays & Hash Maps, Sorting & Searching Algorithms, Trees & Binary Search Trees",87,5,Medium,M1 -> M4 -> M4,97,59,Fail,Arrays & Hash Maps
STU1584,Noah Mehta,26,Female,PG,Visual,2.44,72,5,23.6,20,System Design Basics & Caching,"Stacks & Queues, System Design Basics & Caching",84,5,Hard,M1 -> M3 -> M6,83,78,Fair,Stacks & Queues
STU1585,Aarav Garcia,18,Female,High School,Kinesthetic,3.75,78,1,47.6,60,Greedy Algorithms & Backtracking,"Trees & Binary Search Trees, Linked Lists & Doubly Linked Lists, Sorting & Searching Algorithms, Graph Algorithms, System Design Basics & Caching, Arrays & Hash Maps",97,4,Medium,M1 -> M4 -> M4,77,77,Good,Trees & Binary Search Trees
STU1586,Liam Jones,18,Female,High School,Auditory,3.97,82,3,15.3,10,Greedy Algorithms & Backtracking,Greedy Algorithms & Backtracking,95,4,Hard,M1 -> M4 -> M5,88,91,Excellent,Trees & Binary Search Trees
STU1587,Pooja Williams,21,Female,UG,Auditory,3.01,74,1,42.5,70,Stacks & Queues,"Linked Lists & Doubly Linked Lists, Trees & Binary Search Trees, Arrays & Hash Maps, Dynamic Programming, Stacks & Queues, Graph Algorithms, Sorting & Searching Algorithms",76,4,Easy,M1 -> M3 -> M6,75,75,Good,Sorting & Searching Algorithms
STU1588,Yash Smith,23,Male,High School,Visual,3.42,66,2,44.7,60,Machine Learning Foundations,"Linked Lists & Doubly Linked Lists, Sorting & Searching Algorithms, Graph Algorithms, Arrays & Hash Maps, Greedy Algorithms & Backtracking, Trees & Binary Search Trees",82,0,Medium,M1 -> M2 -> M6,85,65,Fair,Stacks & Queues
STU1589,Karan Gupta,21,Female,High School,Auditory,3.51,59,3,21.0,100,Arrays & Hash Maps,"Sorting & Searching Algorithms, Arrays & Hash Maps, Graph Algorithms, System Design Basics & Caching, Trees & Binary Search Trees, Linked Lists & Doubly Linked Lists, Machine Learning Foundations, Dynamic Programming, Stacks & Queues, Greedy Algorithms & Backtracking",91,4,Easy,M1 -> M2 -> M6,98,54,Fair,Arrays & Hash Maps
STU1590,Vikram Davis,19,Male,PG,Visual,2.88,73,1,55.6,90,Machine Learning Foundations,"Machine Learning Foundations, Trees & Binary Search Trees, Sorting & Searching Algorithms, Dynamic Programming, Stacks & Queues, System Design Basics & Caching, Greedy Algorithms & Backtracking, Arrays & Hash Maps, Graph Algorithms",88,5,Easy,M1 -> M2 -> M5,72,65,Good,Stacks & Queues
STU1591,Ishita Martinez,21,Male,High School,Visual,3.99,55,1,25.6,90,Dynamic Programming,"Stacks & Queues, Trees & Binary Search Trees, Arrays & Hash Maps, Dynamic Programming, System Design Basics & Caching, Machine Learning Foundations, Graph Algorithms, Sorting & Searching Algorithms, Greedy Algorithms & Backtracking",94,0,Medium,M1 -> M2 -> M6,79,62,Fail,Linked Lists & Doubly Linked Lists
STU1592,Kavya Patel,18,Male,High School,Visual,3.0,30,2,38.3,50,Linked Lists & Doubly Linked Lists,"Graph Algorithms, Arrays & Hash Maps, Linked Lists & Doubly Linked Lists, Trees & Binary Search Trees, System Design Basics & Caching",87,0,Hard,M1 -> M4 -> M5,95,40,Fair,Linked Lists & Doubly Linked Lists
STU1593,Vikram Kumar,19,Female,PG,Kinesthetic,3.15,78,1,27.6,10,Trees & Binary Search Trees,Stacks & Queues,79,5,Medium,M1 -> M4 -> M4,79,72,Good,Greedy Algorithms & Backtracking
STU1594,Priya Verma,24,Female,High School,Visual,3.61,85,1,24.0,50,Dynamic Programming,"Arrays & Hash Maps, Linked Lists & Doubly Linked Lists, Machine Learning Foundations, Sorting & Searching Algorithms, Stacks & Queues",75,2,Easy,M1 -> M4 -> M5,71,90,Excellent,Trees & Binary Search Trees
STU1595,Noah Singh,20,Male,PG,Auditory,2.85,36,5,55.8,80,Stacks & Queues,"Linked Lists & Doubly Linked Lists, Greedy Algorithms & Backtracking, Dynamic Programming, System Design Basics & Caching, Arrays & Hash Maps, Graph Algorithms, Trees & Binary Search Trees, Stacks & Queues",89,3,Easy,M1 -> M3 -> M4,86,41,Fair,Arrays & Hash Maps
STU1596,Dev Patel,20,Male,PG,Kinesthetic,2.17,56,3,20.3,100,Trees & Binary Search Trees,"Machine Learning Foundations, Greedy Algorithms & Backtracking, Stacks & Queues, Arrays & Hash Maps, System Design Basics & Caching, Graph Algorithms, Trees & Binary Search Trees, Dynamic Programming, Sorting & Searching Algorithms, Linked Lists & Doubly Linked Lists",76,2,Hard,M1 -> M4 -> M4,93,60,Fair,Arrays & Hash Maps
STU1597,Ethan Mehta,22,Male,PG,Kinesthetic,3.8,81,4,50.0,10,Greedy Algorithms & Backtracking,Machine Learning Foundations,62,1,Medium,M1 -> M3 -> M5,86,81,Good,Greedy Algorithms & Backtracking
STU1598,Pooja Joshi,19,Female,High School,Kinesthetic,2.78,100,5,23.6,30,Arrays & Hash Maps,"Sorting & Searching Algorithms, Graph Algorithms, System Design Basics & Caching",75,4,Hard,M1 -> M2 -> M6,80,98,Excellent,System Design Basics & Caching
STU1599,Aarav Brown,21,Female,UG,Auditory,2.02,72,3,23.9,10,Greedy Algorithms & Backtracking,Linked Lists & Doubly Linked Lists,95,5,Medium,M1 -> M4 -> M5,91,82,Fair,Sorting & Searching Algorithms
STU1600,Kavya Smith,21,Female,UG,Auditory,3.87,61,5,45.5,10,Greedy Algorithms & Backtracking,System Design Basics & Caching,89,3,Hard,M1 -> M4 -> M6,74,54,Fair,Sorting & Searching Algorithms
STU1601,Noah Verma,18,Female,High School,Kinesthetic,3.33,69,1,50.2,50,Arrays & Hash Maps,"Machine Learning Foundations, Graph Algorithms, Greedy Algorithms & Backtracking, Dynamic Programming, Arrays & Hash Maps",78,3,Hard,M1 -> M4 -> M5,92,59,Good,Sorting & Searching Algorithms
STU1602,Mason Nair,19,Male,PG,Auditory,3.1,92,2,49.6,70,Greedy Algorithms & Backtracking,"Linked Lists & Doubly Linked Lists, System Design Basics & Caching, Dynamic Programming, Stacks & Queues, Greedy Algorithms & Backtracking, Machine Learning Foundations, Trees & Binary Search Trees",79,3,Medium,M1 -> M4 -> M6,85,84,Excellent,Dynamic Programming
STU1603,Priya Sharma,19,Female,UG,Visual,2.46,62,3,25.1,30,Sorting & Searching Algorithms,"Greedy Algorithms & Backtracking, Arrays & Hash Maps, Graph Algorithms",61,3,Medium,M1 -> M3 -> M6,94,68,Good,Stacks & Queues
STU1604,Yash Martinez,25,Female,PG,Kinesthetic,2.12,60,4,34.9,40,Arrays & Hash Maps,"Graph Algorithms, Trees & Binary Search Trees, Linked Lists & Doubly Linked Lists, Dynamic Programming",98,5,Hard,M1 -> M3 -> M5,75,59,Fair,Machine Learning Foundations
STU1605,Dev Sharma,22,Male,High School,Kinesthetic,2.38,64,2,21.1,20,System Design Basics & Caching,"Dynamic Programming, Graph Algorithms",65,2,Hard,M1 -> M3 -> M4,95,57,Good,Machine Learning Foundations
STU1606,Neha Jones,23,Male,UG,Visual,2.04,57,3,55.0,50,Trees & Binary Search Trees,"Greedy Algorithms & Backtracking, Graph Algorithms, Trees & Binary Search Trees, Sorting & Searching Algorithms, Linked Lists & Doubly Linked Lists",90,2,Medium,M1 -> M3 -> M4,72,67,Fail,Linked Lists & Doubly Linked Lists
STU1607,Emma Singh,21,Male,High School,Auditory,2.52,73,2,16.2,20,Linked Lists & Doubly Linked Lists,"Machine Learning Foundations, Arrays & Hash Maps",60,3,Easy,M1 -> M4 -> M6,71,64,Good,Machine Learning Foundations
STU1608,Kavya Singh,20,Male,PG,Auditory,2.53,96,4,20.4,70,Greedy Algorithms & Backtracking,"Trees & Binary Search Trees, Sorting & Searching Algorithms, Machine Learning Foundations, Graph Algorithms, Stacks & Queues, Linked Lists & Doubly Linked Lists, System Design Basics & Caching",86,0,Hard,M1 -> M3 -> M6,88,100,Excellent,System Design Basics & Caching
STU1609,Ishita Nair,20,Female,PG,Visual,3.07,76,5,20.7,60,Sorting & Searching Algorithms,"Trees & Binary Search Trees, Greedy Algorithms & Backtracking, Sorting & Searching Algorithms, Graph Algorithms, Linked Lists & Doubly Linked Lists, Machine Learning Foundations",99,2,Hard,M1 -> M4 -> M6,79,67,Excellent,Trees & Binary Search Trees
STU1610,Neha Joshi,20,Male,UG,Kinesthetic,2.74,68,3,54.4,40,Sorting & Searching Algorithms,"System Design Basics & Caching, Arrays & Hash Maps, Trees & Binary Search Trees, Sorting & Searching Algorithms",70,4,Medium,M1 -> M2 -> M5,71,73,Good,Machine Learning Foundations
STU1611,Liam Miller,19,Female,High School,Auditory,2.52,67,4,37.2,50,Stacks & Queues,"Sorting & Searching Algorithms, Stacks & Queues, Graph Algorithms, Machine Learning Foundations, Dynamic Programming",90,2,Medium,M1 -> M4 -> M5,95,75,Good,Sorting & Searching Algorithms
STU1612,Sneha Verma,22,Female,UG,Visual,2.1,48,5,54.3,10,Dynamic Programming,Machine Learning Foundations,68,3,Hard,M1 -> M2 -> M6,84,49,Fair,Arrays & Hash Maps
STU1613,Olivia Johnson,21,Female,UG,Kinesthetic,2.46,85,1,36.1,90,Sorting & Searching Algorithms,"Graph Algorithms, Dynamic Programming, Arrays & Hash Maps, Machine Learning Foundations, Greedy Algorithms & Backtracking, Linked Lists & Doubly Linked Lists, Sorting & Searching Algorithms, Trees & Binary Search Trees, System Design Basics & Caching",83,2,Hard,M1 -> M4 -> M4,83,76,Excellent,Greedy Algorithms & Backtracking
STU1614,Rohan Brown,18,Male,High School,Kinesthetic,3.49,70,2,20.6,80,Arrays & Hash Maps,"Greedy Algorithms & Backtracking, Stacks & Queues, Dynamic Programming, Linked Lists & Doubly Linked Lists, System Design Basics & Caching, Arrays & Hash Maps, Trees & Binary Search Trees, Machine Learning Foundations",85,0,Easy,M1 -> M2 -> M6,93,78,Good,Machine Learning Foundations
STU1615,Ishita Mehta,26,Female,UG,Visual,2.92,69,3,56.7,100,Sorting & Searching Algorithms,"Stacks & Queues, Trees & Binary Search Trees, Dynamic Programming, Arrays & Hash Maps, System Design Basics & Caching, Graph Algorithms, Machine Learning Foundations, Sorting & Searching Algorithms, Linked Lists & Doubly Linked Lists, Greedy Algorithms & Backtracking",79,4,Medium,M1 -> M4 -> M6,96,73,Good,Stacks & Queues
STU1616,Sophia Miller,19,Male,UG,Kinesthetic,2.39,100,4,47.8,20,Greedy Algorithms & Backtracking,"Graph Algorithms, Stacks & Queues",93,1,Easy,M1 -> M4 -> M5,75,96,Excellent,Graph Algorithms
STU1617,Pooja Joshi,24,Male,UG,Auditory,2.2,76,3,19.5,70,Graph Algorithms,"Arrays & Hash Maps, Graph Algorithms, Machine Learning Foundations, Stacks & Queues, Sorting & Searching Algorithms, Trees & Binary Search Trees, Dynamic Programming",70,4,Medium,M1 -> M2 -> M4,70,70,Good,Greedy Algorithms & Backtracking
STU1618,Liam Singh,26,Male,High School,Auditory,3.55,60,2,34.9,50,Sorting & Searching Algorithms,"Machine Learning Foundations, Sorting & Searching Algorithms, Stacks & Queues, Dynamic Programming, Graph Algorithms",86,3,Hard,M1 -> M2 -> M4,76,60,Good,Sorting & Searching Algorithms
STU1619,Liam Nair,21,Male,PG,Auditory,2.39,65,5,23.4,30,Greedy Algorithms & Backtracking,"System Design Basics & Caching, Trees & Binary Search Trees, Dynamic Programming",82,0,Medium,M1 -> M2 -> M5,94,60,Good,Stacks & Queues
STU1620,Rohan Nair,21,Female,PG,Kinesthetic,2.77,89,3,23.2,100,Dynamic Programming,"Sorting & Searching Algorithms, Trees & Binary Search Trees, Greedy Algorithms & Backtracking, Arrays & Hash Maps, Stacks & Queues, Machine Learning Foundations, System Design Basics & Caching, Dynamic Programming, Graph Algorithms, Linked Lists & Doubly Linked Lists",95,4,Medium,M1 -> M2 -> M6,77,79,Excellent,System Design Basics & Caching
STU1621,Emma Rodriguez,23,Male,UG,Kinesthetic,2.42,73,5,36.4,40,Greedy Algorithms & Backtracking,"Greedy Algorithms & Backtracking, Trees & Binary Search Trees, Linked Lists & Doubly Linked Lists, Machine Learning Foundations",72,2,Easy,M1 -> M4 -> M5,98,68,Good,Machine Learning Foundations
STU1622,Emma Jones,23,Male,PG,Visual,2.82,50,1,36.2,10,Arrays & Hash Maps,Machine Learning Foundations,71,0,Easy,M1 -> M2 -> M4,86,58,Fair,Linked Lists & Doubly Linked Lists
STU1623,Ava Nair,23,Male,High School,Kinesthetic,3.99,85,3,51.5,60,Machine Learning Foundations,"Dynamic Programming, Arrays & Hash Maps, Stacks & Queues, Linked Lists & Doubly Linked Lists, Machine Learning Foundations, System Design Basics & Caching",99,4,Medium,M1 -> M2 -> M5,84,94,Excellent,Trees & Binary Search Trees
STU1624,Aarav Joshi,20,Male,High School,Kinesthetic,3.05,61,5,27.7,10,Dynamic Programming,Arrays & Hash Maps,64,3,Easy,M1 -> M4 -> M5,100,58,Fair,Machine Learning Foundations
STU1625,Isabella Sharma,18,Female,PG,Kinesthetic,3.09,100,5,30.2,80,Sorting & Searching Algorithms,"System Design Basics & Caching, Greedy Algorithms & Backtracking, Sorting & Searching Algorithms, Stacks & Queues, Machine Learning Foundations, Graph Algorithms, Dynamic Programming, Arrays & Hash Maps",66,2,Medium,M1 -> M3 -> M6,75,97,Excellent,Dynamic Programming
STU1626,Arjun Brown,22,Female,High School,Auditory,2.36,88,3,50.7,70,Sorting & Searching Algorithms,"Linked Lists & Doubly Linked Lists, System Design Basics & Caching, Machine Learning Foundations, Stacks & Queues, Sorting & Searching Algorithms, Greedy Algorithms & Backtracking, Arrays & Hash Maps",74,5,Easy,M1 -> M4 -> M5,91,86,Excellent,System Design Basics & Caching
STU1627,Isabella Williams,20,Male,UG,Auditory,2.52,65,4,50.3,40,Graph Algorithms,"Machine Learning Foundations, Trees & Binary Search Trees, Graph Algorithms, Arrays & Hash Maps",84,3,Hard,M1 -> M3 -> M6,87,68,Fair,Sorting & Searching Algorithms
STU1628,Yash Miller,23,Female,UG,Auditory,3.24,91,4,43.8,20,Arrays & Hash Maps,"Dynamic Programming, Machine Learning Foundations",87,2,Hard,M1 -> M4 -> M5,77,100,Excellent,Dynamic Programming
STU1629,Yash Jones,26,Female,High School,Auditory,2.95,73,1,34.4,20,Stacks & Queues,"Graph Algorithms, Trees & Binary Search Trees",77,2,Medium,M1 -> M3 -> M4,87,63,Fair,Sorting & Searching Algorithms
STU1630,Aditya Jones,18,Female,High School,Auditory,3.26,84,4,50.4,40,Dynamic Programming,"Sorting & Searching Algorithms, Linked Lists & Doubly Linked Lists, Greedy Algorithms & Backtracking, Stacks & Queues",71,3,Hard,M1 -> M2 -> M4,100,79,Good,Trees & Binary Search Trees
STU1631,Meera Joshi,23,Female,High School,Visual,2.73,79,5,53.8,80,Stacks & Queues,"Linked Lists & Doubly Linked Lists, Stacks & Queues, Trees & Binary Search Trees, Arrays & Hash Maps, Dynamic Programming, Graph Algorithms, System Design Basics & Caching, Machine Learning Foundations",82,4,Easy,M1 -> M4 -> M5,80,81,Good,Trees & Binary Search Trees
STU1632,Arjun Sharma,18,Male,UG,Auditory,3.62,59,2,55.6,40,Dynamic Programming,"Machine Learning Foundations, Arrays & Hash Maps, Trees & Binary Search Trees, System Design Basics & Caching",77,0,Medium,M1 -> M4 -> M5,90,55,Fail,Linked Lists & Doubly Linked Lists
STU1633,Rahul Rodriguez,26,Female,UG,Kinesthetic,3.87,62,4,51.1,50,Machine Learning Foundations,"Machine Learning Foundations, Greedy Algorithms & Backtracking, System Design Basics & Caching, Dynamic Programming, Arrays & Hash Maps",87,0,Easy,M1 -> M2 -> M5,77,66,Good,Sorting & Searching Algorithms
STU1634,Ananya Verma,22,Male,PG,Kinesthetic,2.98,87,4,25.7,50,Graph Algorithms,"Trees & Binary Search Trees, Dynamic Programming, Greedy Algorithms & Backtracking, Arrays & Hash Maps, Sorting & Searching Algorithms",89,3,Hard,M1 -> M3 -> M5,85,86,Good,Greedy Algorithms & Backtracking
STU1635,Ethan Sharma,23,Female,UG,Kinesthetic,2.87,66,5,47.6,20,System Design Basics & Caching,"Stacks & Queues, Graph Algorithms",79,0,Easy,M1 -> M4 -> M5,90,58,Good,Machine Learning Foundations
STU1636,Aditya Gupta,26,Female,High School,Auditory,2.41,65,2,40.9,50,Machine Learning Foundations,"Stacks & Queues, Linked Lists & Doubly Linked Lists, Machine Learning Foundations, System Design Basics & Caching, Dynamic Programming",97,4,Hard,M1 -> M2 -> M5,95,55,Fair,Sorting & Searching Algorithms
STU1637,Aarav Jones,19,Male,High School,Kinesthetic,3.39,57,4,18.2,50,Graph Algorithms,"System Design Basics & Caching, Graph Algorithms, Sorting & Searching Algorithms, Trees & Binary Search Trees, Dynamic Programming",77,0,Medium,M1 -> M4 -> M6,82,47,Fair,Arrays & Hash Maps
STU1638,Ishita Smith,24,Male,PG,Visual,3.78,78,3,51.7,70,Graph Algorithms,"Sorting & Searching Algorithms, Greedy Algorithms & Backtracking, Dynamic Programming, Trees & Binary Search Trees, Machine Learning Foundations, System Design Basics & Caching, Graph Algorithms",87,3,Easy,M1 -> M3 -> M5,87,79,Excellent,Greedy Algorithms & Backtracking
STU1639,Rahul Sharma,26,Female,PG,Visual,3.17,100,1,27.9,50,Sorting & Searching Algorithms,"Sorting & Searching Algorithms, Stacks & Queues, Linked Lists & Doubly Linked Lists, Trees & Binary Search Trees, System Design Basics & Caching",99,4,Hard,M1 -> M4 -> M4,87,100,Excellent,Dynamic Programming
STU1640,Meera Singh,25,Female,UG,Kinesthetic,2.55,55,1,33.6,30,Arrays & Hash Maps,"Dynamic Programming, Linked Lists & Doubly Linked Lists, Sorting & Searching Algorithms",98,1,Hard,M1 -> M4 -> M4,86,58,Fair,Linked Lists & Doubly Linked Lists
STU1641,Olivia Nair,18,Male,UG,Auditory,2.28,72,1,23.7,70,Dynamic Programming,"Trees & Binary Search Trees, Arrays & Hash Maps, Machine Learning Foundations, Linked Lists & Doubly Linked Lists, System Design Basics & Caching, Stacks & Queues, Dynamic Programming",94,5,Easy,M1 -> M2 -> M4,73,65,Fair,Sorting & Searching Algorithms
STU1642,Olivia Miller,22,Male,UG,Auditory,2.5,93,5,32.7,90,Sorting & Searching Algorithms,"Sorting & Searching Algorithms, System Design Basics & Caching, Greedy Algorithms & Backtracking, Stacks & Queues, Dynamic Programming, Linked Lists & Doubly Linked Lists, Machine Learning Foundations, Graph Algorithms, Arrays & Hash Maps",81,0,Medium,M1 -> M3 -> M6,99,91,Excellent,System Design Basics & Caching
STU1643,Kavya Jones,26,Male,UG,Visual,3.87,70,5,34.4,100,System Design Basics & Caching,"Trees & Binary Search Trees, System Design Basics & Caching, Greedy Algorithms & Backtracking, Sorting & Searching Algorithms, Arrays & Hash Maps, Linked Lists & Doubly Linked Lists, Stacks & Queues, Graph Algorithms, Machine Learning Foundations, Dynamic Programming",75,5,Hard,M1 -> M4 -> M6,83,68,Good,Stacks & Queues
STU1644,Rohan Jones,26,Male,UG,Kinesthetic,2.77,78,5,48.7,10,Linked Lists & Doubly Linked Lists,Machine Learning Foundations,67,5,Medium,M1 -> M3 -> M6,90,83,Excellent,Greedy Algorithms & Backtracking
STU1645,Riya Kumar,21,Female,PG,Kinesthetic,2.57,56,4,40.4,70,System Design Basics & Caching,"Sorting & Searching Algorithms, Linked Lists & Doubly Linked Lists, Greedy Algorithms & Backtracking, Graph Algorithms, Trees & Binary Search Trees, System Design Basics & Caching, Machine Learning Foundations",98,0,Easy,M1 -> M4 -> M5,89,47,Fail,Arrays & Hash Maps
STU1646,Emma Martinez,23,Male,High School,Visual,3.08,78,3,55.5,80,Stacks & Queues,"Linked Lists & Doubly Linked Lists, Stacks & Queues, Machine Learning Foundations, Dynamic Programming, System Design Basics & Caching, Arrays & Hash Maps, Graph Algorithms, Sorting & Searching Algorithms",84,1,Easy,M1 -> M3 -> M6,74,69,Excellent,Trees & Binary Search Trees
STU1647,Priya Williams,23,Female,UG,Visual,3.26,69,2,28.0,40,Machine Learning Foundations,"Trees & Binary Search Trees, Sorting & Searching Algorithms, Arrays & Hash Maps, Graph Algorithms",68,3,Easy,M1 -> M3 -> M4,71,79,Fair,Stacks & Queues
STU1648,Meera Smith,23,Female,High School,Kinesthetic,2.55,86,2,48.9,30,Arrays & Hash Maps,"Stacks & Queues, Graph Algorithms, System Design Basics & Caching",82,0,Hard,M1 -> M2 -> M6,76,83,Excellent,Trees & Binary Search Trees
STU1649,Neha Miller,18,Female,High School,Visual,2.53,89,1,16.1,10,Graph Algorithms,Trees & Binary Search Trees,99,0,Hard,M1 -> M2 -> M6,75,86,Excellent,System Design Basics & Caching
STU1650,Emma Smith,21,Male,UG,Auditory,3.26,100,4,32.9,40,Greedy Algorithms & Backtracking,"Dynamic Programming, Sorting & Searching Algorithms, System Design Basics & Caching, Stacks & Queues",88,1,Medium,M1 -> M3 -> M4,80,99,Excellent,Dynamic Programming
STU1651,Tanvi Gupta,22,Female,High School,Visual,3.82,80,5,27.0,70,Dynamic Programming,"Linked Lists & Doubly Linked Lists, Sorting & Searching Algorithms, Trees & Binary Search Trees, Graph Algorithms, Machine Learning Foundations, Dynamic Programming, System Design Basics & Caching",89,5,Hard,M1 -> M3 -> M4,73,76,Good,Trees & Binary Search Trees
STU1652,Mason Nair,21,Male,PG,Visual,2.87,76,5,18.1,80,Machine Learning Foundations,"System Design Basics & Caching, Sorting & Searching Algorithms, Stacks & Queues, Greedy Algorithms & Backtracking, Trees & Binary Search Trees, Machine Learning Foundations, Linked Lists & Doubly Linked Lists, Arrays & Hash Maps",68,4,Easy,M1 -> M2 -> M5,92,85,Good,Greedy Algorithms & Backtracking
STU1653,Priya Singh,25,Female,PG,Visual,3.13,74,1,34.0,60,Sorting & Searching Algorithms,"Greedy Algorithms & Backtracking, Linked Lists & Doubly Linked Lists, Graph Algorithms, Dynamic Programming, System Design Basics & Caching, Arrays & Hash Maps",71,1,Hard,M1 -> M4 -> M6,80,83,Good,Machine Learning Foundations
STU1654,Rohan Verma,18,Female,UG,Visual,2.79,66,2,48.7,40,Dynamic Programming,"Graph Algorithms, Machine Learning Foundations, System Design Basics & Caching, Linked Lists & Doubly Linked Lists",96,3,Hard,M1 -> M2 -> M4,94,56,Good,Stacks & Queues
STU1655,Alex Verma,25,Male,High School,Auditory,2.8,77,4,19.8,90,Trees & Binary Search Trees,"Sorting & Searching Algorithms, Stacks & Queues, Greedy Algorithms & Backtracking, Graph Algorithms, Arrays & Hash Maps, Dynamic Programming, Trees & Binary Search Trees, System Design Basics & Caching, Linked Lists & Doubly Linked Lists",98,1,Easy,M1 -> M2 -> M4,71,85,Excellent,Trees & Binary Search Trees
STU1656,Ananya Verma,24,Male,PG,Visual,2.68,67,1,36.6,70,Greedy Algorithms & Backtracking,"Greedy Algorithms & Backtracking, Sorting & Searching Algorithms, Graph Algorithms, Trees & Binary Search Trees, Stacks & Queues, Machine Learning Foundations, Dynamic Programming",95,5,Easy,M1 -> M4 -> M4,79,65,Good,Stacks & Queues
STU1657,Olivia Brown,21,Male,High School,Kinesthetic,2.57,74,4,48.1,70,Sorting & Searching Algorithms,"Dynamic Programming, System Design Basics & Caching, Graph Algorithms, Machine Learning Foundations, Arrays & Hash Maps, Stacks & Queues, Greedy Algorithms & Backtracking",81,0,Easy,M1 -> M2 -> M5,96,80,Good,Machine Learning Foundations
STU1658,Kavya Gupta,25,Female,PG,Kinesthetic,2.77,91,4,48.5,100,Sorting & Searching Algorithms,"Machine Learning Foundations, Dynamic Programming, Sorting & Searching Algorithms, System Design Basics & Caching, Trees & Binary Search Trees, Arrays & Hash Maps, Graph Algorithms, Stacks & Queues, Greedy Algorithms & Backtracking, Linked Lists & Doubly Linked Lists",69,1,Medium,M1 -> M3 -> M6,86,89,Excellent,System Design Basics & Caching
STU1659,Alex Singh,19,Male,PG,Visual,2.37,56,3,36.6,30,Sorting & Searching Algorithms,"Linked Lists & Doubly Linked Lists, Graph Algorithms, Sorting & Searching Algorithms",97,5,Easy,M1 -> M3 -> M6,77,61,Fail,Arrays & Hash Maps
STU1660,Arjun Brown,18,Female,High School,Auditory,2.29,89,2,50.6,70,Graph Algorithms,"Trees & Binary Search Trees, Arrays & Hash Maps, Stacks & Queues, Graph Algorithms, Machine Learning Foundations, System Design Basics & Caching, Dynamic Programming",69,1,Easy,M1 -> M2 -> M4,89,85,Excellent,System Design Basics & Caching
STU1661,Kavya Singh,22,Male,PG,Visual,2.33,91,1,35.7,60,Arrays & Hash Maps,"Linked Lists & Doubly Linked Lists, Graph Algorithms, Dynamic Programming, Machine Learning Foundations, System Design Basics & Caching, Stacks & Queues",87,5,Easy,M1 -> M4 -> M5,89,82,Excellent,System Design Basics & Caching
STU1662,Isabella Davis,25,Male,PG,Kinesthetic,2.59,70,4,34.4,80,Dynamic Programming,"Greedy Algorithms & Backtracking, Arrays & Hash Maps, System Design Basics & Caching, Trees & Binary Search Trees, Graph Algorithms, Linked Lists & Doubly Linked Lists, Stacks & Queues, Sorting & Searching Algorithms",85,3,Easy,M1 -> M3 -> M6,91,78,Fair,Machine Learning Foundations
STU1663,Alex Rao,21,Female,PG,Visual,3.76,40,4,22.4,60,Arrays & Hash Maps,"System Design Basics & Caching, Sorting & Searching Algorithms, Machine Learning Foundations, Graph Algorithms, Linked Lists & Doubly Linked Lists, Stacks & Queues",90,1,Medium,M1 -> M2 -> M4,84,40,Fail,Arrays & Hash Maps
STU1664,Meera Mehta,22,Female,PG,Kinesthetic,3.21,62,2,23.7,30,Greedy Algorithms & Backtracking,"Arrays & Hash Maps, Graph Algorithms, Greedy Algorithms & Backtracking",75,2,Easy,M1 -> M3 -> M5,71,63,Good,Machine Learning Foundations
STU1665,Priya Rao,24,Male,PG,Visual,3.96,91,3,58.7,90,Dynamic Programming,"Stacks & Queues, System Design Basics & Caching, Dynamic Programming, Greedy Algorithms & Backtracking, Sorting & Searching Algorithms, Graph Algorithms, Trees & Binary Search Trees, Machine Learning Foundations, Arrays & Hash Maps",98,2,Hard,M1 -> M2 -> M6,91,100,Excellent,Graph Algorithms
STU1666,Kavya Patel,26,Female,PG,Kinesthetic,2.65,71,1,53.3,20,Trees & Binary Search Trees,"Graph Algorithms, Machine Learning Foundations",94,1,Easy,M1 -> M2 -> M6,87,61,Fair,Machine Learning Foundations
STU1667,Priya Williams,21,Female,UG,Auditory,3.17,57,5,39.8,30,Trees & Binary Search Trees,"Greedy Algorithms & Backtracking, Machine Learning Foundations, Trees & Binary Search Trees",60,0,Easy,M1 -> M2 -> M4,82,53,Fail,Arrays & Hash Maps
STU1668,Priya Miller,23,Male,High School,Visual,3.25,64,1,56.8,40,Machine Learning Foundations,"Linked Lists & Doubly Linked Lists, Sorting & Searching Algorithms, Stacks & Queues, Machine Learning Foundations",75,3,Medium,M1 -> M4 -> M4,94,54,Fair,Stacks & Queues
STU1669,Yash Davis,20,Male,High School,Auditory,2.09,84,1,52.5,40,Linked Lists & Doubly Linked Lists,"System Design Basics & Caching, Dynamic Programming, Greedy Algorithms & Backtracking, Linked Lists & Doubly Linked Lists",71,4,Hard,M1 -> M2 -> M4,94,88,Good,Trees & Binary Search Trees
STU1670,Meera Smith,24,Male,High School,Kinesthetic,2.01,80,4,54.1,20,Machine Learning Foundations,"Linked Lists & Doubly Linked Lists, Greedy Algorithms & Backtracking",73,1,Medium,M1 -> M4 -> M4,76,86,Excellent,Trees & Binary Search Trees
STU1671,Isabella Garcia,19,Female,High School,Auditory,2.57,68,2,36.7,80,Graph Algorithms,"Dynamic Programming, Linked Lists & Doubly Linked Lists, System Design Basics & Caching, Trees & Binary Search Trees, Sorting & Searching Algorithms, Arrays & Hash Maps, Machine Learning Foundations, Graph Algorithms",94,1,Hard,M1 -> M2 -> M4,77,74,Good,Sorting & Searching Algorithms
STU1672,Aarav Davis,21,Female,PG,Kinesthetic,3.14,66,1,32.1,20,Stacks & Queues,"Trees & Binary Search Trees, Stacks & Queues",60,0,Hard,M1 -> M2 -> M5,72,73,Fair,Machine Learning Foundations
STU1673,Sneha Singh,23,Male,PG,Auditory,2.77,66,4,36.0,60,Stacks & Queues,"Arrays & Hash Maps, Stacks & Queues, Linked Lists & Doubly Linked Lists, Greedy Algorithms & Backtracking, Machine Learning Foundations, Sorting & Searching Algorithms",82,5,Medium,M1 -> M2 -> M5,91,56,Fair,Sorting & Searching Algorithms
STU1674,Priya Patel,24,Female,PG,Visual,2.23,58,1,30.0,70,Greedy Algorithms & Backtracking,"System Design Basics & Caching, Dynamic Programming, Stacks & Queues, Graph Algorithms, Arrays & Hash Maps, Linked Lists & Doubly Linked Lists, Greedy Algorithms & Backtracking",92,3,Easy,M1 -> M3 -> M5,94,48,Fail,Linked Lists & Doubly Linked Lists
STU1675,Neha Kumar,18,Female,High School,Auditory,3.37,96,5,38.5,60,Trees & Binary Search Trees,"Arrays & Hash Maps, Graph Algorithms, Machine Learning Foundations, Stacks & Queues, Linked Lists & Doubly Linked Lists, Greedy Algorithms & Backtracking",64,0,Medium,M1 -> M2 -> M5,95,96,Excellent,Dynamic Programming
STU1676,Aarav Miller,22,Female,High School,Kinesthetic,2.58,67,4,17.2,80,Greedy Algorithms & Backtracking,"Arrays & Hash Maps, Trees & Binary Search Trees, Greedy Algorithms & Backtracking, Graph Algorithms, Stacks & Queues, System Design Basics & Caching, Dynamic Programming, Sorting & Searching Algorithms",60,4,Medium,M1 -> M2 -> M6,82,65,Fair,Machine Learning Foundations
STU1677,Emma Rao,18,Female,PG,Visual,2.64,90,2,34.9,10,Linked Lists & Doubly Linked Lists,Greedy Algorithms & Backtracking,89,5,Hard,M1 -> M3 -> M4,74,97,Excellent,System Design Basics & Caching
STU1678,Neha Rodriguez,18,Male,PG,Kinesthetic,3.82,94,2,17.8,30,Arrays & Hash Maps,"Sorting & Searching Algorithms, Linked Lists & Doubly Linked Lists, System Design Basics & Caching",72,2,Easy,M1 -> M3 -> M6,72,100,Excellent,Graph Algorithms
STU1679,Pooja Verma,23,Male,High School,Auditory,2.08,86,1,35.7,60,Linked Lists & Doubly Linked Lists,"Linked Lists & Doubly Linked Lists, Greedy Algorithms & Backtracking, Graph Algorithms, Dynamic Programming, Trees & Binary Search Trees, Arrays & Hash Maps",85,2,Hard,M1 -> M4 -> M5,87,88,Excellent,Trees & Binary Search Trees
STU1680,Vikram Patel,20,Female,High School,Auditory,3.48,65,1,59.9,100,Arrays & Hash Maps,"Graph Algorithms, Machine Learning Foundations, Linked Lists & Doubly Linked Lists, Greedy Algorithms & Backtracking, System Design Basics & Caching, Sorting & Searching Algorithms, Arrays & Hash Maps, Stacks & Queues, Trees & Binary Search Trees, Dynamic Programming",77,2,Medium,M1 -> M4 -> M5,84,68,Good,Sorting & Searching Algorithms
STU1681,Mason Patel,23,Male,UG,Kinesthetic,2.8,78,1,40.6,10,Linked Lists & Doubly Linked Lists,Greedy Algorithms & Backtracking,66,3,Medium,M1 -> M2 -> M5,94,69,Excellent,Greedy Algorithms & Backtracking
STU1682,Rahul Singh,21,Male,UG,Kinesthetic,3.97,71,4,44.6,40,Graph Algorithms,"Greedy Algorithms & Backtracking, System Design Basics & Caching, Stacks & Queues, Trees & Binary Search Trees",80,1,Hard,M1 -> M4 -> M5,88,81,Fair,Machine Learning Foundations
STU1683,Liam Kumar,26,Female,PG,Kinesthetic,3.11,58,2,42.9,40,Sorting & Searching Algorithms,"System Design Basics & Caching, Greedy Algorithms & Backtracking, Stacks & Queues, Trees & Binary Search Trees",72,1,Hard,M1 -> M4 -> M5,90,48,Fair,Linked Lists & Doubly Linked Lists
STU1684,Neha Nair,18,Male,PG,Kinesthetic,2.8,76,3,21.1,70,Trees & Binary Search Trees,"Machine Learning Foundations, System Design Basics & Caching, Graph Algorithms, Dynamic Programming, Trees & Binary Search Trees, Stacks & Queues, Greedy Algorithms & Backtracking",89,1,Medium,M1 -> M3 -> M6,95,77,Good,Greedy Algorithms & Backtracking
STU1685,Rahul Mehta,19,Female,PG,Auditory,2.81,54,2,53.6,30,Greedy Algorithms & Backtracking,"Trees & Binary Search Trees, Sorting & Searching Algorithms, Machine Learning Foundations",60,3,Medium,M1 -> M2 -> M5,76,51,Fail,Linked Lists & Doubly Linked Lists
STU1686,Aditya Verma,19,Female,PG,Visual,2.18,89,2,51.0,70,Trees & Binary Search Trees,"Graph Algorithms, Sorting & Searching Algorithms, Stacks & Queues, Dynamic Programming, Trees & Binary Search Trees, Linked Lists & Doubly Linked Lists, System Design Basics & Caching",93,4,Medium,M1 -> M2 -> M4,84,80,Excellent,System Design Basics & Caching
STU1687,Ishita Nair,22,Female,UG,Kinesthetic,2.23,65,1,36.0,50,Trees & Binary Search Trees,"Graph Algorithms, Machine Learning Foundations, Stacks & Queues, Arrays & Hash Maps, Dynamic Programming",76,4,Medium,M1 -> M3 -> M6,75,57,Good,Machine Learning Foundations
STU1688,Alex Davis,26,Female,High School,Kinesthetic,3.54,75,1,59.0,70,Trees & Binary Search Trees,"System Design Basics & Caching, Linked Lists & Doubly Linked Lists, Sorting & Searching Algorithms, Arrays & Hash Maps, Machine Learning Foundations, Graph Algorithms, Dynamic Programming",86,2,Medium,M1 -> M3 -> M6,79,70,Good,Trees & Binary Search Trees
STU1689,Yash Martinez,26,Female,High School,Auditory,2.88,76,5,51.5,40,Sorting & Searching Algorithms,"Trees & Binary Search Trees, System Design Basics & Caching, Greedy Algorithms & Backtracking, Stacks & Queues",83,1,Easy,M1 -> M3 -> M5,78,77,Good,Trees & Binary Search Trees
STU1690,Alex Patel,26,Male,UG,Auditory,3.77,68,5,22.7,30,Trees & Binary Search Trees,"Arrays & Hash Maps, Sorting & Searching Algorithms, Greedy Algorithms & Backtracking",80,5,Hard,M1 -> M2 -> M6,72,62,Fair,Sorting & Searching Algorithms
STU1691,Aditya Williams,22,Male,PG,Auditory,3.07,80,4,15.6,70,Stacks & Queues,"Graph Algorithms, Trees & Binary Search Trees, Arrays & Hash Maps, Dynamic Programming, Sorting & Searching Algorithms, Greedy Algorithms & Backtracking, Stacks & Queues",86,5,Easy,M1 -> M2 -> M6,82,89,Excellent,Greedy Algorithms & Backtracking
STU1692,Alex Brown,21,Female,UG,Kinesthetic,2.2,64,4,30.2,30,Linked Lists & Doubly Linked Lists,"System Design Basics & Caching, Greedy Algorithms & Backtracking, Arrays & Hash Maps",87,0,Medium,M1 -> M3 -> M4,88,54,Good,Machine Learning Foundations
STU1693,Priya Gupta,20,Female,High School,Visual,3.45,85,1,23.4,40,Linked Lists & Doubly Linked Lists,"Dynamic Programming, Arrays & Hash Maps, System Design Basics & Caching, Stacks & Queues",90,1,Hard,M1 -> M4 -> M4,74,78,Excellent,Trees & Binary Search Trees
STU1694,Isabella Kumar,18,Female,High School,Auditory,3.5,51,2,16.5,100,System Design Basics & Caching,"Graph Algorithms, Stacks & Queues, Sorting & Searching Algorithms, Arrays & Hash Maps, Trees & Binary Search Trees, Machine Learning Foundations, Greedy Algorithms & Backtracking, Linked Lists & Doubly Linked Lists, System Design Basics & Caching, Dynamic Programming",63,5,Medium,M1 -> M3 -> M4,82,41,Fair,Arrays & Hash Maps
STU1695,Alex Garcia,21,Female,High School,Visual,3.41,73,4,46.4,90,Dynamic Programming,"Linked Lists & Doubly Linked Lists, Sorting & Searching Algorithms, System Design Basics & Caching, Machine Learning Foundations, Graph Algorithms, Stacks & Queues, Greedy Algorithms & Backtracking, Dynamic Programming, Trees & Binary Search Trees",73,3,Easy,M1 -> M4 -> M4,80,73,Fair,Stacks & Queues
STU1696,Meera Garcia,25,Male,UG,Auditory,2.87,100,5,19.7,80,Graph Algorithms,"Linked Lists & Doubly Linked Lists, Arrays & Hash Maps, Sorting & Searching Algorithms, Graph Algorithms, Machine Learning Foundations, Dynamic Programming, Stacks & Queues, Trees & Binary Search Trees",60,2,Easy,M1 -> M2 -> M6,77,100,Excellent,System Design Basics & Caching
STU1697,Olivia Brown,18,Male,PG,Auditory,3.53,56,3,28.8,70,Machine Learning Foundations,"Dynamic Programming, Machine Learning Foundations, Arrays & Hash Maps, System Design Basics & Caching, Graph Algorithms, Trees & Binary Search Trees, Linked Lists & Doubly Linked Lists",89,3,Easy,M1 -> M2 -> M4,71,48,Fair,Linked Lists & Doubly Linked Lists
STU1698,Siddharth Rao,20,Female,High School,Kinesthetic,2.27,61,3,30.5,50,Graph Algorithms,"Linked Lists & Doubly Linked Lists, System Design Basics & Caching, Arrays & Hash Maps, Dynamic Programming, Machine Learning Foundations",78,0,Medium,M1 -> M3 -> M5,77,61,Fair,Machine Learning Foundations
STU1699,Neha Nair,21,Female,UG,Kinesthetic,3.89,79,2,36.9,60,Arrays & Hash Maps,"Greedy Algorithms & Backtracking, Dynamic Programming, Sorting & Searching Algorithms, System Design Basics & Caching, Stacks & Queues, Trees & Binary Search Trees",76,4,Easy,M1 -> M4 -> M6,80,71,Excellent,Greedy Algorithms & Backtracking
STU1700,Neha Kumar,23,Female,UG,Auditory,3.59,74,3,49.8,10,Linked Lists & Doubly Linked Lists,Greedy Algorithms & Backtracking,70,3,Hard,M1 -> M4 -> M5,91,77,Fair,Sorting & Searching Algorithms
STU1701,Karan Kumar,21,Female,UG,Auditory,3.36,77,1,17.6,100,Machine Learning Foundations,"Machine Learning Foundations, Arrays & Hash Maps, Stacks & Queues, System Design Basics & Caching, Linked Lists & Doubly Linked Lists, Graph Algorithms, Greedy Algorithms & Backtracking, Sorting & Searching Algorithms, Dynamic Programming, Trees & Binary Search Trees",76,0,Easy,M1 -> M2 -> M5,83,85,Good,Greedy Algorithms & Backtracking
STU1702,Sophia Smith,25,Female,High School,Kinesthetic,3.09,79,4,46.7,20,Trees & Binary Search Trees,"Machine Learning Foundations, Greedy Algorithms & Backtracking",81,1,Easy,M1 -> M2 -> M5,93,82,Excellent,Trees & Binary Search Trees
STU1703,Sophia Kumar,18,Female,High School,Kinesthetic,2.71,81,2,26.9,10,Dynamic Programming,Trees & Binary Search Trees,86,0,Easy,M1 -> M2 -> M5,86,76,Excellent,Greedy Algorithms & Backtracking
STU1704,Alex Williams,23,Male,PG,Visual,3.38,88,5,18.0,10,Graph Algorithms,Linked Lists & Doubly Linked Lists,65,3,Hard,M1 -> M2 -> M6,77,79,Excellent,Graph Algorithms
STU1705,Siddharth Johnson,22,Female,High School,Kinesthetic,3.3,78,1,43.4,40,Dynamic Programming,"Dynamic Programming, Arrays & Hash Maps, Stacks & Queues, Sorting & Searching Algorithms",72,0,Hard,M1 -> M4 -> M4,99,70,Good,Trees & Binary Search Trees
STU1706,Ananya Rodriguez,21,Female,UG,Kinesthetic,3.95,68,4,29.0,70,Greedy Algorithms & Backtracking,"Greedy Algorithms & Backtracking, Machine Learning Foundations, System Design Basics & Caching, Linked Lists & Doubly Linked Lists, Trees & Binary Search Trees, Stacks & Queues, Sorting & Searching Algorithms",82,2,Hard,M1 -> M2 -> M5,73,77,Fair,Machine Learning Foundations
STU1707,Karan Nair,21,Female,PG,Kinesthetic,2.22,82,5,24.2,10,Stacks & Queues,Dynamic Programming,80,2,Hard,M1 -> M4 -> M6,94,76,Good,Greedy Algorithms & Backtracking
STU1708,Vikram Mehta,21,Male,High School,Auditory,3.36,100,3,48.6,20,Graph Algorithms,"System Design Basics & Caching, Sorting & Searching Algorithms",61,3,Medium,M1 -> M3 -> M4,74,100,Excellent,Dynamic Programming
STU1709,Aarav Williams,25,Female,PG,Visual,2.64,70,4,34.7,20,Graph Algorithms,"Graph Algorithms, System Design Basics & Caching",66,3,Hard,M1 -> M4 -> M5,74,74,Fair,Stacks & Queues
STU1710,Liam Rodriguez,25,Male,High School,Visual,3.17,57,3,52.1,10,Dynamic Programming,Machine Learning Foundations,70,2,Hard,M1 -> M2 -> M4,95,58,Fail,Arrays & Hash Maps
STU1711,Siddharth Martinez,21,Female,UG,Visual,2.32,88,1,32.3,90,Stacks & Queues,"System Design Basics & Caching, Graph Algorithms, Linked Lists & Doubly Linked Lists, Machine Learning Foundations, Sorting & Searching Algorithms, Dynamic Programming, Stacks & Queues, Trees & Binary Search Trees, Greedy Algorithms & Backtracking",81,4,Hard,M1 -> M4 -> M6,88,86,Excellent,System Design Basics & Caching
STU1712,Karan Williams,22,Female,UG,Auditory,3.53,70,3,18.3,30,Trees & Binary Search Trees,"Machine Learning Foundations, Arrays & Hash Maps, System Design Basics & Caching",83,1,Medium,M1 -> M4 -> M6,85,77,Fair,Sorting & Searching Algorithms
STU1713,Kavya Smith,22,Female,High School,Visual,3.0,39,1,48.7,80,Greedy Algorithms & Backtracking,"Machine Learning Foundations, Sorting & Searching Algorithms, Arrays & Hash Maps, Greedy Algorithms & Backtracking, System Design Basics & Caching, Stacks & Queues, Trees & Binary Search Trees, Linked Lists & Doubly Linked Lists",99,5,Hard,M1 -> M3 -> M4,100,40,Fair,Linked Lists & Doubly Linked Lists
STU1714,Mason Verma,20,Male,High School,Kinesthetic,2.62,84,4,25.9,20,Greedy Algorithms & Backtracking,"Greedy Algorithms & Backtracking, Arrays & Hash Maps",87,0,Easy,M1 -> M3 -> M4,91,83,Good,Trees & Binary Search Trees
STU1715,Aarav Garcia,20,Male,UG,Auditory,2.7,63,2,54.1,60,Stacks & Queues,"Greedy Algorithms & Backtracking, Sorting & Searching Algorithms, Graph Algorithms, System Design Basics & Caching, Linked Lists & Doubly Linked Lists, Machine Learning Foundations",95,3,Hard,M1 -> M2 -> M5,71,66,Good,Sorting & Searching Algorithms
STU1716,Isabella Williams,26,Male,UG,Auditory,3.49,70,4,18.6,20,Sorting & Searching Algorithms,"Sorting & Searching Algorithms, Dynamic Programming",86,3,Easy,M1 -> M2 -> M6,83,67,Good,Sorting & Searching Algorithms
STU1717,Arjun Nair,24,Male,UG,Kinesthetic,3.77,76,3,33.7,60,Linked Lists & Doubly Linked Lists,"Dynamic Programming, Linked Lists & Doubly Linked Lists, System Design Basics & Caching, Greedy Algorithms & Backtracking, Machine Learning Foundations, Graph Algorithms",72,1,Medium,M1 -> M4 -> M4,82,85,Good,Greedy Algorithms & Backtracking
STU1718,Arjun Patel,20,Male,High School,Kinesthetic,3.42,74,2,18.8,100,Greedy Algorithms & Backtracking,"Graph Algorithms, System Design Basics & Caching, Dynamic Programming, Machine Learning Foundations, Trees & Binary Search Trees, Greedy Algorithms & Backtracking, Stacks & Queues, Sorting & Searching Algorithms, Linked Lists & Doubly Linked Lists, Arrays & Hash Maps",87,1,Medium,M1 -> M4 -> M4,92,70,Good,Stacks & Queues
STU1719,Arjun Rodriguez,20,Male,UG,Kinesthetic,3.46,82,4,41.4,70,Graph Algorithms,"Stacks & Queues, Trees & Binary Search Trees, Arrays & Hash Maps, Greedy Algorithms & Backtracking, Linked Lists & Doubly Linked Lists, System Design Basics & Caching, Machine Learning Foundations",60,0,Easy,M1 -> M2 -> M6,88,88,Good,Greedy Algorithms & Backtracking
STU1720,Ava Brown,21,Female,PG,Kinesthetic,2.03,65,4,23.5,90,Sorting & Searching Algorithms,"Sorting & Searching Algorithms, Trees & Binary Search Trees, Dynamic Programming, Arrays & Hash Maps, System Design Basics & Caching, Linked Lists & Doubly Linked Lists, Graph Algorithms, Greedy Algorithms & Backtracking, Stacks & Queues",86,3,Medium,M1 -> M3 -> M5,82,74,Good,Machine Learning Foundations
STU1721,Sophia Rao,20,Female,High School,Visual,3.6,79,2,36.1,10,Arrays & Hash Maps,Trees & Binary Search Trees,61,1,Hard,M1 -> M4 -> M4,84,78,Excellent,Trees & Binary Search Trees
STU1722,Ava Williams,21,Female,High School,Kinesthetic,3.45,68,1,45.9,60,Dynamic Programming,"Linked Lists & Doubly Linked Lists, Machine Learning Foundations, Stacks & Queues, Arrays & Hash Maps, System Design Basics & Caching, Graph Algorithms",87,5,Medium,M1 -> M4 -> M6,100,62,Good,Machine Learning Foundations
STU1723,Emma Patel,26,Female,High School,Kinesthetic,3.94,83,5,49.3,20,Linked Lists & Doubly Linked Lists,"Linked Lists & Doubly Linked Lists, Stacks & Queues",89,3,Medium,M1 -> M2 -> M6,83,85,Good,Trees & Binary Search Trees
STU1724,Arjun Mehta,24,Female,UG,Visual,3.01,81,1,23.7,40,Stacks & Queues,"Dynamic Programming, Sorting & Searching Algorithms, Graph Algorithms, Stacks & Queues",91,4,Medium,M1 -> M2 -> M4,81,77,Excellent,Trees & Binary Search Trees
STU1725,Kavya Joshi,19,Male,High School,Kinesthetic,2.5,57,3,17.1,60,Stacks & Queues,"Greedy Algorithms & Backtracking, Sorting & Searching Algorithms, Dynamic Programming, Trees & Binary Search Trees, Arrays & Hash Maps, Graph Algorithms",75,0,Medium,M1 -> M4 -> M4,95,49,Fair,Arrays & Hash Maps
STU1726,Rahul Williams,23,Male,UG,Kinesthetic,2.58,88,1,55.8,90,Machine Learning Foundations,"Linked Lists & Doubly Linked Lists, System Design Basics & Caching, Sorting & Searching Algorithms, Machine Learning Foundations, Greedy Algorithms & Backtracking, Graph Algorithms, Dynamic Programming, Stacks & Queues, Arrays & Hash Maps",64,2,Medium,M1 -> M3 -> M5,83,86,Excellent,System Design Basics & Caching
STU1727,Yash Patel,21,Female,PG,Visual,2.82,63,4,19.9,60,Greedy Algorithms & Backtracking,"Dynamic Programming, Sorting & Searching Algorithms, Stacks & Queues, Graph Algorithms, Linked Lists & Doubly Linked Lists, System Design Basics & Caching",96,5,Hard,M1 -> M4 -> M6,96,53,Good,Stacks & Queues
STU1728,Mason Singh,22,Female,PG,Auditory,2.38,84,1,47.5,50,Sorting & Searching Algorithms,"Greedy Algorithms & Backtracking, Machine Learning Foundations, Dynamic Programming, System Design Basics & Caching, Trees & Binary Search Trees",75,4,Medium,M1 -> M3 -> M6,70,75,Excellent,Greedy Algorithms & Backtracking
STU1729,Liam Rodriguez,19,Female,PG,Auditory,3.44,77,1,56.6,80,System Design Basics & Caching,"Trees & Binary Search Trees, Stacks & Queues, Machine Learning Foundations, Graph Algorithms, Sorting & Searching Algorithms, System Design Basics & Caching, Linked Lists & Doubly Linked Lists, Greedy Algorithms & Backtracking",97,2,Easy,M1 -> M3 -> M5,87,77,Good,Greedy Algorithms & Backtracking
STU1730,Emma Mehta,24,Male,PG,Kinesthetic,2.99,99,1,45.1,10,Greedy Algorithms & Backtracking,Stacks & Queues,61,1,Hard,M1 -> M4 -> M4,100,100,Excellent,System Design Basics & Caching
STU1731,Priya Patel,20,Male,PG,Kinesthetic,2.85,68,3,37.6,80,Dynamic Programming,"Trees & Binary Search Trees, Greedy Algorithms & Backtracking, Stacks & Queues, Arrays & Hash Maps, Linked Lists & Doubly Linked Lists, Machine Learning Foundations, Sorting & Searching Algorithms, Graph Algorithms",84,2,Easy,M1 -> M3 -> M6,88,78,Fair,Machine Learning Foundations
STU1732,Liam Sharma,23,Female,PG,Auditory,2.98,66,3,26.7,50,Trees & Binary Search Trees,"Machine Learning Foundations, Dynamic Programming, Greedy Algorithms & Backtracking, Trees & Binary Search Trees, Arrays & Hash Maps",88,1,Hard,M1 -> M3 -> M5,89,56,Fair,Sorting & Searching Algorithms
STU1733,Yash Smith,22,Female,PG,Kinesthetic,3.07,71,1,17.6,40,Arrays & Hash Maps,"Sorting & Searching Algorithms, System Design Basics & Caching, Dynamic Programming, Graph Algorithms",70,2,Easy,M1 -> M2 -> M6,83,74,Fair,Machine Learning Foundations
STU1734,Rahul Smith,22,Female,PG,Visual,3.37,67,1,16.8,100,Sorting & Searching Algorithms,"System Design Basics & Caching, Arrays & Hash Maps, Graph Algorithms, Machine Learning Foundations, Dynamic Programming, Stacks & Queues, Trees & Binary Search Trees, Sorting & Searching Algorithms, Linked Lists & Doubly Linked Lists, Greedy Algorithms & Backtracking",64,4,Hard,M1 -> M3 -> M4,86,67,Fair,Stacks & Queues
STU1735,Aditya Williams,25,Male,PG,Auditory,3.46,83,3,19.7,50,Trees & Binary Search Trees,"Dynamic Programming, Trees & Binary Search Trees, Arrays & Hash Maps, Graph Algorithms, Machine Learning Foundations",66,4,Hard,M1 -> M3 -> M4,77,77,Excellent,Greedy Algorithms & Backtracking
STU1736,Priya Joshi,18,Female,UG,Visual,3.87,47,5,28.5,90,Graph Algorithms,"Stacks & Queues, Sorting & Searching Algorithms, Linked Lists & Doubly Linked Lists, Arrays & Hash Maps, Dynamic Programming, Graph Algorithms, System Design Basics & Caching, Trees & Binary Search Trees, Greedy Algorithms & Backtracking",60,4,Medium,M1 -> M2 -> M4,88,51,Fair,Arrays & Hash Maps
STU1737,Pooja Martinez,18,Male,High School,Visual,3.12,56,5,41.0,80,Dynamic Programming,"Greedy Algorithms & Backtracking, Dynamic Programming, System Design Basics & Caching, Arrays & Hash Maps, Sorting & Searching Algorithms, Trees & Binary Search Trees, Linked Lists & Doubly Linked Lists, Stacks & Queues",80,0,Easy,M1 -> M2 -> M6,88,65,Fair,Arrays & Hash Maps
STU1738,Ethan Garcia,26,Male,PG,Auditory,2.57,55,2,22.2,40,Arrays & Hash Maps,"System Design Basics & Caching, Linked Lists & Doubly Linked Lists, Trees & Binary Search Trees, Greedy Algorithms & Backtracking",96,5,Easy,M1 -> M4 -> M4,82,57,Fair,Linked Lists & Doubly Linked Lists
STU1739,Sneha Miller,20,Male,UG,Visual,2.7,86,2,52.1,50,System Design Basics & Caching,"Linked Lists & Doubly Linked Lists, System Design Basics & Caching, Sorting & Searching Algorithms, Arrays & Hash Maps, Machine Learning Foundations",66,0,Medium,M1 -> M2 -> M5,96,90,Excellent,Greedy Algorithms & Backtracking
STU1740,Arjun Jones,25,Male,PG,Visual,3.98,97,3,51.2,90,System Design Basics & Caching,"Machine Learning Foundations, Stacks & Queues, Arrays & Hash Maps, Dynamic Programming, Linked Lists & Doubly Linked Lists, Greedy Algorithms & Backtracking, Sorting & Searching Algorithms, System Design Basics & Caching, Trees & Binary Search Trees",77,0,Easy,M1 -> M4 -> M4,91,87,Excellent,Graph Algorithms
STU1741,Vikram Brown,18,Female,UG,Auditory,3.06,70,5,36.2,20,Machine Learning Foundations,"Stacks & Queues, Graph Algorithms",71,3,Medium,M1 -> M2 -> M4,79,78,Good,Sorting & Searching Algorithms
STU1742,Ethan Brown,25,Female,PG,Auditory,2.19,69,3,35.0,50,Sorting & Searching Algorithms,"Trees & Binary Search Trees, Greedy Algorithms & Backtracking, Sorting & Searching Algorithms, Dynamic Programming, Linked Lists & Doubly Linked Lists",79,2,Hard,M1 -> M3 -> M4,83,79,Fair,Sorting & Searching Algorithms
STU1743,Ethan Martinez,18,Male,PG,Auditory,3.9,73,4,55.2,20,Linked Lists & Doubly Linked Lists,"Sorting & Searching Algorithms, Dynamic Programming",74,4,Medium,M1 -> M3 -> M5,79,76,Fair,Sorting & Searching Algorithms
STU1744,Meera Verma,23,Male,PG,Auditory,3.5,89,3,34.5,90,Arrays & Hash Maps,"Machine Learning Foundations, System Design Basics & Caching, Trees & Binary Search Trees, Graph Algorithms, Sorting & Searching Algorithms, Linked Lists & Doubly Linked Lists, Arrays & Hash Maps, Stacks & Queues, Greedy Algorithms & Backtracking",63,1,Medium,M1 -> M3 -> M6,71,86,Excellent,Dynamic Programming
STU1745,Isabella Rao,23,Female,High School,Kinesthetic,2.48,58,5,58.7,40,System Design Basics & Caching,"Machine Learning Foundations, Stacks & Queues, Trees & Binary Search Trees, System Design Basics & Caching",83,1,Medium,M1 -> M3 -> M4,72,58,Fair,Arrays & Hash Maps
STU1746,Ava Smith,25,Male,UG,Visual,3.07,75,3,59.8,10,Trees & Binary Search Trees,Stacks & Queues,69,3,Hard,M1 -> M2 -> M6,86,85,Excellent,Trees & Binary Search Trees
STU1747,Arjun Rodriguez,25,Female,UG,Auditory,3.45,86,5,30.5,30,Trees & Binary Search Trees,"Greedy Algorithms & Backtracking, Arrays & Hash Maps, Trees & Binary Search Trees",77,3,Medium,M1 -> M4 -> M4,86,79,Excellent,Greedy Algorithms & Backtracking
STU1748,Yash Joshi,19,Male,High School,Kinesthetic,3.14,79,1,54.0,50,Linked Lists & Doubly Linked Lists,"Stacks & Queues, Trees & Binary Search Trees, Machine Learning Foundations, Graph Algorithms, Sorting & Searching Algorithms",85,1,Hard,M1 -> M4 -> M4,81,77,Excellent,Trees & Binary Search Trees
STU1749,Karan Johnson,22,Male,PG,Kinesthetic,2.33,74,2,16.3,90,System Design Basics & Caching,"Trees & Binary Search Trees, Linked Lists & Doubly Linked Lists, Graph Algorithms, Dynamic Programming, Arrays & Hash Maps, Sorting & Searching Algorithms, System Design Basics & Caching, Machine Learning Foundations, Stacks & Queues",70,4,Hard,M1 -> M2 -> M5,79,83,Good,Machine Learning Foundations
STU1750,Aarav Rao,25,Female,UG,Auditory,2.2,87,2,53.3,90,Machine Learning Foundations,"Dynamic Programming, Stacks & Queues, Linked Lists & Doubly Linked Lists, Greedy Algorithms & Backtracking, Machine Learning Foundations, System Design Basics & Caching, Arrays & Hash Maps, Graph Algorithms, Sorting & Searching Algorithms",86,4,Medium,M1 -> M4 -> M4,84,89,Excellent,Greedy Algorithms & Backtracking
STU1751,Ananya Miller,26,Male,High School,Visual,3.15,31,4,24.4,60,System Design Basics & Caching,"Greedy Algorithms & Backtracking, Stacks & Queues, Graph Algorithms, Trees & Binary Search Trees, Dynamic Programming, Linked Lists & Doubly Linked Lists",85,1,Easy,M1 -> M3 -> M4,85,40,Fair,Arrays & Hash Maps
STU1752,Sophia Williams,20,Male,High School,Visual,3.4,82,5,18.6,70,Graph Algorithms,"Machine Learning Foundations, Arrays & Hash Maps, Graph Algorithms, Dynamic Programming, Sorting & Searching Algorithms, Trees & Binary Search Trees, Stacks & Queues",65,3,Hard,M1 -> M3 -> M6,77,73,Good,Trees & Binary Search Trees
STU1753,Sneha Gupta,18,Male,UG,Auditory,2.47,62,3,48.8,70,Dynamic Programming,"Stacks & Queues, Machine Learning Foundations, Graph Algorithms, System Design Basics & Caching, Dynamic Programming, Sorting & Searching Algorithms, Arrays & Hash Maps",94,5,Hard,M1 -> M2 -> M4,81,54,Good,Sorting & Searching Algorithms
STU1754,Noah Gupta,18,Female,PG,Auditory,2.16,44,4,41.6,70,Dynamic Programming,"Arrays & Hash Maps, Machine Learning Foundations, Stacks & Queues, Dynamic Programming, Trees & Binary Search Trees, System Design Basics & Caching, Greedy Algorithms & Backtracking",100,0,Hard,M1 -> M2 -> M6,89,40,Fair,Arrays & Hash Maps
STU1755,Isabella Williams,20,Female,UG,Visual,3.93,79,1,34.4,70,Dynamic Programming,"Greedy Algorithms & Backtracking, System Design Basics & Caching, Graph Algorithms, Stacks & Queues, Trees & Binary Search Trees, Linked Lists & Doubly Linked Lists, Machine Learning Foundations",63,1,Hard,M1 -> M2 -> M4,88,75,Excellent,Greedy Algorithms & Backtracking
STU1756,Kavya Nair,22,Male,UG,Visual,3.6,92,5,38.2,10,Greedy Algorithms & Backtracking,Stacks & Queues,61,1,Medium,M1 -> M4 -> M4,90,82,Excellent,Graph Algorithms
STU1757,Ethan Brown,24,Female,High School,Auditory,3.08,69,1,26.5,40,Trees & Binary Search Trees,"Trees & Binary Search Trees, Linked Lists & Doubly Linked Lists, Greedy Algorithms & Backtracking, Dynamic Programming",96,2,Hard,M1 -> M2 -> M6,92,64,Fair,Sorting & Searching Algorithms
STU1758,Ishita Rodriguez,20,Male,High School,Visual,3.02,86,4,39.6,90,Linked Lists & Doubly Linked Lists,"Sorting & Searching Algorithms, Stacks & Queues, Arrays & Hash Maps, Graph Algorithms, Dynamic Programming, System Design Basics & Caching, Linked Lists & Doubly Linked Lists, Greedy Algorithms & Backtracking, Trees & Binary Search Trees",67,1,Easy,M1 -> M2 -> M5,97,86,Excellent,Trees & Binary Search Trees
STU1759,Noah Verma,25,Male,PG,Visual,2.56,96,3,42.0,100,Linked Lists & Doubly Linked Lists,"Trees & Binary Search Trees, Graph Algorithms, Machine Learning Foundations, Arrays & Hash Maps, Linked Lists & Doubly Linked Lists, Sorting & Searching Algorithms, Stacks & Queues, Dynamic Programming, Greedy Algorithms & Backtracking, System Design Basics & Caching",69,1,Medium,M1 -> M4 -> M5,71,93,Excellent,System Design Basics & Caching
STU1760,Meera Williams,23,Female,High School,Kinesthetic,3.17,91,1,38.5,50,Stacks & Queues,"System Design Basics & Caching, Sorting & Searching Algorithms, Arrays & Hash Maps, Linked Lists & Doubly Linked Lists, Dynamic Programming",100,2,Medium,M1 -> M3 -> M6,90,88,Excellent,Dynamic Programming
STU1761,Ethan Singh,18,Female,High School,Auditory,3.95,96,3,20.3,50,System Design Basics & Caching,"Greedy Algorithms & Backtracking, Linked Lists & Doubly Linked Lists, Sorting & Searching Algorithms, Graph Algorithms, Arrays & Hash Maps",68,1,Easy,M1 -> M2 -> M4,89,87,Excellent,Graph Algorithms
STU1762,Meera Nair,22,Female,UG,Kinesthetic,3.38,83,4,38.8,100,Linked Lists & Doubly Linked Lists,"Linked Lists & Doubly Linked Lists, Greedy Algorithms & Backtracking, Machine Learning Foundations, Trees & Binary Search Trees, Stacks & Queues, Arrays & Hash Maps, Graph Algorithms, Dynamic Programming, System Design Basics & Caching, Sorting & Searching Algorithms",92,5,Medium,M1 -> M3 -> M6,94,79,Excellent,Greedy Algorithms & Backtracking
STU1763,Meera Rao,22,Female,UG,Auditory,3.89,73,1,21.7,80,Stacks & Queues,"Trees & Binary Search Trees, Dynamic Programming, System Design Basics & Caching, Sorting & Searching Algorithms, Arrays & Hash Maps, Stacks & Queues, Machine Learning Foundations, Linked Lists & Doubly Linked Lists",95,0,Hard,M1 -> M3 -> M6,76,79,Fair,Sorting & Searching Algorithms
STU1764,Alex Singh,23,Male,PG,Kinesthetic,3.89,47,1,33.1,50,Arrays & Hash Maps,"Graph Algorithms, Trees & Binary Search Trees, System Design Basics & Caching, Dynamic Programming, Stacks & Queues",68,3,Medium,M1 -> M3 -> M5,74,50,Fair,Linked Lists & Doubly Linked Lists
STU1765,Riya Davis,22,Male,High School,Kinesthetic,3.48,68,5,18.0,70,Trees & Binary Search Trees,"Dynamic Programming, Greedy Algorithms & Backtracking, Linked Lists & Doubly Linked Lists, Trees & Binary Search Trees, Stacks & Queues, System Design Basics & Caching, Sorting & Searching Algorithms",81,1,Hard,M1 -> M2 -> M6,77,77,Good,Machine Learning Foundations
STU1766,Sneha Sharma,21,Female,High School,Kinesthetic,2.73,59,2,28.1,70,Arrays & Hash Maps,"System Design Basics & Caching, Machine Learning Foundations, Sorting & Searching Algorithms, Linked Lists & Doubly Linked Lists, Dynamic Programming, Graph Algorithms, Trees & Binary Search Trees",61,0,Medium,M1 -> M3 -> M5,93,64,Fair,Linked Lists & Doubly Linked Lists
STU1767,Vikram Jones,25,Male,UG,Kinesthetic,3.91,100,4,39.0,10,Machine Learning Foundations,Dynamic Programming,98,2,Hard,M1 -> M3 -> M5,85,100,Excellent,Graph Algorithms
STU1768,Sneha Martinez,24,Male,High School,Kinesthetic,2.4,69,5,19.3,50,Arrays & Hash Maps,"Sorting & Searching Algorithms, Greedy Algorithms & Backtracking, Trees & Binary Search Trees, System Design Basics & Caching, Graph Algorithms",63,4,Hard,M1 -> M3 -> M4,91,74,Fair,Machine Learning Foundations
STU1769,Mason Smith,24,Female,High School,Visual,2.95,73,4,51.1,30,Linked Lists & Doubly Linked Lists,"System Design Basics & Caching, Machine Learning Foundations, Greedy Algorithms & Backtracking",87,4,Medium,M1 -> M3 -> M6,75,70,Good,Stacks & Queues
STU1770,Riya Mehta,22,Male,High School,Visual,2.53,80,3,51.4,60,Greedy Algorithms & Backtracking,"System Design Basics & Caching, Dynamic Programming, Greedy Algorithms & Backtracking, Arrays & Hash Maps, Linked Lists & Doubly Linked Lists, Trees & Binary Search Trees",70,4,Easy,M1 -> M4 -> M4,97,85,Good,Trees & Binary Search Trees
STU1771,Noah Davis,26,Female,PG,Visual,2.52,72,3,23.7,100,Linked Lists & Doubly Linked Lists,"Machine Learning Foundations, Dynamic Programming, Arrays & Hash Maps, Sorting & Searching Algorithms, Graph Algorithms, Stacks & Queues, Greedy Algorithms & Backtracking, System Design Basics & Caching, Linked Lists & Doubly Linked Lists, Trees & Binary Search Trees",74,0,Medium,M1 -> M2 -> M5,76,65,Good,Stacks & Queues
STU1772,Siddharth Smith,23,Female,UG,Visual,2.99,97,3,39.6,20,Dynamic Programming,"Machine Learning Foundations, Graph Algorithms",66,2,Easy,M1 -> M2 -> M4,93,95,Excellent,System Design Basics & Caching
STU1773,Ananya Jones,23,Female,High School,Visual,2.48,62,1,35.0,20,Arrays & Hash Maps,"Dynamic Programming, Graph Algorithms",98,3,Easy,M1 -> M4 -> M6,75,69,Good,Stacks & Queues
STU1774,Siddharth Smith,22,Male,UG,Visual,3.49,74,5,36.6,50,Machine Learning Foundations,"Greedy Algorithms & Backtracking, Stacks & Queues, Sorting & Searching Algorithms, Arrays & Hash Maps, Machine Learning Foundations",72,3,Hard,M1 -> M3 -> M5,100,75,Good,Stacks & Queues
STU1775,Siddharth Jones,26,Male,PG,Auditory,3.82,60,5,48.5,10,Sorting & Searching Algorithms,Trees & Binary Search Trees,69,2,Medium,M1 -> M3 -> M6,84,53,Fair,Sorting & Searching Algorithms
STU1776,Tanvi Smith,21,Female,High School,Kinesthetic,2.21,52,4,57.9,50,Trees & Binary Search Trees,"Arrays & Hash Maps, Graph Algorithms, Machine Learning Foundations, Linked Lists & Doubly Linked Lists, Stacks & Queues",63,0,Hard,M1 -> M2 -> M5,82,57,Fail,Arrays & Hash Maps
STU1777,Dev Johnson,20,Female,High School,Auditory,2.22,62,4,34.3,30,Greedy Algorithms & Backtracking,"Machine Learning Foundations, Greedy Algorithms & Backtracking, Linked Lists & Doubly Linked Lists",80,0,Medium,M1 -> M2 -> M6,75,70,Good,Sorting & Searching Algorithms
STU1778,Sophia Martinez,18,Female,High School,Kinesthetic,3.1,71,4,21.1,20,Greedy Algorithms & Backtracking,"Dynamic Programming, Greedy Algorithms & Backtracking",70,3,Easy,M1 -> M3 -> M4,82,81,Good,Machine Learning Foundations
STU1779,Sneha Rodriguez,19,Female,PG,Auditory,3.99,65,4,51.3,50,Greedy Algorithms & Backtracking,"Stacks & Queues, Sorting & Searching Algorithms, Dynamic Programming, Arrays & Hash Maps, Machine Learning Foundations",92,1,Medium,M1 -> M4 -> M4,89,55,Fair,Sorting & Searching Algorithms
STU1780,Arjun Gupta,23,Female,High School,Kinesthetic,3.63,61,1,53.9,70,Linked Lists & Doubly Linked Lists,"Trees & Binary Search Trees, Graph Algorithms, Arrays & Hash Maps, Sorting & Searching Algorithms, System Design Basics & Caching, Machine Learning Foundations, Linked Lists & Doubly Linked Lists",69,5,Medium,M1 -> M3 -> M5,82,61,Good,Machine Learning Foundations
STU1781,Ishita Sharma,23,Male,PG,Kinesthetic,2.36,50,3,25.1,30,Linked Lists & Doubly Linked Lists,"Dynamic Programming, Graph Algorithms, Trees & Binary Search Trees",70,4,Hard,M1 -> M3 -> M6,70,51,Fail,Arrays & Hash Maps
STU1782,Tanvi Patel,21,Male,UG,Auditory,2.45,70,5,49.1,20,Trees & Binary Search Trees,"Dynamic Programming, Greedy Algorithms & Backtracking",95,3,Medium,M1 -> M3 -> M4,73,70,Good,Sorting & Searching Algorithms
STU1783,Priya Sharma,25,Male,PG,Auditory,3.33,49,3,19.2,80,Arrays & Hash Maps,"Sorting & Searching Algorithms, Stacks & Queues, Machine Learning Foundations, Arrays & Hash Maps, Graph Algorithms, Trees & Binary Search Trees, Greedy Algorithms & Backtracking, Linked Lists & Doubly Linked Lists",72,2,Medium,M1 -> M4 -> M4,87,51,Fair,Arrays & Hash Maps
STU1784,Pooja Singh,24,Male,UG,Auditory,2.05,83,3,18.4,70,Stacks & Queues,"Sorting & Searching Algorithms, Machine Learning Foundations, Linked Lists & Doubly Linked Lists, Stacks & Queues, Arrays & Hash Maps, Trees & Binary Search Trees, Graph Algorithms",97,1,Easy,M1 -> M4 -> M5,72,78,Excellent,Greedy Algorithms & Backtracking
STU1785,Dev Joshi,22,Female,UG,Kinesthetic,3.29,73,2,20.0,20,Machine Learning Foundations,"Greedy Algorithms & Backtracking, Dynamic Programming",77,3,Medium,M1 -> M3 -> M6,72,73,Good,Machine Learning Foundations
STU1786,Rahul Brown,23,Male,High School,Visual,2.26,50,3,38.8,50,Greedy Algorithms & Backtracking,"Arrays & Hash Maps, System Design Basics & Caching, Linked Lists & Doubly Linked Lists, Machine Learning Foundations, Dynamic Programming",66,1,Hard,M1 -> M2 -> M6,87,48,Fair,Arrays & Hash Maps
STU1787,Ananya Davis,22,Male,UG,Auditory,3.11,67,1,36.9,20,Stacks & Queues,"Dynamic Programming, System Design Basics & Caching",98,1,Hard,M1 -> M3 -> M6,95,75,Fair,Stacks & Queues
STU1788,Pooja Sharma,23,Male,PG,Visual,2.54,60,5,52.7,40,Trees & Binary Search Trees,"Graph Algorithms, Arrays & Hash Maps, Sorting & Searching Algorithms, System Design Basics & Caching",67,5,Hard,M1 -> M3 -> M5,77,60,Fair,Stacks & Queues
STU1789,Alex Miller,24,Male,PG,Visual,3.92,76,3,33.8,40,Linked Lists & Doubly Linked Lists,"Linked Lists & Doubly Linked Lists, Dynamic Programming, System Design Basics & Caching, Graph Algorithms",68,5,Medium,M1 -> M3 -> M5,74,82,Excellent,Greedy Algorithms & Backtracking
STU1790,Priya Singh,23,Male,UG,Visual,2.1,92,3,41.9,50,Machine Learning Foundations,"System Design Basics & Caching, Machine Learning Foundations, Graph Algorithms, Greedy Algorithms & Backtracking, Sorting & Searching Algorithms",71,3,Easy,M1 -> M2 -> M4,77,84,Excellent,System Design Basics & Caching
STU1791,Sophia Nair,24,Female,UG,Kinesthetic,2.71,43,4,53.3,20,Dynamic Programming,"Dynamic Programming, Sorting & Searching Algorithms",92,5,Medium,M1 -> M4 -> M6,97,40,Fair,Arrays & Hash Maps
STU1792,Ishita Mehta,26,Female,UG,Kinesthetic,2.2,73,5,54.5,50,Sorting & Searching Algorithms,"Arrays & Hash Maps, System Design Basics & Caching, Dynamic Programming, Linked Lists & Doubly Linked Lists, Sorting & Searching Algorithms",72,1,Easy,M1 -> M2 -> M5,78,80,Fair,Machine Learning Foundations
STU1793,Isabella Garcia,24,Female,High School,Visual,2.83,69,3,39.5,40,Machine Learning Foundations,"Sorting & Searching Algorithms, Machine Learning Foundations, Greedy Algorithms & Backtracking, Stacks & Queues",67,4,Hard,M1 -> M4 -> M4,77,68,Good,Stacks & Queues
STU1794,Mason Verma,26,Male,UG,Auditory,3.27,82,5,20.6,50,Stacks & Queues,"Greedy Algorithms & Backtracking, System Design Basics & Caching, Sorting & Searching Algorithms, Graph Algorithms, Dynamic Programming",71,0,Hard,M1 -> M3 -> M5,76,77,Excellent,Greedy Algorithms & Backtracking
STU1795,Kavya Martinez,24,Male,UG,Auditory,3.38,75,1,51.3,30,Trees & Binary Search Trees,"Dynamic Programming, System Design Basics & Caching, Trees & Binary Search Trees",90,2,Easy,M1 -> M2 -> M6,89,84,Excellent,Greedy Algorithms & Backtracking
STU1796,Liam Johnson,23,Female,PG,Kinesthetic,3.56,60,5,15.8,10,Stacks & Queues,Stacks & Queues,89,3,Medium,M1 -> M2 -> M6,81,50,Good,Stacks & Queues
STU1797,Rahul Williams,22,Female,UG,Visual,3.55,67,1,16.4,40,Graph Algorithms,"Linked Lists & Doubly Linked Lists, Graph Algorithms, Trees & Binary Search Trees, System Design Basics & Caching",73,1,Hard,M1 -> M4 -> M5,93,70,Fair,Stacks & Queues
STU1798,Dev Rodriguez,18,Female,UG,Kinesthetic,2.97,60,1,44.8,50,Greedy Algorithms & Backtracking,"Greedy Algorithms & Backtracking, Stacks & Queues, Arrays & Hash Maps, Sorting & Searching Algorithms, Machine Learning Foundations",63,2,Medium,M1 -> M2 -> M6,97,67,Good,Stacks & Queues
STU1799,Neha Williams,18,Male,PG,Kinesthetic,2.89,88,3,24.5,80,Machine Learning Foundations,"Sorting & Searching Algorithms, Trees & Binary Search Trees, System Design Basics & Caching, Dynamic Programming, Machine Learning Foundations, Stacks & Queues, Linked Lists & Doubly Linked Lists, Arrays & Hash Maps",74,4,Medium,M1 -> M2 -> M5,85,92,Excellent,Dynamic Programming
STU1800,Noah Kumar,25,Female,UG,Auditory,2.89,72,3,38.7,60,Arrays & Hash Maps,"Stacks & Queues, Linked Lists & Doubly Linked Lists, Sorting & Searching Algorithms, System Design Basics & Caching, Arrays & Hash Maps, Greedy Algorithms & Backtracking",87,0,Easy,M1 -> M2 -> M6,88,74,Good,Sorting & Searching Algorithms
STU1801,Liam Davis,25,Female,High School,Visual,3.52,100,5,50.6,50,Greedy Algorithms & Backtracking,"Sorting & Searching Algorithms, System Design Basics & Caching, Trees & Binary Search Trees, Stacks & Queues, Machine Learning Foundations",79,3,Hard,M1 -> M2 -> M5,92,97,Excellent,Graph Algorithms
STU1802,Emma Rodriguez,20,Female,High School,Visual,3.29,71,3,33.3,10,Stacks & Queues,Sorting & Searching Algorithms,86,5,Medium,M1 -> M4 -> M5,93,75,Good,Stacks & Queues
STU1803,Alex Jones,26,Male,PG,Kinesthetic,3.03,61,3,59.0,70,Trees & Binary Search Trees,"Dynamic Programming, Linked Lists & Doubly Linked Lists, Trees & Binary Search Trees, Machine Learning Foundations, Graph Algorithms, Stacks & Queues, Sorting & Searching Algorithms",97,1,Hard,M1 -> M2 -> M6,80,65,Fair,Machine Learning Foundations
STU1804,Neha Mehta,23,Male,High School,Kinesthetic,2.56,49,2,37.7,40,Greedy Algorithms & Backtracking,"Greedy Algorithms & Backtracking, Dynamic Programming, Stacks & Queues, Trees & Binary Search Trees",97,3,Hard,M1 -> M3 -> M6,98,54,Fair,Linked Lists & Doubly Linked Lists
STU1805,Emma Jones,19,Female,PG,Kinesthetic,3.26,44,1,50.5,30,Arrays & Hash Maps,"Arrays & Hash Maps, System Design Basics & Caching, Linked Lists & Doubly Linked Lists",66,5,Hard,M1 -> M4 -> M5,71,46,Fair,Linked Lists & Doubly Linked Lists
STU1806,Neha Smith,19,Female,UG,Auditory,3.17,48,5,46.5,20,Graph Algorithms,"Machine Learning Foundations, Arrays & Hash Maps",88,0,Easy,M1 -> M4 -> M6,70,46,Fail,Arrays & Hash Maps
STU1807,Alex Johnson,26,Female,High School,Auditory,2.31,76,3,46.7,30,Greedy Algorithms & Backtracking,"Graph Algorithms, Dynamic Programming, System Design Basics & Caching",68,4,Easy,M1 -> M2 -> M5,84,69,Good,Trees & Binary Search Trees
STU1808,Yash Jones,20,Female,High School,Visual,3.31,79,3,45.4,50,Trees & Binary Search Trees,"Trees & Binary Search Trees, Sorting & Searching Algorithms, Machine Learning Foundations, Greedy Algorithms & Backtracking, Dynamic Programming",90,3,Medium,M1 -> M4 -> M4,95,79,Excellent,Trees & Binary Search Trees
STU1809,Tanvi Garcia,23,Male,High School,Kinesthetic,2.14,48,4,18.4,50,Machine Learning Foundations,"Greedy Algorithms & Backtracking, Linked Lists & Doubly Linked Lists, Graph Algorithms, Arrays & Hash Maps, Trees & Binary Search Trees",100,1,Hard,M1 -> M3 -> M4,88,57,Fail,Arrays & Hash Maps
STU1810,Ananya Garcia,22,Female,UG,Kinesthetic,3.96,85,2,31.6,100,Greedy Algorithms & Backtracking,"Graph Algorithms, Greedy Algorithms & Backtracking, Stacks & Queues, Dynamic Programming, Sorting & Searching Algorithms, Arrays & Hash Maps, Trees & Binary Search Trees, Machine Learning Foundations, System Design Basics & Caching, Linked Lists & Doubly Linked Lists",87,4,Easy,M1 -> M4 -> M4,74,86,Good,Greedy Algorithms & Backtracking
STU1811,Noah Joshi,24,Female,PG,Visual,3.77,64,4,58.6,60,System Design Basics & Caching,"Greedy Algorithms & Backtracking, Dynamic Programming, Machine Learning Foundations, Linked Lists & Doubly Linked Lists, Stacks & Queues, Arrays & Hash Maps",65,5,Easy,M1 -> M4 -> M6,90,73,Fair,Sorting & Searching Algorithms
STU1812,Ishita Jones,24,Female,PG,Auditory,3.5,74,3,42.4,20,Stacks & Queues,"Dynamic Programming, Linked Lists & Doubly Linked Lists",100,4,Easy,M1 -> M4 -> M4,94,82,Good,Sorting & Searching Algorithms
STU1813,Arjun Kumar,25,Female,UG,Kinesthetic,2.6,96,5,52.7,40,Machine Learning Foundations,"Arrays & Hash Maps, Sorting & Searching Algorithms, Linked Lists & Doubly Linked Lists, System Design Basics & Caching",85,3,Hard,M1 -> M2 -> M4,82,92,Excellent,System Design Basics & Caching
STU1814,Arjun Singh,19,Male,UG,Kinesthetic,2.15,85,1,54.2,50,Arrays & Hash Maps,"Greedy Algorithms & Backtracking, System Design Basics & Caching, Machine Learning Foundations, Dynamic Programming, Sorting & Searching Algorithms",92,0,Medium,M1 -> M4 -> M6,93,95,Good,Greedy Algorithms & Backtracking
STU1815,Emma Mehta,24,Female,High School,Auditory,3.84,67,4,35.7,30,Machine Learning Foundations,"Sorting & Searching Algorithms, System Design Basics & Caching, Dynamic Programming",63,2,Easy,M1 -> M3 -> M4,92,75,Fair,Sorting & Searching Algorithms
STU1816,Isabella Martinez,24,Male,UG,Auditory,3.41,58,5,26.1,30,Greedy Algorithms & Backtracking,"Arrays & Hash Maps, Machine Learning Foundations, Stacks & Queues",66,1,Easy,M1 -> M4 -> M6,85,56,Fair,Arrays & Hash Maps
STU1817,Riya Sharma,20,Male,High School,Auditory,3.52,39,2,46.5,90,Graph Algorithms,"Linked Lists & Doubly Linked Lists, Sorting & Searching Algorithms, Greedy Algorithms & Backtracking, Trees & Binary Search Trees, Arrays & Hash Maps, Machine Learning Foundations, System Design Basics & Caching, Stacks & Queues, Graph Algorithms",83,0,Medium,M1 -> M3 -> M4,83,40,Fair,Linked Lists & Doubly Linked Lists
STU1818,Karan Davis,20,Male,High School,Kinesthetic,2.74,61,1,54.1,30,System Design Basics & Caching,"Sorting & Searching Algorithms, System Design Basics & Caching, Greedy Algorithms & Backtracking",87,1,Hard,M1 -> M2 -> M6,75,70,Fair,Machine Learning Foundations
STU1819,Isabella Mehta,21,Female,High School,Kinesthetic,3.71,68,2,33.5,90,Machine Learning Foundations,"Greedy Algorithms & Backtracking, Linked Lists & Doubly Linked Lists, Sorting & Searching Algorithms, Machine Learning Foundations, System Design Basics & Caching, Stacks & Queues, Trees & Binary Search Trees, Dynamic Programming, Graph Algorithms",79,5,Medium,M1 -> M3 -> M6,80,59,Good,Machine Learning Foundations
STU1820,Dev Singh,26,Male,High School,Visual,3.85,57,5,39.6,20,System Design Basics & Caching,"Sorting & Searching Algorithms, Arrays & Hash Maps",94,3,Hard,M1 -> M3 -> M4,91,57,Fair,Arrays & Hash Maps
STU1821,Tanvi Gupta,18,Female,PG,Visual,2.22,70,5,24.5,90,System Design Basics & Caching,"Dynamic Programming, Greedy Algorithms & Backtracking, System Design Basics & Caching, Machine Learning Foundations, Stacks & Queues, Sorting & Searching Algorithms, Trees & Binary Search Trees, Linked Lists & Doubly Linked Lists, Arrays & Hash Maps",94,5,Medium,M1 -> M3 -> M4,95,80,Good,Stacks & Queues
STU1822,Ishita Williams,23,Male,High School,Visual,2.6,73,4,56.4,80,Greedy Algorithms & Backtracking,"Graph Algorithms, Dynamic Programming, Trees & Binary Search Trees, Linked Lists & Doubly Linked Lists, Greedy Algorithms & Backtracking, Machine Learning Foundations, System Design Basics & Caching, Arrays & Hash Maps",70,4,Easy,M1 -> M2 -> M4,85,72,Good,Stacks & Queues
STU1823,Vikram Davis,25,Male,UG,Auditory,2.1,68,3,55.9,30,Linked Lists & Doubly Linked Lists,"Machine Learning Foundations, Graph Algorithms, Arrays & Hash Maps",60,2,Medium,M1 -> M2 -> M6,97,78,Good,Sorting & Searching Algorithms
STU1824,Yash Brown,20,Male,UG,Auditory,3.9,62,1,42.3,80,Greedy Algorithms & Backtracking,"Trees & Binary Search Trees, Dynamic Programming, System Design Basics & Caching, Arrays & Hash Maps, Graph Algorithms, Sorting & Searching Algorithms, Stacks & Queues, Machine Learning Foundations",65,3,Medium,M1 -> M4 -> M4,83,63,Good,Sorting & Searching Algorithms
STU1825,Vikram Martinez,25,Female,PG,Auditory,3.61,74,5,57.0,90,Machine Learning Foundations,"Sorting & Searching Algorithms, Machine Learning Foundations, Greedy Algorithms & Backtracking, Arrays & Hash Maps, Linked Lists & Doubly Linked Lists, Dynamic Programming, Stacks & Queues, System Design Basics & Caching, Trees & Binary Search Trees",64,3,Medium,M1 -> M2 -> M5,78,79,Good,Sorting & Searching Algorithms
STU1826,Meera Garcia,22,Male,UG,Kinesthetic,2.32,78,4,31.6,30,Trees & Binary Search Trees,"System Design Basics & Caching, Graph Algorithms, Greedy Algorithms & Backtracking",64,4,Hard,M1 -> M3 -> M5,97,85,Excellent,Greedy Algorithms & Backtracking
STU1827,Ava Mehta,20,Male,PG,Visual,3.28,55,5,15.6,10,Arrays & Hash Maps,Sorting & Searching Algorithms,78,2,Medium,M1 -> M2 -> M5,87,56,Fair,Arrays & Hash Maps
STU1828,Ishita Verma,23,Male,PG,Visual,2.55,93,1,59.1,30,Graph Algorithms,"Dynamic Programming, Stacks & Queues, Greedy Algorithms & Backtracking",72,4,Medium,M1 -> M2 -> M5,77,89,Excellent,System Design Basics & Caching
STU1829,Kavya Joshi,23,Female,UG,Kinesthetic,3.34,70,2,37.7,10,Machine Learning Foundations,Dynamic Programming,67,4,Hard,M1 -> M4 -> M5,85,80,Fair,Machine Learning Foundations
STU1830,Karan Garcia,26,Male,PG,Auditory,3.97,72,4,33.5,80,Dynamic Programming,"Trees & Binary Search Trees, Arrays & Hash Maps, Greedy Algorithms & Backtracking, Machine Learning Foundations, Linked Lists & Doubly Linked Lists, Graph Algorithms, Sorting & Searching Algorithms, Dynamic Programming",96,3,Medium,M1 -> M4 -> M5,70,63,Good,Sorting & Searching Algorithms
STU1831,Emma Rao,22,Female,PG,Visual,2.89,82,1,15.8,30,Machine Learning Foundations,"Dynamic Programming, Stacks & Queues, Arrays & Hash Maps",88,4,Medium,M1 -> M4 -> M4,81,76,Good,Greedy Algorithms & Backtracking
STU1832,Dev Miller,20,Female,UG,Auditory,2.48,75,1,35.6,60,Machine Learning Foundations,"Graph Algorithms, Linked Lists & Doubly Linked Lists, Sorting & Searching Algorithms, Trees & Binary Search Trees, Dynamic Programming, Arrays & Hash Maps",80,1,Hard,M1 -> M2 -> M5,80,82,Excellent,Greedy Algorithms & Backtracking
STU1833,Rohan Rodriguez,26,Female,PG,Visual,3.96,86,4,30.2,90,Graph Algorithms,"Arrays & Hash Maps, Greedy Algorithms & Backtracking, Sorting & Searching Algorithms, System Design Basics & Caching, Stacks & Queues, Linked Lists & Doubly Linked Lists, Machine Learning Foundations, Graph Algorithms, Trees & Binary Search Trees",100,3,Hard,M1 -> M2 -> M5,92,76,Excellent,Trees & Binary Search Trees
STU1834,Kavya Patel,21,Male,UG,Kinesthetic,2.83,76,3,32.5,30,Linked Lists & Doubly Linked Lists,"Stacks & Queues, System Design Basics & Caching, Linked Lists & Doubly Linked Lists",75,4,Hard,M1 -> M2 -> M5,99,76,Good,Greedy Algorithms & Backtracking
STU1835,Sneha Jones,26,Male,High School,Auditory,3.96,62,5,16.6,100,Stacks & Queues,"Graph Algorithms, Linked Lists & Doubly Linked Lists, Trees & Binary Search Trees, Greedy Algorithms & Backtracking, Arrays & Hash Maps, Dynamic Programming, System Design Basics & Caching, Sorting & Searching Algorithms, Machine Learning Foundations, Stacks & Queues",93,2,Medium,M1 -> M3 -> M6,91,68,Fair,Sorting & Searching Algorithms
STU1836,Vikram Brown,26,Male,UG,Auditory,2.32,77,5,31.0,90,Dynamic Programming,"Dynamic Programming, Sorting & Searching Algorithms, Machine Learning Foundations, Arrays & Hash Maps, Trees & Binary Search Trees, System Design Basics & Caching, Graph Algorithms, Linked Lists & Doubly Linked Lists, Stacks & Queues",75,5,Easy,M1 -> M3 -> M4,80,87,Excellent,Greedy Algorithms & Backtracking
STU1837,Emma Jones,25,Male,UG,Visual,2.59,54,1,43.3,30,Sorting & Searching Algorithms,"System Design Basics & Caching, Machine Learning Foundations, Linked Lists & Doubly Linked Lists",80,2,Medium,M1 -> M2 -> M5,86,53,Fail,Linked Lists & Doubly Linked Lists
STU1838,Noah Johnson,25,Male,High School,Kinesthetic,2.04,73,4,48.1,50,Linked Lists & Doubly Linked Lists,"Arrays & Hash Maps, Graph Algorithms, Linked Lists & Doubly Linked Lists, Stacks & Queues, Machine Learning Foundations",79,4,Hard,M1 -> M3 -> M4,91,66,Good,Machine Learning Foundations
STU1839,Riya Gupta,19,Female,PG,Auditory,3.26,71,1,16.9,70,Linked Lists & Doubly Linked Lists,"Trees & Binary Search Trees, Graph Algorithms, Arrays & Hash Maps, Sorting & Searching Algorithms, Stacks & Queues, Machine Learning Foundations, Dynamic Programming",79,2,Hard,M1 -> M4 -> M6,74,65,Fair,Sorting & Searching Algorithms
STU1840,Alex Garcia,18,Female,PG,Kinesthetic,3.36,68,2,50.5,70,Graph Algorithms,"Machine Learning Foundations, Graph Algorithms, Trees & Binary Search Trees, Stacks & Queues, Greedy Algorithms & Backtracking, Dynamic Programming, Arrays & Hash Maps",85,1,Easy,M1 -> M3 -> M5,97,63,Good,Machine Learning Foundations
STU1841,Ishita Johnson,23,Male,UG,Visual,3.05,70,2,26.7,40,Trees & Binary Search Trees,"Sorting & Searching Algorithms, Linked Lists & Doubly Linked Lists, Graph Algorithms, Dynamic Programming",100,4,Easy,M1 -> M3 -> M6,91,79,Good,Stacks & Queues
STU1842,Ananya Verma,18,Female,UG,Visual,3.18,43,1,45.9,90,Arrays & Hash Maps,"Graph Algorithms, System Design Basics & Caching, Dynamic Programming, Trees & Binary Search Trees, Sorting & Searching Algorithms, Linked Lists & Doubly Linked Lists, Stacks & Queues, Arrays & Hash Maps, Machine Learning Foundations",84,0,Hard,M1 -> M4 -> M6,100,47,Fail,Linked Lists & Doubly Linked Lists
STU1843,Vikram Patel,25,Male,PG,Kinesthetic,3.94,63,4,42.1,70,Dynamic Programming,"System Design Basics & Caching, Machine Learning Foundations, Linked Lists & Doubly Linked Lists, Greedy Algorithms & Backtracking, Arrays & Hash Maps, Dynamic Programming, Stacks & Queues",71,4,Medium,M1 -> M3 -> M5,78,66,Fair,Stacks & Queues
STU1844,Arjun Singh,23,Female,High School,Visual,2.31,73,5,35.4,60,Trees & Binary Search Trees,"Dynamic Programming, Linked Lists & Doubly Linked Lists, Stacks & Queues, Trees & Binary Search Trees, Machine Learning Foundations, Graph Algorithms",71,1,Hard,M1 -> M3 -> M6,88,72,Good,Stacks & Queues
STU1845,Meera Nair,23,Male,PG,Visual,3.26,74,1,57.0,90,Machine Learning Foundations,"Greedy Algorithms & Backtracking, Linked Lists & Doubly Linked Lists, Machine Learning Foundations, System Design Basics & Caching, Sorting & Searching Algorithms, Dynamic Programming, Arrays & Hash Maps, Graph Algorithms, Stacks & Queues",62,2,Medium,M1 -> M3 -> M5,72,77,Fair,Stacks & Queues
STU1846,Karan Verma,22,Female,High School,Auditory,2.37,56,5,27.9,50,Graph Algorithms,"Sorting & Searching Algorithms, System Design Basics & Caching, Stacks & Queues, Graph Algorithms, Trees & Binary Search Trees",83,2,Hard,M1 -> M4 -> M5,71,54,Fail,Arrays & Hash Maps
STU1847,Pooja Miller,25,Female,High School,Visual,3.21,90,4,15.1,90,Trees & Binary Search Trees,"Greedy Algorithms & Backtracking, Trees & Binary Search Trees, Dynamic Programming, Stacks & Queues, Sorting & Searching Algorithms, Linked Lists & Doubly Linked Lists, Machine Learning Foundations, Arrays & Hash Maps, Graph Algorithms",91,2,Medium,M1 -> M2 -> M5,78,88,Excellent,Dynamic Programming
STU1848,Aarav Kumar,24,Male,High School,Auditory,2.38,59,1,40.1,30,Sorting & Searching Algorithms,"Sorting & Searching Algorithms, Machine Learning Foundations, Dynamic Programming",69,3,Medium,M1 -> M2 -> M6,100,52,Fail,Linked Lists & Doubly Linked Lists
STU1849,Ava Johnson,23,Male,High School,Kinesthetic,3.33,86,3,33.1,50,Stacks & Queues,"Sorting & Searching Algorithms, Stacks & Queues, Greedy Algorithms & Backtracking, System Design Basics & Caching, Arrays & Hash Maps",94,4,Easy,M1 -> M4 -> M6,92,76,Excellent,Trees & Binary Search Trees
STU1850,Dev Kumar,25,Male,High School,Auditory,2.38,78,2,21.8,50,Arrays & Hash Maps,"Stacks & Queues, Trees & Binary Search Trees, Greedy Algorithms & Backtracking, Graph Algorithms, Arrays & Hash Maps",90,1,Easy,M1 -> M2 -> M5,84,82,Good,Trees & Binary Search Trees
STU1851,Isabella Brown,25,Female,UG,Kinesthetic,2.67,62,5,28.0,90,System Design Basics & Caching,"Linked Lists & Doubly Linked Lists, Graph Algorithms, Dynamic Programming, System Design Basics & Caching, Trees & Binary Search Trees, Sorting & Searching Algorithms, Stacks & Queues, Greedy Algorithms & Backtracking, Arrays & Hash Maps",98,4,Medium,M1 -> M2 -> M5,81,72,Fair,Machine Learning Foundations
STU1852,Mason Garcia,20,Female,UG,Kinesthetic,2.52,98,1,32.9,100,Arrays & Hash Maps,"Sorting & Searching Algorithms, Trees & Binary Search Trees, Dynamic Programming, Machine Learning Foundations, System Design Basics & Caching, Greedy Algorithms & Backtracking, Linked Lists & Doubly Linked Lists, Arrays & Hash Maps, Stacks & Queues, Graph Algorithms",73,0,Medium,M1 -> M4 -> M4,77,97,Excellent,System Design Basics & Caching
STU1853,Ananya Joshi,26,Male,High School,Visual,2.2,54,5,51.8,60,Linked Lists & Doubly Linked Lists,"System Design Basics & Caching, Arrays & Hash Maps, Linked Lists & Doubly Linked Lists, Trees & Binary Search Trees, Dynamic Programming, Stacks & Queues",70,1,Easy,M1 -> M2 -> M6,86,60,Fail,Arrays & Hash Maps
STU1854,Ethan Martinez,23,Male,High School,Visual,2.71,85,4,26.1,40,Machine Learning Foundations,"Greedy Algorithms & Backtracking, System Design Basics & Caching, Linked Lists & Doubly Linked Lists, Stacks & Queues",65,2,Medium,M1 -> M2 -> M6,94,88,Good,Trees & Binary Search Trees
STU1855,Aarav Miller,24,Male,High School,Kinesthetic,2.76,87,1,57.8,10,Graph Algorithms,Dynamic Programming,86,5,Hard,M1 -> M3 -> M5,90,96,Good,Trees & Binary Search Trees
STU1856,Rahul Singh,23,Male,PG,Kinesthetic,3.99,61,1,58.0,30,Dynamic Programming,"Linked Lists & Doubly Linked Lists, Trees & Binary Search Trees, Sorting & Searching Algorithms",68,0,Medium,M1 -> M2 -> M5,97,70,Fair,Sorting & Searching Algorithms
STU1857,Mason Rodriguez,25,Male,UG,Visual,3.42,92,1,59.1,90,Linked Lists & Doubly Linked Lists,"Arrays & Hash Maps, Greedy Algorithms & Backtracking, Sorting & Searching Algorithms, Linked Lists & Doubly Linked Lists, Trees & Binary Search Trees, Graph Algorithms, System Design Basics & Caching, Dynamic Programming, Stacks & Queues",73,3,Hard,M1 -> M3 -> M6,99,87,Excellent,Dynamic Programming
STU1858,Priya Rao,18,Female,High School,Auditory,3.97,68,1,56.6,10,System Design Basics & Caching,Greedy Algorithms & Backtracking,72,4,Easy,M1 -> M4 -> M4,99,59,Fair,Machine Learning Foundations
STU1859,Karan Williams,20,Female,High School,Auditory,2.01,76,4,43.1,30,Graph Algorithms,"Greedy Algorithms & Backtracking, Graph Algorithms, Sorting & Searching Algorithms",94,4,Medium,M1 -> M2 -> M4,77,83,Good,Trees & Binary Search Trees
STU1860,Priya Smith,20,Male,PG,Visual,2.35,75,3,28.1,100,Greedy Algorithms & Backtracking,"Stacks & Queues, Sorting & Searching Algorithms, Graph Algorithms, Arrays & Hash Maps, Dynamic Programming, Machine Learning Foundations, Linked Lists & Doubly Linked Lists, Greedy Algorithms & Backtracking, Trees & Binary Search Trees, System Design Basics & Caching",65,4,Medium,M1 -> M3 -> M6,84,82,Excellent,Greedy Algorithms & Backtracking
STU1861,Ananya Verma,25,Male,PG,Auditory,3.51,69,3,31.2,40,Dynamic Programming,"Dynamic Programming, System Design Basics & Caching, Trees & Binary Search Trees, Greedy Algorithms & Backtracking",100,5,Hard,M1 -> M3 -> M5,77,76,Fair,Sorting & Searching Algorithms
STU1862,Meera Johnson,18,Male,PG,Auditory,3.5,84,1,47.9,10,Machine Learning Foundations,Machine Learning Foundations,67,3,Easy,M1 -> M4 -> M4,94,85,Good,Greedy Algorithms & Backtracking
STU1863,Yash Miller,18,Female,High School,Visual,2.47,83,1,29.1,60,Dynamic Programming,"Machine Learning Foundations, Dynamic Programming, Graph Algorithms, Arrays & Hash Maps, System Design Basics & Caching, Sorting & Searching Algorithms",61,0,Easy,M1 -> M2 -> M5,70,86,Good,Trees & Binary Search Trees
STU1864,Neha Kumar,24,Male,PG,Kinesthetic,2.41,45,4,19.3,70,Graph Algorithms,"Stacks & Queues, Dynamic Programming, System Design Basics & Caching, Greedy Algorithms & Backtracking, Linked Lists & Doubly Linked Lists, Sorting & Searching Algorithms, Arrays & Hash Maps",63,4,Easy,M1 -> M2 -> M4,85,40,Fail,Arrays & Hash Maps
STU1865,Liam Jones,19,Female,UG,Auditory,3.84,91,1,41.9,50,Arrays & Hash Maps,"Sorting & Searching Algorithms, Linked Lists & Doubly Linked Lists, Machine Learning Foundations, Arrays & Hash Maps, Graph Algorithms",60,0,Medium,M1 -> M3 -> M5,95,88,Excellent,Graph Algorithms
STU1866,Alex Johnson,20,Female,High School,Auditory,3.2,47,3,23.2,20,Greedy Algorithms & Backtracking,"Dynamic Programming, Trees & Binary Search Trees",67,1,Easy,M1 -> M2 -> M6,95,53,Fail,Arrays & Hash Maps
STU1867,Olivia Williams,25,Male,High School,Auditory,2.83,87,4,27.9,70,Arrays & Hash Maps,"Stacks & Queues, Graph Algorithms, Machine Learning Foundations, Linked Lists & Doubly Linked Lists, Greedy Algorithms & Backtracking, Trees & Binary Search Trees, System Design Basics & Caching",79,4,Easy,M1 -> M3 -> M5,74,81,Good,Greedy Algorithms & Backtracking
STU1868,Liam Garcia,25,Female,High School,Auditory,3.97,88,2,19.4,60,System Design Basics & Caching,"Greedy Algorithms & Backtracking, System Design Basics & Caching, Linked Lists & Doubly Linked Lists, Trees & Binary Search Trees, Sorting & Searching Algorithms, Graph Algorithms",66,2,Easy,M1 -> M2 -> M4,78,83,Excellent,Graph Algorithms
STU1869,Sophia Nair,19,Male,UG,Kinesthetic,3.61,55,2,35.0,50,Sorting & Searching Algorithms,"Graph Algorithms, Dynamic Programming, Greedy Algorithms & Backtracking, Linked Lists & Doubly Linked Lists, Arrays & Hash Maps",90,5,Medium,M1 -> M4 -> M5,89,55,Fail,Linked Lists & Doubly Linked Lists
STU1870,Ishita Smith,18,Female,UG,Kinesthetic,3.63,65,4,54.7,40,Graph Algorithms,"Arrays & Hash Maps, Linked Lists & Doubly Linked Lists, System Design Basics & Caching, Trees & Binary Search Trees",65,3,Easy,M1 -> M4 -> M4,73,59,Fair,Stacks & Queues
STU1871,Dev Joshi,26,Male,High School,Kinesthetic,3.9,55,2,58.4,20,Greedy Algorithms & Backtracking,"Stacks & Queues, Arrays & Hash Maps",90,4,Easy,M1 -> M3 -> M4,72,63,Fair,Linked Lists & Doubly Linked Lists
STU1872,Rohan Smith,22,Male,UG,Kinesthetic,2.11,68,2,28.6,80,System Design Basics & Caching,"Stacks & Queues, Graph Algorithms, Linked Lists & Doubly Linked Lists, Arrays & Hash Maps, Trees & Binary Search Trees, Machine Learning Foundations, Greedy Algorithms & Backtracking, Sorting & Searching Algorithms",64,0,Hard,M1 -> M3 -> M5,82,71,Good,Machine Learning Foundations
STU1873,Rahul Nair,26,Male,High School,Visual,3.9,67,2,48.4,10,Dynamic Programming,Graph Algorithms,65,3,Easy,M1 -> M3 -> M4,86,76,Good,Stacks & Queues
STU1874,Olivia Johnson,19,Female,PG,Visual,2.48,83,3,29.6,70,Dynamic Programming,"Sorting & Searching Algorithms, Stacks & Queues, Linked Lists & Doubly Linked Lists, Dynamic Programming, Trees & Binary Search Trees, System Design Basics & Caching, Machine Learning Foundations",74,0,Easy,M1 -> M4 -> M5,83,74,Excellent,Greedy Algorithms & Backtracking
STU1875,Noah Smith,22,Male,High School,Kinesthetic,3.76,91,5,41.9,80,Linked Lists & Doubly Linked Lists,"Trees & Binary Search Trees, Graph Algorithms, Dynamic Programming, Sorting & Searching Algorithms, Linked Lists & Doubly Linked Lists, Arrays & Hash Maps, System Design Basics & Caching, Greedy Algorithms & Backtracking",62,5,Hard,M1 -> M3 -> M6,93,91,Excellent,Graph Algorithms
STU1876,Dev Williams,18,Male,PG,Kinesthetic,2.45,92,3,43.5,10,Graph Algorithms,Linked Lists & Doubly Linked Lists,77,5,Easy,M1 -> M3 -> M5,77,90,Excellent,System Design Basics & Caching
STU1877,Liam Mehta,23,Female,High School,Auditory,3.52,63,4,50.9,80,Arrays & Hash Maps,"Linked Lists & Doubly Linked Lists, Dynamic Programming, Sorting & Searching Algorithms, Machine Learning Foundations, Stacks & Queues, System Design Basics & Caching, Arrays & Hash Maps, Greedy Algorithms & Backtracking",80,0,Medium,M1 -> M4 -> M4,70,55,Fair,Sorting & Searching Algorithms
STU1878,Isabella Gupta,26,Female,PG,Auditory,3.11,68,5,30.8,80,Graph Algorithms,"Arrays & Hash Maps, Sorting & Searching Algorithms, Stacks & Queues, Graph Algorithms, Machine Learning Foundations, Greedy Algorithms & Backtracking, Dynamic Programming, System Design Basics & Caching",96,1,Easy,M1 -> M3 -> M6,82,70,Good,Sorting & Searching Algorithms
STU1879,Siddharth Verma,24,Male,PG,Kinesthetic,3.21,46,1,41.9,30,Graph Algorithms,"Linked Lists & Doubly Linked Lists, Dynamic Programming, Machine Learning Foundations",77,0,Medium,M1 -> M2 -> M6,86,56,Fair,Linked Lists & Doubly Linked Lists
STU1880,Mason Martinez,18,Male,UG,Kinesthetic,3.6,59,4,57.1,20,Linked Lists & Doubly Linked Lists,"Stacks & Queues, Linked Lists & Doubly Linked Lists",81,4,Easy,M1 -> M2 -> M4,75,59,Fail,Arrays & Hash Maps
STU1881,Arjun Garcia,25,Male,UG,Visual,3.65,86,2,46.0,40,System Design Basics & Caching,"Sorting & Searching Algorithms, Dynamic Programming, Linked Lists & Doubly Linked Lists, Trees & Binary Search Trees",67,2,Hard,M1 -> M3 -> M6,85,82,Good,Greedy Algorithms & Backtracking
STU1882,Rahul Joshi,23,Female,High School,Kinesthetic,2.98,96,3,23.3,50,Stacks & Queues,"Linked Lists & Doubly Linked Lists, Graph Algorithms, Stacks & Queues, Arrays & Hash Maps, System Design Basics & Caching",88,4,Easy,M1 -> M3 -> M5,81,100,Excellent,System Design Basics & Caching
STU1883,Siddharth Jones,19,Female,High School,Auditory,2.1,53,5,31.4,60,Machine Learning Foundations,"Stacks & Queues, Sorting & Searching Algorithms, Trees & Binary Search Trees, Dynamic Programming, System Design Basics & Caching, Arrays & Hash Maps",95,3,Hard,M1 -> M3 -> M5,95,48,Fail,Arrays & Hash Maps
STU1884,Meera Joshi,25,Female,UG,Visual,2.45,63,5,21.7,20,Dynamic Programming,"Linked Lists & Doubly Linked Lists, Stacks & Queues",75,2,Easy,M1 -> M2 -> M6,71,56,Fair,Machine Learning Foundations
STU1885,Aarav Garcia,23,Male,UG,Kinesthetic,2.09,71,1,22.7,50,Dynamic Programming,"Machine Learning Foundations, Graph Algorithms, System Design Basics & Caching, Sorting & Searching Algorithms, Dynamic Programming",68,5,Medium,M1 -> M2 -> M6,95,68,Fair,Stacks & Queues
STU1886,Siddharth Smith,25,Male,PG,Kinesthetic,2.61,76,5,22.6,100,Linked Lists & Doubly Linked Lists,"Trees & Binary Search Trees, Greedy Algorithms & Backtracking, Arrays & Hash Maps, Graph Algorithms, Stacks & Queues, Dynamic Programming, Machine Learning Foundations, Sorting & Searching Algorithms, System Design Basics & Caching, Linked Lists & Doubly Linked Lists",74,0,Hard,M1 -> M2 -> M5,71,82,Good,Greedy Algorithms & Backtracking
STU1887,Aarav Martinez,21,Female,High School,Auditory,2.21,59,5,39.5,40,Linked Lists & Doubly Linked Lists,"Greedy Algorithms & Backtracking, System Design Basics & Caching, Graph Algorithms, Stacks & Queues",75,4,Hard,M1 -> M4 -> M5,95,56,Fair,Linked Lists & Doubly Linked Lists
STU1888,Tanvi Gupta,19,Male,High School,Auditory,2.12,78,3,28.9,50,Machine Learning Foundations,"Graph Algorithms, Dynamic Programming, Stacks & Queues, Greedy Algorithms & Backtracking, System Design Basics & Caching",88,3,Easy,M1 -> M2 -> M5,99,79,Good,Trees & Binary Search Trees
STU1889,Karan Miller,26,Male,High School,Auditory,3.1,64,5,51.5,20,Linked Lists & Doubly Linked Lists,"System Design Basics & Caching, Arrays & Hash Maps",96,5,Hard,M1 -> M2 -> M4,99,71,Good,Sorting & Searching Algorithms
STU1890,Aditya Garcia,25,Male,UG,Kinesthetic,2.97,71,3,54.8,60,Trees & Binary Search Trees,"Greedy Algorithms & Backtracking, Linked Lists & Doubly Linked Lists, Sorting & Searching Algorithms, Trees & Binary Search Trees, Stacks & Queues, Arrays & Hash Maps",75,1,Medium,M1 -> M2 -> M5,83,76,Good,Machine Learning Foundations
STU1891,Ananya Williams,21,Male,High School,Visual,3.15,80,5,30.0,20,Dynamic Programming,"Linked Lists & Doubly Linked Lists, Machine Learning Foundations",74,0,Easy,M1 -> M2 -> M6,96,76,Excellent,Trees & Binary Search Trees
STU1892,Aditya Verma,21,Female,UG,Kinesthetic,2.15,72,1,27.9,80,Arrays & Hash Maps,"Trees & Binary Search Trees, Greedy Algorithms & Backtracking, Machine Learning Foundations, Arrays & Hash Maps, System Design Basics & Caching, Dynamic Programming, Linked Lists & Doubly Linked Lists, Graph Algorithms",83,4,Easy,M1 -> M2 -> M5,96,70,Fair,Sorting & Searching Algorithms
STU1893,Dev Rao,20,Female,UG,Kinesthetic,2.54,65,5,16.1,80,Trees & Binary Search Trees,"Stacks & Queues, Sorting & Searching Algorithms, System Design Basics & Caching, Arrays & Hash Maps, Trees & Binary Search Trees, Machine Learning Foundations, Linked Lists & Doubly Linked Lists, Graph Algorithms",74,3,Easy,M1 -> M4 -> M6,74,55,Good,Machine Learning Foundations
STU1894,Ethan Jones,20,Male,PG,Auditory,2.95,70,3,34.6,100,Arrays & Hash Maps,"Trees & Binary Search Trees, Sorting & Searching Algorithms, System Design Basics & Caching, Arrays & Hash Maps, Graph Algorithms, Dynamic Programming, Machine Learning Foundations, Stacks & Queues, Linked Lists & Doubly Linked Lists, Greedy Algorithms & Backtracking",88,5,Medium,M1 -> M4 -> M5,79,65,Fair,Sorting & Searching Algorithms
STU1895,Ananya Smith,22,Male,PG,Auditory,3.81,70,1,20.3,60,Sorting & Searching Algorithms,"Dynamic Programming, Greedy Algorithms & Backtracking, Graph Algorithms, Arrays & Hash Maps, System Design Basics & Caching, Linked Lists & Doubly Linked Lists",85,5,Hard,M1 -> M4 -> M6,91,67,Good,Sorting & Searching Algorithms
STU1896,Ananya Sharma,19,Male,UG,Kinesthetic,2.16,66,1,32.4,10,Sorting & Searching Algorithms,System Design Basics & Caching,90,0,Medium,M1 -> M3 -> M5,79,72,Good,Machine Learning Foundations
STU1897,Aditya Sharma,18,Male,High School,Auditory,2.07,68,4,38.8,50,Dynamic Programming,"Graph Algorithms, Sorting & Searching Algorithms, Machine Learning Foundations, Greedy Algorithms & Backtracking, Trees & Binary Search Trees",73,2,Medium,M1 -> M3 -> M4,83,58,Good,Sorting & Searching Algorithms
STU1898,Ishita Davis,20,Female,UG,Auditory,2.27,95,1,19.0,80,Dynamic Programming,"Arrays & Hash Maps, Linked Lists & Doubly Linked Lists, Trees & Binary Search Trees, Graph Algorithms, Machine Learning Foundations, Greedy Algorithms & Backtracking, Stacks & Queues, Dynamic Programming",92,0,Medium,M1 -> M2 -> M5,75,96,Excellent,System Design Basics & Caching
STU1899,Ananya Davis,19,Female,PG,Auditory,3.2,80,4,26.6,50,Trees & Binary Search Trees,"Linked Lists & Doubly Linked Lists, Sorting & Searching Algorithms, Arrays & Hash Maps, Trees & Binary Search Trees, Greedy Algorithms & Backtracking",100,3,Hard,M1 -> M3 -> M6,82,76,Excellent,Greedy Algorithms & Backtracking
STU1900,Ethan Gupta,18,Male,High School,Kinesthetic,2.5,67,3,27.5,100,Greedy Algorithms & Backtracking,"Dynamic Programming, Greedy Algorithms & Backtracking, Arrays & Hash Maps, Linked Lists & Doubly Linked Lists, Stacks & Queues, Sorting & Searching Algorithms, Trees & Binary Search Trees, System Design Basics & Caching, Machine Learning Foundations, Graph Algorithms",97,3,Medium,M1 -> M3 -> M6,72,74,Fair,Machine Learning Foundations
STU1901,Sneha Kumar,26,Male,High School,Visual,3.73,82,5,35.6,30,Graph Algorithms,"Graph Algorithms, Greedy Algorithms & Backtracking, Stacks & Queues",80,4,Medium,M1 -> M4 -> M6,70,72,Excellent,Greedy Algorithms & Backtracking
STU1902,Yash Rao,24,Female,PG,Auditory,3.79,66,1,44.0,40,Machine Learning Foundations,"Stacks & Queues, Graph Algorithms, Greedy Algorithms & Backtracking, System Design Basics & Caching",90,1,Hard,M1 -> M3 -> M5,85,62,Good,Sorting & Searching Algorithms
STU1903,Dev Miller,18,Female,High School,Auditory,3.71,89,5,40.7,60,Linked Lists & Doubly Linked Lists,"Machine Learning Foundations, Linked Lists & Doubly Linked Lists, Greedy Algorithms & Backtracking, Arrays & Hash Maps, Trees & Binary Search Trees, System Design Basics & Caching",79,3,Medium,M1 -> M3 -> M5,92,91,Excellent,Graph Algorithms
STU1904,Noah Verma,19,Male,PG,Visual,3.79,77,5,44.6,30,Dynamic Programming,"Graph Algorithms, Stacks & Queues, Sorting & Searching Algorithms",99,1,Medium,M1 -> M2 -> M6,83,81,Excellent,Greedy Algorithms & Backtracking
STU1905,Karan Rodriguez,19,Male,PG,Auditory,3.69,70,4,36.5,70,Trees & Binary Search Trees,"Machine Learning Foundations, Dynamic Programming, Greedy Algorithms & Backtracking, Arrays & Hash Maps, Sorting & Searching Algorithms, Stacks & Queues, Graph Algorithms",90,0,Easy,M1 -> M3 -> M5,74,71,Good,Sorting & Searching Algorithms
STU1906,Sophia Sharma,19,Female,UG,Auditory,2.51,78,2,31.7,50,Arrays & Hash Maps,"Machine Learning Foundations, System Design Basics & Caching, Sorting & Searching Algorithms, Trees & Binary Search Trees, Stacks & Queues",100,1,Medium,M1 -> M4 -> M6,81,78,Excellent,Greedy Algorithms & Backtracking
STU1907,Sophia Smith,25,Female,PG,Auditory,2.42,48,2,50.1,60,Graph Algorithms,"Stacks & Queues, Arrays & Hash Maps, Sorting & Searching Algorithms, System Design Basics & Caching, Graph Algorithms, Machine Learning Foundations",88,1,Hard,M1 -> M2 -> M6,92,42,Fair,Linked Lists & Doubly Linked Lists
STU1908,Meera Williams,23,Female,High School,Kinesthetic,3.11,55,4,51.5,50,Stacks & Queues,"Dynamic Programming, Machine Learning Foundations, Arrays & Hash Maps, Linked Lists & Doubly Linked Lists, Trees & Binary Search Trees",94,0,Hard,M1 -> M3 -> M5,98,54,Fail,Arrays & Hash Maps
STU1909,Aditya Davis,20,Female,High School,Kinesthetic,2.72,54,4,51.1,10,Greedy Algorithms & Backtracking,Machine Learning Foundations,87,2,Hard,M1 -> M3 -> M6,78,48,Fair,Arrays & Hash Maps
STU1910,Aditya Garcia,19,Female,UG,Kinesthetic,3.99,74,3,16.6,100,Linked Lists & Doubly Linked Lists,"Dynamic Programming, Trees & Binary Search Trees, Machine Learning Foundations, Graph Algorithms, Stacks & Queues, Arrays & Hash Maps, System Design Basics & Caching, Greedy Algorithms & Backtracking, Linked Lists & Doubly Linked Lists, Sorting & Searching Algorithms",84,4,Medium,M1 -> M4 -> M4,89,80,Good,Sorting & Searching Algorithms
STU1911,Rahul Joshi,18,Female,PG,Visual,2.04,97,5,15.8,20,Trees & Binary Search Trees,"Trees & Binary Search Trees, Graph Algorithms",73,3,Hard,M1 -> M2 -> M5,97,92,Excellent,System Design Basics & Caching
STU1912,Noah Nair,22,Male,PG,Visual,2.18,100,4,55.6,70,Machine Learning Foundations,"Sorting & Searching Algorithms, Linked Lists & Doubly Linked Lists, System Design Basics & Caching, Machine Learning Foundations, Dynamic Programming, Greedy Algorithms & Backtracking, Stacks & Queues",62,1,Hard,M1 -> M4 -> M4,84,100,Excellent,Graph Algorithms
STU1913,Mason Gupta,22,Female,UG,Kinesthetic,2.7,81,2,40.3,20,Stacks & Queues,"Arrays & Hash Maps, Trees & Binary Search Trees",63,2,Medium,M1 -> M3 -> M6,90,89,Excellent,Greedy Algorithms & Backtracking
STU1914,Aditya Singh,21,Female,High School,Kinesthetic,3.35,79,3,43.3,80,Sorting & Searching Algorithms,"Graph Algorithms, Stacks & Queues, Machine Learning Foundations, Trees & Binary Search Trees, Linked Lists & Doubly Linked Lists, Dynamic Programming, Greedy Algorithms & Backtracking, Arrays & Hash Maps",100,2,Medium,M1 -> M4 -> M4,85,73,Good,Trees & Binary Search Trees
STU1915,Emma Patel,25,Male,High School,Auditory,2.32,44,2,22.1,10,Sorting & Searching Algorithms,Sorting & Searching Algorithms,88,4,Medium,M1 -> M4 -> M6,91,50,Fair,Linked Lists & Doubly Linked Lists
STU1916,Sneha Jones,20,Female,PG,Kinesthetic,2.92,63,4,34.9,80,Machine Learning Foundations,"Trees & Binary Search Trees, System Design Basics & Caching, Graph Algorithms, Dynamic Programming, Greedy Algorithms & Backtracking, Arrays & Hash Maps, Linked Lists & Doubly Linked Lists, Stacks & Queues",92,3,Hard,M1 -> M4 -> M5,72,54,Good,Machine Learning Foundations
STU1917,Ishita Sharma,25,Female,PG,Visual,3.19,60,2,15.8,100,Dynamic Programming,"Sorting & Searching Algorithms, Stacks & Queues, Graph Algorithms, Arrays & Hash Maps, Machine Learning Foundations, System Design Basics & Caching, Trees & Binary Search Trees, Dynamic Programming, Greedy Algorithms & Backtracking, Linked Lists & Doubly Linked Lists",61,2,Easy,M1 -> M2 -> M6,74,69,Good,Stacks & Queues
STU1918,Noah Nair,21,Male,UG,Visual,3.98,62,3,42.9,30,Dynamic Programming,"Sorting & Searching Algorithms, Greedy Algorithms & Backtracking, Linked Lists & Doubly Linked Lists",74,2,Medium,M1 -> M4 -> M4,76,54,Fair,Stacks & Queues
STU1919,Emma Patel,18,Male,PG,Auditory,3.02,69,1,46.2,60,Dynamic Programming,"Greedy Algorithms & Backtracking, Trees & Binary Search Trees, Linked Lists & Doubly Linked Lists, Dynamic Programming, Machine Learning Foundations, System Design Basics & Caching",64,5,Easy,M1 -> M4 -> M4,98,73,Good,Sorting & Searching Algorithms
STU1920,Kavya Brown,18,Female,High School,Visual,2.37,64,2,25.6,20,Greedy Algorithms & Backtracking,"Trees & Binary Search Trees, Greedy Algorithms & Backtracking",98,3,Easy,M1 -> M2 -> M4,91,63,Fair,Stacks & Queues
STU1921,Yash Kumar,24,Male,High School,Kinesthetic,3.23,42,4,18.5,30,Stacks & Queues,"Graph Algorithms, Arrays & Hash Maps, System Design Basics & Caching",93,3,Easy,M1 -> M3 -> M4,99,52,Fair,Arrays & Hash Maps
STU1922,Karan Patel,22,Male,UG,Kinesthetic,3.44,83,3,30.3,50,Greedy Algorithms & Backtracking,"Linked Lists & Doubly Linked Lists, Machine Learning Foundations, Arrays & Hash Maps, Dynamic Programming, Greedy Algorithms & Backtracking",65,2,Hard,M1 -> M4 -> M4,100,83,Good,Greedy Algorithms & Backtracking
STU1923,Pooja Brown,18,Male,UG,Auditory,3.2,55,1,53.1,40,Graph Algorithms,"Greedy Algorithms & Backtracking, Machine Learning Foundations, Dynamic Programming, Trees & Binary Search Trees",76,4,Medium,M1 -> M3 -> M4,85,56,Fair,Linked Lists & Doubly Linked Lists
STU1924,Aarav Nair,20,Male,UG,Auditory,3.73,75,3,44.8,10,Dynamic Programming,Machine Learning Foundations,92,3,Easy,M1 -> M3 -> M5,93,81,Excellent,Greedy Algorithms & Backtracking
STU1925,Neha Garcia,25,Male,High School,Auditory,3.12,100,5,15.9,20,Dynamic Programming,"Arrays & Hash Maps, Sorting & Searching Algorithms",64,4,Medium,M1 -> M3 -> M5,71,100,Excellent,Dynamic Programming
STU1926,Neha Williams,25,Female,UG,Visual,2.53,58,2,48.7,50,Linked Lists & Doubly Linked Lists,"Graph Algorithms, Machine Learning Foundations, Stacks & Queues, System Design Basics & Caching, Greedy Algorithms & Backtracking",91,5,Medium,M1 -> M2 -> M4,96,51,Fair,Arrays & Hash Maps
STU1927,Sneha Jones,26,Female,High School,Auditory,3.02,34,4,58.9,100,Greedy Algorithms & Backtracking,"Arrays & Hash Maps, Graph Algorithms, Stacks & Queues, Greedy Algorithms & Backtracking, Machine Learning Foundations, Trees & Binary Search Trees, Sorting & Searching Algorithms, Linked Lists & Doubly Linked Lists, System Design Basics & Caching, Dynamic Programming",94,0,Hard,M1 -> M2 -> M5,72,40,Fail,Arrays & Hash Maps
STU1928,Sneha Brown,23,Female,High School,Kinesthetic,3.86,67,3,16.7,100,Greedy Algorithms & Backtracking,"Dynamic Programming, Machine Learning Foundations, Linked Lists & Doubly Linked Lists, Sorting & Searching Algorithms, Arrays & Hash Maps, Stacks & Queues, Graph Algorithms, System Design Basics & Caching, Greedy Algorithms & Backtracking, Trees & Binary Search Trees",91,3,Hard,M1 -> M3 -> M4,93,74,Good,Machine Learning Foundations
STU1929,Mason Sharma,18,Female,UG,Kinesthetic,2.5,88,1,34.5,90,Graph Algorithms,"Sorting & Searching Algorithms, Machine Learning Foundations, Greedy Algorithms & Backtracking, Trees & Binary Search Trees, Arrays & Hash Maps, Graph Algorithms, Dynamic Programming, Linked Lists & Doubly Linked Lists, Stacks & Queues",91,1,Easy,M1 -> M4 -> M6,95,83,Excellent,System Design Basics & Caching
STU1930,Tanvi Mehta,22,Male,UG,Visual,2.02,100,4,57.9,100,Stacks & Queues,"Linked Lists & Doubly Linked Lists, Sorting & Searching Algorithms, Stacks & Queues, Trees & Binary Search Trees, Machine Learning Foundations, Greedy Algorithms & Backtracking, Dynamic Programming, Graph Algorithms, Arrays & Hash Maps, System Design Basics & Caching",89,2,Hard,M1 -> M2 -> M6,88,93,Excellent,System Design Basics & Caching
STU1931,Neha Verma,23,Female,UG,Kinesthetic,2.93,53,4,50.9,70,Machine Learning Foundations,"System Design Basics & Caching, Machine Learning Foundations, Arrays & Hash Maps, Greedy Algorithms & Backtracking, Linked Lists & Doubly Linked Lists, Sorting & Searching Algorithms, Stacks & Queues",63,4,Hard,M1 -> M4 -> M4,87,44,Fail,Arrays & Hash Maps
STU1932,Rahul Johnson,25,Male,High School,Auditory,3.75,79,1,25.2,30,Arrays & Hash Maps,"Dynamic Programming, Trees & Binary Search Trees, Greedy Algorithms & Backtracking",83,2,Medium,M1 -> M3 -> M4,84,81,Good,Trees & Binary Search Trees
STU1933,Noah Patel,24,Female,High School,Kinesthetic,2.81,65,3,26.0,60,System Design Basics & Caching,"Dynamic Programming, Trees & Binary Search Trees, Machine Learning Foundations, Greedy Algorithms & Backtracking, Arrays & Hash Maps, Linked Lists & Doubly Linked Lists",84,4,Easy,M1 -> M2 -> M6,75,65,Fair,Machine Learning Foundations
STU1934,Ava Nair,23,Male,PG,Visual,2.77,70,5,37.4,50,Arrays & Hash Maps,"Machine Learning Foundations, Greedy Algorithms & Backtracking, System Design Basics & Caching, Dynamic Programming, Linked Lists & Doubly Linked Lists",66,4,Easy,M1 -> M2 -> M4,90,60,Good,Stacks & Queues
STU1935,Riya Williams,23,Female,PG,Auditory,3.98,100,4,17.8,40,Machine Learning Foundations,"Trees & Binary Search Trees, Arrays & Hash Maps, System Design Basics & Caching, Stacks & Queues",80,5,Hard,M1 -> M2 -> M6,89,100,Excellent,Graph Algorithms
STU1936,Meera Verma,24,Female,PG,Kinesthetic,2.49,49,3,48.6,60,Machine Learning Foundations,"Arrays & Hash Maps, Graph Algorithms, System Design Basics & Caching, Trees & Binary Search Trees, Greedy Algorithms & Backtracking, Machine Learning Foundations",75,0,Hard,M1 -> M2 -> M5,86,57,Fail,Arrays & Hash Maps
STU1937,Aarav Kumar,25,Female,UG,Auditory,2.23,75,1,55.3,40,Arrays & Hash Maps,"Arrays & Hash Maps, Sorting & Searching Algorithms, Machine Learning Foundations, Dynamic Programming",94,2,Easy,M1 -> M3 -> M5,98,82,Excellent,Greedy Algorithms & Backtracking
STU1938,Siddharth Sharma,26,Female,High School,Auditory,2.61,79,3,29.2,70,Stacks & Queues,"System Design Basics & Caching, Stacks & Queues, Sorting & Searching Algorithms, Dynamic Programming, Arrays & Hash Maps, Trees & Binary Search Trees, Linked Lists & Doubly Linked Lists",71,0,Easy,M1 -> M4 -> M5,80,80,Good,Trees & Binary Search Trees
STU1939,Mason Verma,19,Male,UG,Visual,2.51,88,5,36.3,20,Linked Lists & Doubly Linked Lists,"Greedy Algorithms & Backtracking, System Design Basics & Caching",82,0,Hard,M1 -> M2 -> M4,93,81,Excellent,System Design Basics & Caching
STU1940,Mason Miller,22,Male,PG,Visual,2.72,73,1,58.5,20,Graph Algorithms,"Linked Lists & Doubly Linked Lists, Stacks & Queues",60,3,Medium,M1 -> M3 -> M6,72,73,Fair,Stacks & Queues
STU1941,Riya Rodriguez,21,Male,High School,Auditory,2.81,76,5,57.1,100,Stacks & Queues,"Dynamic Programming, System Design Basics & Caching, Graph Algorithms, Trees & Binary Search Trees, Linked Lists & Doubly Linked Lists, Greedy Algorithms & Backtracking, Machine Learning Foundations, Stacks & Queues, Arrays & Hash Maps, Sorting & Searching Algorithms",83,1,Medium,M1 -> M3 -> M4,83,72,Good,Trees & Binary Search Trees
STU1942,Riya Verma,25,Male,High School,Auditory,3.66,66,5,53.0,20,Trees & Binary Search Trees,"Greedy Algorithms & Backtracking, Trees & Binary Search Trees",99,0,Medium,M1 -> M4 -> M4,82,74,Fair,Sorting & Searching Algorithms
STU1943,Ishita Joshi,24,Female,High School,Auditory,2.7,76,4,39.8,40,Linked Lists & Doubly Linked Lists,"Graph Algorithms, Sorting & Searching Algorithms, Machine Learning Foundations, Stacks & Queues",67,2,Hard,M1 -> M3 -> M5,77,86,Good,Greedy Algorithms & Backtracking
STU1944,Isabella Gupta,26,Female,PG,Kinesthetic,3.16,66,2,25.8,70,Trees & Binary Search Trees,"Trees & Binary Search Trees, Arrays & Hash Maps, Stacks & Queues, Linked Lists & Doubly Linked Lists, System Design Basics & Caching, Greedy Algorithms & Backtracking, Dynamic Programming",74,5,Hard,M1 -> M2 -> M6,82,56,Fair,Machine Learning Foundations
STU1945,Noah Singh,23,Male,PG,Kinesthetic,3.43,81,1,50.0,30,Greedy Algorithms & Backtracking,"Arrays & Hash Maps, Graph Algorithms, Machine Learning Foundations",75,4,Medium,M1 -> M3 -> M6,84,72,Excellent,Greedy Algorithms & Backtracking
STU1946,Olivia Garcia,20,Female,High School,Kinesthetic,2.32,66,1,31.1,60,Greedy Algorithms & Backtracking,"System Design Basics & Caching, Dynamic Programming, Machine Learning Foundations, Linked Lists & Doubly Linked Lists, Trees & Binary Search Trees, Graph Algorithms",91,1,Easy,M1 -> M2 -> M4,88,70,Fair,Machine Learning Foundations
STU1947,Aarav Patel,26,Male,UG,Auditory,3.0,77,4,35.7,80,Sorting & Searching Algorithms,"Linked Lists & Doubly Linked Lists, System Design Basics & Caching, Dynamic Programming, Machine Learning Foundations, Arrays & Hash Maps, Sorting & Searching Algorithms, Trees & Binary Search Trees, Graph Algorithms",71,4,Hard,M1 -> M3 -> M6,82,67,Good,Greedy Algorithms & Backtracking
STU1948,Aarav Williams,24,Male,High School,Auditory,3.18,71,5,56.8,50,Stacks & Queues,"Sorting & Searching Algorithms, Stacks & Queues, Graph Algorithms, Trees & Binary Search Trees, System Design Basics & Caching",87,4,Easy,M1 -> M4 -> M4,90,70,Good,Sorting & Searching Algorithms
STU1949,Priya Martinez,25,Female,High School,Visual,2.25,88,3,55.9,90,Arrays & Hash Maps,"System Design Basics & Caching, Trees & Binary Search Trees, Graph Algorithms, Greedy Algorithms & Backtracking, Sorting & Searching Algorithms, Arrays & Hash Maps, Stacks & Queues, Machine Learning Foundations, Linked Lists & Doubly Linked Lists",89,4,Easy,M1 -> M3 -> M6,76,86,Excellent,System Design Basics & Caching
STU1950,Riya Smith,26,Female,PG,Auditory,3.83,71,2,18.2,30,Dynamic Programming,"Arrays & Hash Maps, Stacks & Queues, Linked Lists & Doubly Linked Lists",92,5,Medium,M1 -> M4 -> M6,79,62,Good,Machine Learning Foundations
STU1951,Karan Martinez,25,Female,High School,Kinesthetic,2.05,45,1,20.7,80,System Design Basics & Caching,"Arrays & Hash Maps, Trees & Binary Search Trees, Greedy Algorithms & Backtracking, Graph Algorithms, Linked Lists & Doubly Linked Lists, Stacks & Queues, Sorting & Searching Algorithms, System Design Basics & Caching",93,4,Medium,M1 -> M2 -> M5,85,52,Fair,Linked Lists & Doubly Linked Lists
STU1952,Alex Gupta,21,Female,High School,Kinesthetic,2.16,90,2,27.2,30,Linked Lists & Doubly Linked Lists,"Greedy Algorithms & Backtracking, Sorting & Searching Algorithms, Dynamic Programming",98,4,Easy,M1 -> M4 -> M5,76,83,Excellent,System Design Basics & Caching
STU1953,Meera Davis,20,Female,High School,Kinesthetic,3.61,58,3,52.1,60,Machine Learning Foundations,"Greedy Algorithms & Backtracking, Dynamic Programming, System Design Basics & Caching, Linked Lists & Doubly Linked Lists, Arrays & Hash Maps, Graph Algorithms",88,4,Easy,M1 -> M3 -> M4,80,62,Fair,Arrays & Hash Maps
STU1954,Dev Rao,24,Female,High School,Visual,3.2,62,3,21.7,80,System Design Basics & Caching,"Sorting & Searching Algorithms, Dynamic Programming, Machine Learning Foundations, Greedy Algorithms & Backtracking, Linked Lists & Doubly Linked Lists, Stacks & Queues, Graph Algorithms, Trees & Binary Search Trees",81,4,Hard,M1 -> M3 -> M4,75,70,Good,Stacks & Queues
STU1955,Pooja Verma,25,Male,High School,Kinesthetic,2.84,63,2,40.1,100,Graph Algorithms,"Arrays & Hash Maps, Dynamic Programming, Machine Learning Foundations, Greedy Algorithms & Backtracking, Stacks & Queues, Sorting & Searching Algorithms, System Design Basics & Caching, Trees & Binary Search Trees, Graph Algorithms, Linked Lists & Doubly Linked Lists",94,4,Easy,M1 -> M4 -> M4,96,70,Fair,Machine Learning Foundations
STU1956,Emma Martinez,26,Female,High School,Visual,2.72,92,4,59.2,50,Dynamic Programming,"System Design Basics & Caching, Dynamic Programming, Stacks & Queues, Graph Algorithms, Trees & Binary Search Trees",63,1,Medium,M1 -> M3 -> M5,90,99,Excellent,System Design Basics & Caching
STU1957,Ananya Davis,22,Male,UG,Kinesthetic,3.85,39,3,15.2,50,Machine Learning Foundations,"Stacks & Queues, Dynamic Programming, Machine Learning Foundations, Trees & Binary Search Trees, Linked Lists & Doubly Linked Lists",85,0,Medium,M1 -> M3 -> M5,97,41,Fail,Arrays & Hash Maps
STU1958,Alex Verma,24,Male,UG,Kinesthetic,3.57,100,2,16.7,100,Linked Lists & Doubly Linked Lists,"Arrays & Hash Maps, Machine Learning Foundations, Linked Lists & Doubly Linked Lists, Trees & Binary Search Trees, Dynamic Programming, Stacks & Queues, Graph Algorithms, Greedy Algorithms & Backtracking, Sorting & Searching Algorithms, System Design Basics & Caching",66,3,Easy,M1 -> M3 -> M5,90,100,Excellent,Graph Algorithms
STU1959,Sophia Rao,20,Male,PG,Auditory,2.36,87,2,17.5,30,Sorting & Searching Algorithms,"System Design Basics & Caching, Machine Learning Foundations, Greedy Algorithms & Backtracking",72,1,Easy,M1 -> M3 -> M6,71,91,Excellent,Greedy Algorithms & Backtracking
STU1960,Ananya Davis,24,Male,High School,Auditory,2.19,75,3,22.9,50,Arrays & Hash Maps,"Stacks & Queues, Sorting & Searching Algorithms, Arrays & Hash Maps, Greedy Algorithms & Backtracking, Trees & Binary Search Trees",89,3,Hard,M1 -> M2 -> M5,90,74,Excellent,Trees & Binary Search Trees
STU1961,Noah Brown,23,Male,UG,Kinesthetic,3.37,71,1,18.7,60,Arrays & Hash Maps,"Sorting & Searching Algorithms, Trees & Binary Search Trees, Graph Algorithms, System Design Basics & Caching, Dynamic Programming, Stacks & Queues",86,0,Medium,M1 -> M4 -> M6,76,78,Good,Machine Learning Foundations
STU1962,Tanvi Garcia,23,Female,PG,Kinesthetic,3.8,76,2,58.3,80,Sorting & Searching Algorithms,"Machine Learning Foundations, Stacks & Queues, Arrays & Hash Maps, System Design Basics & Caching, Sorting & Searching Algorithms, Greedy Algorithms & Backtracking, Dynamic Programming, Linked Lists & Doubly Linked Lists",93,5,Easy,M1 -> M2 -> M4,82,74,Good,Greedy Algorithms & Backtracking
STU1963,Sophia Mehta,18,Male,PG,Visual,3.21,79,4,38.6,80,Greedy Algorithms & Backtracking,"Graph Algorithms, Machine Learning Foundations, System Design Basics & Caching, Linked Lists & Doubly Linked Lists, Dynamic Programming, Sorting & Searching Algorithms, Stacks & Queues, Greedy Algorithms & Backtracking",91,5,Medium,M1 -> M4 -> M4,97,84,Excellent,Greedy Algorithms & Backtracking
STU1964,Dev Singh,22,Female,PG,Auditory,3.83,81,1,16.0,80,Stacks & Queues,"System Design Basics & Caching, Trees & Binary Search Trees, Graph Algorithms, Arrays & Hash Maps, Greedy Algorithms & Backtracking, Dynamic Programming, Machine Learning Foundations, Linked Lists & Doubly Linked Lists",98,4,Hard,M1 -> M3 -> M4,86,76,Excellent,Greedy Algorithms & Backtracking
STU1965,Yash Rodriguez,21,Male,UG,Kinesthetic,2.52,80,4,31.0,20,Stacks & Queues,"System Design Basics & Caching, Stacks & Queues",82,4,Hard,M1 -> M2 -> M5,88,72,Good,Greedy Algorithms & Backtracking
STU1966,Aarav Smith,23,Female,PG,Kinesthetic,3.14,73,3,58.3,60,System Design Basics & Caching,"Graph Algorithms, Trees & Binary Search Trees, Machine Learning Foundations, Sorting & Searching Algorithms, Stacks & Queues, System Design Basics & Caching",69,1,Hard,M1 -> M3 -> M4,97,77,Good,Machine Learning Foundations
STU1967,Liam Sharma,26,Male,UG,Kinesthetic,2.43,69,4,39.3,40,Machine Learning Foundations,"Sorting & Searching Algorithms, Graph Algorithms, Trees & Binary Search Trees, Stacks & Queues",77,2,Hard,M1 -> M2 -> M6,96,62,Good,Machine Learning Foundations
STU1968,Rahul Miller,20,Male,PG,Visual,3.59,69,5,18.5,30,Dynamic Programming,"Graph Algorithms, Stacks & Queues, Linked Lists & Doubly Linked Lists",76,2,Medium,M1 -> M3 -> M6,71,74,Fair,Stacks & Queues
STU1969,Ananya Johnson,18,Female,High School,Kinesthetic,2.74,69,4,45.1,10,Dynamic Programming,Stacks & Queues,71,3,Easy,M1 -> M4 -> M6,74,72,Good,Machine Learning Foundations
STU1970,Karan Jones,20,Male,UG,Kinesthetic,3.05,89,5,37.4,50,Greedy Algorithms & Backtracking,"Arrays & Hash Maps, Greedy Algorithms & Backtracking, Trees & Binary Search Trees, System Design Basics & Caching, Graph Algorithms",81,1,Hard,M1 -> M4 -> M4,88,98,Excellent,Dynamic Programming
STU1971,Riya Joshi,24,Male,PG,Auditory,2.72,80,4,58.8,50,Linked Lists & Doubly Linked Lists,"Machine Learning Foundations, System Design Basics & Caching, Trees & Binary Search Trees, Graph Algorithms, Stacks & Queues",96,1,Hard,M1 -> M2 -> M6,70,73,Excellent,Greedy Algorithms & Backtracking
STU1972,Riya Johnson,19,Female,PG,Kinesthetic,3.15,30,1,31.3,30,Greedy Algorithms & Backtracking,"Graph Algorithms, Greedy Algorithms & Backtracking, System Design Basics & Caching",81,5,Medium,M1 -> M2 -> M6,88,40,Fail,Linked Lists & Doubly Linked Lists
STU1973,Rohan Joshi,22,Female,UG,Auditory,3.76,81,1,22.7,100,Dynamic Programming,"Linked Lists & Doubly Linked Lists, Greedy Algorithms & Backtracking, Dynamic Programming, Stacks & Queues, Sorting & Searching Algorithms, Arrays & Hash Maps, Machine Learning Foundations, Graph Algorithms, System Design Basics & Caching, Trees & Binary Search Trees",93,3,Medium,M1 -> M4 -> M6,71,71,Excellent,Greedy Algorithms & Backtracking
STU1974,Kavya Gupta,20,Female,High School,Kinesthetic,3.79,74,1,42.6,10,Dynamic Programming,Trees & Binary Search Trees,60,2,Easy,M1 -> M3 -> M6,75,81,Good,Machine Learning Foundations
STU1975,Dev Rodriguez,20,Female,UG,Kinesthetic,3.69,71,3,22.4,70,Stacks & Queues,"Stacks & Queues, Dynamic Programming, Greedy Algorithms & Backtracking, Machine Learning Foundations, Linked Lists & Doubly Linked Lists, Arrays & Hash Maps, Graph Algorithms",76,1,Medium,M1 -> M4 -> M4,80,75,Fair,Machine Learning Foundations
STU1976,Pooja Joshi,19,Female,PG,Auditory,2.5,66,5,27.5,100,Graph Algorithms,"Linked Lists & Doubly Linked Lists, Dynamic Programming, Graph Algorithms, Stacks & Queues, Sorting & Searching Algorithms, Greedy Algorithms & Backtracking, Trees & Binary Search Trees, Arrays & Hash Maps, Machine Learning Foundations, System Design Basics & Caching",96,5,Easy,M1 -> M3 -> M6,97,67,Good,Sorting & Searching Algorithms
STU1977,Dev Mehta,24,Female,High School,Kinesthetic,2.89,88,1,57.2,60,Linked Lists & Doubly Linked Lists,"System Design Basics & Caching, Stacks & Queues, Sorting & Searching Algorithms, Arrays & Hash Maps, Greedy Algorithms & Backtracking, Dynamic Programming",65,5,Easy,M1 -> M3 -> M4,85,89,Excellent,System Design Basics & Caching
STU1978,Yash Gupta,22,Female,PG,Auditory,2.83,86,4,45.9,20,Machine Learning Foundations,"Dynamic Programming, Machine Learning Foundations",60,0,Easy,M1 -> M4 -> M5,78,76,Good,Greedy Algorithms & Backtracking
STU1979,Noah Patel,18,Male,UG,Kinesthetic,2.74,60,4,54.7,80,Dynamic Programming,"Graph Algorithms, Greedy Algorithms & Backtracking, Sorting & Searching Algorithms, Trees & Binary Search Trees, System Design Basics & Caching, Dynamic Programming, Stacks & Queues, Machine Learning Foundations",68,4,Easy,M1 -> M3 -> M4,80,50,Good,Machine Learning Foundations
STU1980,Riya Miller,23,Male,PG,Visual,2.48,78,4,49.2,10,Machine Learning Foundations,Graph Algorithms,71,0,Medium,M1 -> M4 -> M4,96,71,Excellent,Greedy Algorithms & Backtracking
STU1981,Ethan Williams,23,Male,UG,Visual,3.67,57,3,22.4,10,Sorting & Searching Algorithms,Trees & Binary Search Trees,98,0,Easy,M1 -> M4 -> M5,88,53,Fail,Arrays & Hash Maps
STU1982,Ananya Rodriguez,24,Male,UG,Visual,2.96,51,1,32.9,10,Dynamic Programming,Dynamic Programming,63,1,Hard,M1 -> M2 -> M5,71,49,Fair,Linked Lists & Doubly Linked Lists
STU1983,Priya Gupta,25,Female,UG,Kinesthetic,2.86,62,1,40.5,40,Linked Lists & Doubly Linked Lists,"Machine Learning Foundations, Graph Algorithms, Dynamic Programming, Trees & Binary Search Trees",99,3,Medium,M1 -> M3 -> M6,96,54,Good,Machine Learning Foundations
STU1984,Ava Singh,20,Male,High School,Kinesthetic,3.34,84,2,35.5,80,System Design Basics & Caching,"System Design Basics & Caching, Graph Algorithms, Greedy Algorithms & Backtracking, Trees & Binary Search Trees, Machine Learning Foundations, Sorting & Searching Algorithms, Linked Lists & Doubly Linked Lists, Dynamic Programming",99,3,Medium,M1 -> M4 -> M6,75,88,Excellent,Trees & Binary Search Trees
STU1985,Aditya Miller,20,Male,High School,Visual,3.14,86,1,51.6,80,Linked Lists & Doubly Linked Lists,"Sorting & Searching Algorithms, Graph Algorithms, Greedy Algorithms & Backtracking, Dynamic Programming, Stacks & Queues, System Design Basics & Caching, Machine Learning Foundations, Arrays & Hash Maps",72,1,Easy,M1 -> M4 -> M6,72,86,Good,Trees & Binary Search Trees
STU1986,Arjun Jones,26,Male,UG,Visual,3.07,79,4,50.6,90,Stacks & Queues,"Graph Algorithms, Dynamic Programming, Machine Learning Foundations, Greedy Algorithms & Backtracking, Sorting & Searching Algorithms, Arrays & Hash Maps, Linked Lists & Doubly Linked Lists, Trees & Binary Search Trees, System Design Basics & Caching",63,4,Hard,M1 -> M4 -> M4,73,80,Good,Greedy Algorithms & Backtracking
STU1987,Isabella Rodriguez,24,Male,UG,Kinesthetic,2.17,82,5,47.7,40,Linked Lists & Doubly Linked Lists,"Machine Learning Foundations, Linked Lists & Doubly Linked Lists, Sorting & Searching Algorithms, Arrays & Hash Maps",75,3,Medium,M1 -> M2 -> M5,89,73,Good,Greedy Algorithms & Backtracking
STU1988,Ishita Brown,22,Female,PG,Auditory,2.12,79,3,55.9,60,System Design Basics & Caching,"Linked Lists & Doubly Linked Lists, Sorting & Searching Algorithms, Machine Learning Foundations, Graph Algorithms, Greedy Algorithms & Backtracking, Dynamic Programming",91,4,Easy,M1 -> M4 -> M6,89,74,Good,Greedy Algorithms & Backtracking
STU1989,Riya Davis,18,Male,PG,Kinesthetic,3.69,62,4,55.3,70,Arrays & Hash Maps,"Dynamic Programming, System Design Basics & Caching, Linked Lists & Doubly Linked Lists, Machine Learning Foundations, Stacks & Queues, Sorting & Searching Algorithms, Arrays & Hash Maps",87,5,Hard,M1 -> M3 -> M5,74,71,Fair,Machine Learning Foundations
STU1990,Aditya Kumar,18,Female,UG,Visual,3.11,78,3,39.9,10,Sorting & Searching Algorithms,System Design Basics & Caching,77,5,Hard,M1 -> M4 -> M6,92,78,Excellent,Greedy Algorithms & Backtracking
STU1991,Liam Garcia,20,Female,High School,Visual,2.46,84,4,30.6,40,Linked Lists & Doubly Linked Lists,"Sorting & Searching Algorithms, Linked Lists & Doubly Linked Lists, Dynamic Programming, Arrays & Hash Maps",95,4,Hard,M1 -> M4 -> M5,79,94,Good,Trees & Binary Search Trees
STU1992,Isabella Jones,24,Female,PG,Visual,3.22,83,4,25.5,100,Sorting & Searching Algorithms,"System Design Basics & Caching, Trees & Binary Search Trees, Stacks & Queues, Greedy Algorithms & Backtracking, Arrays & Hash Maps, Graph Algorithms, Sorting & Searching Algorithms, Machine Learning Foundations, Dynamic Programming, Linked Lists & Doubly Linked Lists",76,4,Hard,M1 -> M3 -> M5,94,88,Good,Greedy Algorithms & Backtracking
STU1993,Ananya Davis,23,Female,PG,Visual,2.85,89,3,23.9,30,Trees & Binary Search Trees,"Machine Learning Foundations, Sorting & Searching Algorithms, System Design Basics & Caching",77,2,Easy,M1 -> M2 -> M4,86,99,Excellent,System Design Basics & Caching
STU1994,Aarav Gupta,19,Female,PG,Auditory,2.95,82,2,36.2,100,Graph Algorithms,"Linked Lists & Doubly Linked Lists, Sorting & Searching Algorithms, Machine Learning Foundations, Greedy Algorithms & Backtracking, Graph Algorithms, System Design Basics & Caching, Stacks & Queues, Dynamic Programming, Arrays & Hash Maps, Trees & Binary Search Trees",60,4,Medium,M1 -> M2 -> M4,80,77,Excellent,Greedy Algorithms & Backtracking
STU1995,Ethan Smith,20,Male,High School,Auditory,2.47,77,5,54.9,30,Linked Lists & Doubly Linked Lists,"Trees & Binary Search Trees, Sorting & Searching Algorithms, Greedy Algorithms & Backtracking",80,3,Easy,M1 -> M3 -> M4,81,67,Good,Trees & Binary Search Trees
STU1996,Aarav Brown,22,Female,UG,Kinesthetic,3.05,88,5,22.2,50,System Design Basics & Caching,"Stacks & Queues, Graph Algorithms, Arrays & Hash Maps, Trees & Binary Search Trees, Sorting & Searching Algorithms",84,1,Medium,M1 -> M3 -> M6,93,83,Excellent,Dynamic Programming
STU1997,Yash Joshi,25,Male,UG,Visual,3.26,71,3,30.8,60,System Design Basics & Caching,"Greedy Algorithms & Backtracking, Trees & Binary Search Trees, Dynamic Programming, Arrays & Hash Maps, Graph Algorithms, Machine Learning Foundations",68,5,Easy,M1 -> M4 -> M6,83,75,Fair,Stacks & Queues
STU1998,Kavya Sharma,19,Male,UG,Visual,3.7,58,4,53.3,80,Arrays & Hash Maps,"Trees & Binary Search Trees, Graph Algorithms, Linked Lists & Doubly Linked Lists, Dynamic Programming, Stacks & Queues, Machine Learning Foundations, System Design Basics & Caching, Greedy Algorithms & Backtracking",94,4,Medium,M1 -> M2 -> M6,72,55,Fair,Arrays & Hash Maps
STU1999,Dev Rodriguez,26,Female,High School,Kinesthetic,2.06,69,2,59.3,60,Trees & Binary Search Trees,"System Design Basics & Caching, Stacks & Queues, Linked Lists & Doubly Linked Lists, Dynamic Programming, Greedy Algorithms & Backtracking, Sorting & Searching Algorithms",99,3,Hard,M1 -> M3 -> M6,81,65,Good,Machine Learning Foundations
STU2000,Noah Garcia,24,Female,UG,Auditory,2.23,60,3,49.7,60,Dynamic Programming,"Stacks & Queues, Machine Learning Foundations, System Design Basics & Caching, Arrays & Hash Maps, Graph Algorithms, Linked Lists & Doubly Linked Lists",76,5,Hard,M1 -> M4 -> M6,93,62,Fair,Sorting & Searching Algorithms
STU2001,Priya Joshi,26,Male,UG,Visual,3.12,61,5,24.0,70,Arrays & Hash Maps,"Dynamic Programming, Trees & Binary Search Trees, Graph Algorithms, Stacks & Queues, Arrays & Hash Maps, Sorting & Searching Algorithms, System Design Basics & Caching",69,4,Hard,M1 -> M4 -> M6,82,51,Fair,Sorting & Searching Algorithms
STU2002,Ishita Kumar,25,Female,PG,Auditory,3.59,69,2,43.5,20,Arrays & Hash Maps,"Trees & Binary Search Trees, Dynamic Programming",83,3,Hard,M1 -> M2 -> M5,71,77,Good,Sorting & Searching Algorithms
STU2003,Arjun Martinez,22,Male,High School,Visual,2.64,60,4,19.5,90,System Design Basics & Caching,"System Design Basics & Caching, Arrays & Hash Maps, Dynamic Programming, Greedy Algorithms & Backtracking, Machine Learning Foundations, Graph Algorithms, Sorting & Searching Algorithms, Trees & Binary Search Trees, Stacks & Queues",98,5,Easy,M1 -> M4 -> M5,77,63,Fair,Stacks & Queues
STU2004,Siddharth Sharma,26,Female,PG,Kinesthetic,3.01,67,2,22.8,50,Graph Algorithms,"Trees & Binary Search Trees, Greedy Algorithms & Backtracking, Stacks & Queues, Dynamic Programming, Arrays & Hash Maps",91,3,Easy,M1 -> M4 -> M4,92,75,Fair,Machine Learning Foundations
STU2005,Rohan Miller,18,Female,High School,Kinesthetic,3.78,43,4,38.1,40,Arrays & Hash Maps,"Machine Learning Foundations, Greedy Algorithms & Backtracking, System Design Basics & Caching, Stacks & Queues",76,1,Hard,M1 -> M2 -> M6,85,41,Fail,Arrays & Hash Maps
STU2006,Dev Kumar,19,Male,High School,Visual,2.32,75,2,45.9,70,Sorting & Searching Algorithms,"Machine Learning Foundations, Greedy Algorithms & Backtracking, Graph Algorithms, Trees & Binary Search Trees, Arrays & Hash Maps, Linked Lists & Doubly Linked Lists, Sorting & Searching Algorithms",66,1,Easy,M1 -> M2 -> M5,92,72,Excellent,Trees & Binary Search Trees
STU2007,Ava Singh,25,Female,PG,Kinesthetic,3.1,72,1,33.7,20,System Design Basics & Caching,"Sorting & Searching Algorithms, Stacks & Queues",61,2,Medium,M1 -> M3 -> M4,72,79,Fair,Sorting & Searching Algorithms
STU2008,Mason Rodriguez,19,Male,PG,Auditory,2.45,59,4,42.1,10,Arrays & Hash Maps,Linked Lists & Doubly Linked Lists,71,2,Hard,M1 -> M2 -> M4,90,49,Fail,Linked Lists & Doubly Linked Lists
STU2009,Rohan Joshi,25,Male,High School,Visual,3.7,81,4,16.6,90,Linked Lists & Doubly Linked Lists,"Machine Learning Foundations, Graph Algorithms, Arrays & Hash Maps, Greedy Algorithms & Backtracking, Stacks & Queues, Trees & Binary Search Trees, System Design Basics & Caching, Dynamic Programming, Sorting & Searching Algorithms",89,3,Hard,M1 -> M2 -> M6,79,82,Good,Greedy Algorithms & Backtracking
STU2010,Ananya Rodriguez,26,Male,UG,Kinesthetic,3.68,86,1,20.0,40,Sorting & Searching Algorithms,"Trees & Binary Search Trees, Machine Learning Foundations, System Design Basics & Caching, Stacks & Queues",85,5,Easy,M1 -> M3 -> M4,79,94,Good,Greedy Algorithms & Backtracking
STU2011,Aditya Williams,19,Female,High School,Visual,3.76,47,1,41.6,60,Linked Lists & Doubly Linked Lists,"Sorting & Searching Algorithms, Linked Lists & Doubly Linked Lists, Trees & Binary Search Trees, System Design Basics & Caching, Machine Learning Foundations, Dynamic Programming",88,1,Medium,M1 -> M2 -> M5,72,57,Fair,Arrays & Hash Maps
STU2012,Ethan Joshi,23,Female,UG,Auditory,2.48,60,5,19.6,100,Arrays & Hash Maps,"Trees & Binary Search Trees, Dynamic Programming, Machine Learning Foundations, Sorting & Searching Algorithms, Graph Algorithms, Stacks & Queues, Greedy Algorithms & Backtracking, Linked Lists & Doubly Linked Lists, Arrays & Hash Maps, System Design Basics & Caching",80,4,Easy,M1 -> M4 -> M5,82,54,Fair,Stacks & Queues
STU2013,Emma Williams,25,Female,High School,Visual,3.43,60,2,41.0,70,System Design Basics & Caching,"Trees & Binary Search Trees, Linked Lists & Doubly Linked Lists, Graph Algorithms, Machine Learning Foundations, Stacks & Queues, Arrays & Hash Maps, Greedy Algorithms & Backtracking",100,2,Hard,M1 -> M4 -> M6,93,59,Good,Stacks & Queues
STU2014,Arjun Rao,20,Male,High School,Kinesthetic,2.21,57,1,52.9,100,Arrays & Hash Maps,"Stacks & Queues, Trees & Binary Search Trees, Machine Learning Foundations, Arrays & Hash Maps, Dynamic Programming, System Design Basics & Caching, Greedy Algorithms & Backtracking, Sorting & Searching Algorithms, Graph Algorithms, Linked Lists & Doubly Linked Lists",67,3,Easy,M1 -> M3 -> M5,99,65,Fail,Linked Lists & Doubly Linked Lists
STU2015,Isabella Kumar,24,Female,UG,Kinesthetic,2.71,84,1,54.8,10,Graph Algorithms,Dynamic Programming,70,5,Hard,M1 -> M4 -> M6,83,85,Good,Greedy Algorithms & Backtracking
STU2016,Riya Davis,26,Female,High School,Visual,2.28,69,4,18.6,10,Graph Algorithms,System Design Basics & Caching,61,1,Medium,M1 -> M2 -> M5,82,68,Good,Stacks & Queues
STU2017,Rohan Nair,22,Male,PG,Kinesthetic,3.72,68,5,31.6,80,Linked Lists & Doubly Linked Lists,"Machine Learning Foundations, Greedy Algorithms & Backtracking, Graph Algorithms, Stacks & Queues, Linked Lists & Doubly Linked Lists, Arrays & Hash Maps, Dynamic Programming, Sorting & Searching Algorithms",60,4,Hard,M1 -> M2 -> M6,98,58,Fair,Machine Learning Foundations
STU2018,Riya Rodriguez,23,Female,UG,Visual,3.95,41,1,16.7,70,Graph Algorithms,"Stacks & Queues, Greedy Algorithms & Backtracking, Machine Learning Foundations, Graph Algorithms, System Design Basics & Caching, Linked Lists & Doubly Linked Lists, Trees & Binary Search Trees",99,0,Easy,M1 -> M3 -> M5,90,47,Fail,Linked Lists & Doubly Linked Lists
STU2019,Priya Nair,24,Female,UG,Visual,2.3,81,4,17.7,40,Dynamic Programming,"Arrays & Hash Maps, Greedy Algorithms & Backtracking, Graph Algorithms, Machine Learning Foundations",87,0,Medium,M1 -> M2 -> M5,99,77,Excellent,Greedy Algorithms & Backtracking
STU2020,Emma Patel,21,Female,PG,Visual,2.9,53,3,56.7,30,Stacks & Queues,"System Design Basics & Caching, Arrays & Hash Maps, Sorting & Searching Algorithms",91,2,Easy,M1 -> M2 -> M5,84,62,Fail,Arrays & Hash Maps
STU2021,Ananya Johnson,26,Female,PG,Visual,3.11,72,5,22.4,80,Trees & Binary Search Trees,"Machine Learning Foundations, Trees & Binary Search Trees, System Design Basics & Caching, Dynamic Programming, Graph Algorithms, Greedy Algorithms & Backtracking, Arrays & Hash Maps, Sorting & Searching Algorithms",97,3,Easy,M1 -> M3 -> M4,95,63,Good,Stacks & Queues
STU2022,Olivia Williams,22,Female,UG,Kinesthetic,2.82,76,3,56.5,80,Dynamic Programming,"Graph Algorithms, Greedy Algorithms & Backtracking, Sorting & Searching Algorithms, Trees & Binary Search Trees, Linked Lists & Doubly Linked Lists, Stacks & Queues, Arrays & Hash Maps, Machine Learning Foundations",63,5,Hard,M1 -> M2 -> M6,88,70,Excellent,Greedy Algorithms & Backtracking
STU2023,Kavya Jones,18,Male,PG,Auditory,2.24,92,3,25.7,30,System Design Basics & Caching,"Sorting & Searching Algorithms, Machine Learning Foundations, Linked Lists & Doubly Linked Lists",69,2,Easy,M1 -> M2 -> M4,75,99,Excellent,System Design Basics & Caching
STU2024,Noah Brown,23,Male,PG,Visual,3.72,52,4,37.0,100,System Design Basics & Caching,"Arrays & Hash Maps, Sorting & Searching Algorithms, Stacks & Queues, Graph Algorithms, Linked Lists & Doubly Linked Lists, Dynamic Programming, Machine Learning Foundations, System Design Basics & Caching, Trees & Binary Search Trees, Greedy Algorithms & Backtracking",60,5,Hard,M1 -> M2 -> M4,98,58,Fail,Arrays & Hash Maps
STU2025,Ishita Sharma,19,Female,PG,Auditory,2.93,30,4,54.7,70,Machine Learning Foundations,"Stacks & Queues, Linked Lists & Doubly Linked Lists, System Design Basics & Caching, Sorting & Searching Algorithms, Arrays & Hash Maps, Machine Learning Foundations, Dynamic Programming",97,3,Medium,M1 -> M3 -> M5,99,40,Fair,Linked Lists & Doubly Linked Lists
STU2026,Aarav Brown,19,Female,High School,Kinesthetic,2.91,74,4,37.3,70,Greedy Algorithms & Backtracking,"Trees & Binary Search Trees, System Design Basics & Caching, Graph Algorithms, Linked Lists & Doubly Linked Lists, Arrays & Hash Maps, Stacks & Queues, Greedy Algorithms & Backtracking",98,2,Hard,M1 -> M4 -> M4,82,69,Good,Machine Learning Foundations
STU2027,Sophia Brown,21,Male,PG,Auditory,2.44,99,5,18.5,50,Trees & Binary Search Trees,"Greedy Algorithms & Backtracking, Arrays & Hash Maps, Trees & Binary Search Trees, Sorting & Searching Algorithms, Dynamic Programming",62,2,Easy,M1 -> M3 -> M6,99,97,Excellent,System Design Basics & Caching
STU2028,Rohan Mehta,22,Male,High School,Auditory,2.79,90,5,18.9,40,Stacks & Queues,"Machine Learning Foundations, System Design Basics & Caching, Greedy Algorithms & Backtracking, Trees & Binary Search Trees",100,5,Hard,M1 -> M3 -> M6,72,98,Excellent,System Design Basics & Caching
STU2029,Priya Garcia,18,Male,PG,Auditory,2.37,75,2,35.8,40,Dynamic Programming,"Trees & Binary Search Trees, Greedy Algorithms & Backtracking, Graph Algorithms, Sorting & Searching Algorithms",94,0,Easy,M1 -> M2 -> M5,76,76,Excellent,Trees & Binary Search Trees
STU2030,Ava Garcia,19,Female,PG,Kinesthetic,2.29,64,4,32.2,20,Linked Lists & Doubly Linked Lists,"Linked Lists & Doubly Linked Lists, Graph Algorithms",70,0,Medium,M1 -> M3 -> M6,98,61,Good,Machine Learning Foundations
STU2031,Sophia Johnson,22,Male,UG,Auditory,3.86,84,5,22.9,70,Graph Algorithms,"Greedy Algorithms & Backtracking, Trees & Binary Search Trees, Linked Lists & Doubly Linked Lists, Sorting & Searching Algorithms, Arrays & Hash Maps, System Design Basics & Caching, Stacks & Queues",85,1,Hard,M1 -> M2 -> M6,86,93,Good,Greedy Algorithms & Backtracking
STU2032,Aditya Mehta,26,Male,High School,Visual,2.6,57,5,38.8,60,Greedy Algorithms & Backtracking,"System Design Basics & Caching, Linked Lists & Doubly Linked Lists, Dynamic Programming, Stacks & Queues, Trees & Binary Search Trees, Arrays & Hash Maps",63,5,Hard,M1 -> M2 -> M6,89,48,Fair,Arrays & Hash Maps
STU2033,Noah Singh,22,Female,UG,Kinesthetic,2.37,79,2,49.4,90,Stacks & Queues,"Dynamic Programming, Linked Lists & Doubly Linked Lists, Greedy Algorithms & Backtracking, System Design Basics & Caching, Stacks & Queues, Trees & Binary Search Trees, Arrays & Hash Maps, Sorting & Searching Algorithms, Machine Learning Foundations",87,1,Easy,M1 -> M4 -> M4,84,73,Good,Trees & Binary Search Trees
STU2034,Noah Singh,21,Male,UG,Auditory,2.01,79,1,44.5,40,Arrays & Hash Maps,"System Design Basics & Caching, Trees & Binary Search Trees, Graph Algorithms, Greedy Algorithms & Backtracking",85,2,Hard,M1 -> M4 -> M4,85,75,Excellent,Greedy Algorithms & Backtracking
STU2035,Tanvi Brown,26,Male,High School,Visual,3.85,87,5,23.3,80,Stacks & Queues,"Stacks & Queues, Greedy Algorithms & Backtracking, Linked Lists & Doubly Linked Lists, Graph Algorithms, Arrays & Hash Maps, Machine Learning Foundations, Dynamic Programming, Sorting & Searching Algorithms",92,4,Medium,M1 -> M2 -> M4,85,79,Good,Trees & Binary Search Trees
STU2036,Riya Verma,21,Male,PG,Auditory,2.15,100,1,36.2,80,System Design Basics & Caching,"Greedy Algorithms & Backtracking, Dynamic Programming, Arrays & Hash Maps, Linked Lists & Doubly Linked Lists, Graph Algorithms, Trees & Binary Search Trees, Stacks & Queues, Sorting & Searching Algorithms",86,5,Easy,M1 -> M4 -> M6,70,100,Excellent,System Design Basics & Caching
STU2037,Liam Sharma,21,Male,UG,Auditory,3.07,77,5,43.5,30,System Design Basics & Caching,"System Design Basics & Caching, Trees & Binary Search Trees, Greedy Algorithms & Backtracking",98,5,Easy,M1 -> M2 -> M6,100,72,Good,Greedy Algorithms & Backtracking
STU2038,Olivia Jones,26,Male,UG,Auditory,3.14,64,5,47.8,40,Machine Learning Foundations,"Sorting & Searching Algorithms, Trees & Binary Search Trees, Dynamic Programming, Graph Algorithms",75,1,Easy,M1 -> M4 -> M5,97,56,Good,Stacks & Queues
STU2039,Karan Brown,20,Male,High School,Kinesthetic,2.78,71,2,40.3,90,Arrays & Hash Maps,"Linked Lists & Doubly Linked Lists, Graph Algorithms, Dynamic Programming, Trees & Binary Search Trees, Arrays & Hash Maps, Sorting & Searching Algorithms, Stacks & Queues, Greedy Algorithms & Backtracking, System Design Basics & Caching",60,2,Hard,M1 -> M2 -> M4,76,74,Fair,Machine Learning Foundations
STU2040,Rahul Rao,26,Female,UG,Kinesthetic,2.66,45,1,36.6,30,Trees & Binary Search Trees,"Greedy Algorithms & Backtracking, System Design Basics & Caching, Dynamic Programming",74,1,Hard,M1 -> M3 -> M4,83,41,Fair,Linked Lists & Doubly Linked Lists
STU2041,Pooja Smith,19,Male,UG,Kinesthetic,3.14,61,4,56.9,100,Arrays & Hash Maps,"Dynamic Programming, Sorting & Searching Algorithms, Greedy Algorithms & Backtracking, Stacks & Queues, Arrays & Hash Maps, Trees & Binary Search Trees, Machine Learning Foundations, Graph Algorithms, System Design Basics & Caching, Linked Lists & Doubly Linked Lists",75,5,Hard,M1 -> M3 -> M4,78,62,Good,Machine Learning Foundations
STU2042,Sneha Smith,25,Female,UG,Kinesthetic,2.99,65,4,28.1,90,Sorting & Searching Algorithms,"Machine Learning Foundations, Stacks & Queues, Graph Algorithms, System Design Basics & Caching, Greedy Algorithms & Backtracking, Linked Lists & Doubly Linked Lists, Trees & Binary Search Trees, Arrays & Hash Maps, Dynamic Programming",94,4,Easy,M1 -> M4 -> M5,79,59,Fair,Machine Learning Foundations
STU2043,Aditya Nair,23,Male,High School,Auditory,3.67,64,5,40.0,70,Greedy Algorithms & Backtracking,"Arrays & Hash Maps, Stacks & Queues, Linked Lists & Doubly Linked Lists, Trees & Binary Search Trees, Graph Algorithms, Greedy Algorithms & Backtracking, System Design Basics & Caching",64,3,Hard,M1 -> M2 -> M5,83,60,Fair,Sorting & Searching Algorithms
STU2044,Noah Kumar,22,Male,High School,Kinesthetic,3.99,74,4,26.5,10,Graph Algorithms,Trees & Binary Search Trees,100,1,Medium,M1 -> M4 -> M6,80,74,Fair,Machine Learning Foundations
STU2045,Ava Gupta,18,Female,High School,Kinesthetic,3.65,59,5,28.7,80,Arrays & Hash Maps,"Greedy Algorithms & Backtracking, System Design Basics & Caching, Trees & Binary Search Trees, Graph Algorithms, Linked Lists & Doubly Linked Lists, Arrays & Hash Maps, Sorting & Searching Algorithms, Dynamic Programming",70,5,Easy,M1 -> M4 -> M5,81,50,Fair,Arrays & Hash Maps
STU2046,Rohan Williams,23,Female,UG,Auditory,2.64,88,1,45.8,50,System Design Basics & Caching,"Dynamic Programming, Trees & Binary Search Trees, Stacks & Queues, Graph Algorithms, Arrays & Hash Maps",91,5,Medium,M1 -> M2 -> M5,71,88,Excellent,System Design Basics & Caching
STU2047,Karan Garcia,21,Female,High School,Visual,3.14,72,4,52.3,10,Arrays & Hash Maps,Dynamic Programming,86,5,Medium,M1 -> M2 -> M4,82,74,Good,Stacks & Queues
STU2048,Aarav Kumar,22,Female,PG,Auditory,2.75,71,4,29.8,80,Machine Learning Foundations,"Linked Lists & Doubly Linked Lists, System Design Basics & Caching, Machine Learning Foundations, Stacks & Queues, Greedy Algorithms & Backtracking, Sorting & Searching Algorithms, Trees & Binary Search Trees, Dynamic Programming",81,2,Easy,M1 -> M3 -> M6,78,66,Fair,Sorting & Searching Algorithms
STU2049,Riya Sharma,23,Male,High School,Kinesthetic,3.09,67,1,39.6,50,Machine Learning Foundations,"Machine Learning Foundations, Dynamic Programming, System Design Basics & Caching, Trees & Binary Search Trees, Sorting & Searching Algorithms",67,4,Easy,M1 -> M4 -> M6,79,60,Good,Machine Learning Foundations
STU2050,Ishita Sharma,21,Female,High School,Auditory,3.05,74,2,54.0,50,Sorting & Searching Algorithms,"Linked Lists & Doubly Linked Lists, Stacks & Queues, Dynamic Programming, Arrays & Hash Maps, Graph Algorithms",99,0,Hard,M1 -> M4 -> M6,76,64,Fair,Sorting & Searching Algorithms
STU2051,Pooja Rao,22,Male,High School,Kinesthetic,2.33,84,5,41.8,40,Graph Algorithms,"Sorting & Searching Algorithms, Machine Learning Foundations, Greedy Algorithms & Backtracking, Graph Algorithms",62,3,Medium,M1 -> M3 -> M6,74,81,Excellent,Trees & Binary Search Trees
STU2052,Ananya Williams,21,Female,UG,Auditory,3.73,58,1,27.8,40,Greedy Algorithms & Backtracking,"Linked Lists & Doubly Linked Lists, Sorting & Searching Algorithms, Machine Learning Foundations, Dynamic Programming",75,3,Hard,M1 -> M3 -> M5,81,66,Fair,Linked Lists & Doubly Linked Lists
STU2053,Emma Joshi,20,Male,UG,Kinesthetic,2.77,62,3,50.1,40,Greedy Algorithms & Backtracking,"Linked Lists & Doubly Linked Lists, Dynamic Programming, Greedy Algorithms & Backtracking, Stacks & Queues",97,0,Medium,M1 -> M4 -> M5,78,52,Fair,Machine Learning Foundations
STU2054,Isabella Kumar,26,Female,UG,Visual,3.12,67,4,36.9,90,Stacks & Queues,"Dynamic Programming, Greedy Algorithms & Backtracking, Machine Learning Foundations, Graph Algorithms, Stacks & Queues, Arrays & Hash Maps, Linked Lists & Doubly Linked Lists, Sorting & Searching Algorithms, Trees & Binary Search Trees",94,4,Hard,M1 -> M4 -> M4,94,72,Good,Stacks & Queues
STU2055,Siddharth Brown,21,Male,UG,Visual,3.08,51,1,45.9,40,Sorting & Searching Algorithms,"Machine Learning Foundations, Arrays & Hash Maps, Graph Algorithms, Greedy Algorithms & Backtracking",78,2,Medium,M1 -> M3 -> M4,74,52,Fail,Linked Lists & Doubly Linked Lists
STU2056,Ishita Nair,23,Male,UG,Kinesthetic,2.82,59,3,35.7,10,Machine Learning Foundations,Sorting & Searching Algorithms,70,4,Easy,M1 -> M3 -> M5,97,68,Fail,Arrays & Hash Maps
STU2057,Sneha Martinez,19,Female,UG,Visual,2.48,64,5,44.3,90,Stacks & Queues,"System Design Basics & Caching, Arrays & Hash Maps, Trees & Binary Search Trees, Stacks & Queues, Greedy Algorithms & Backtracking, Graph Algorithms, Machine Learning Foundations, Dynamic Programming, Sorting & Searching Algorithms",83,4,Medium,M1 -> M2 -> M6,81,54,Good,Stacks & Queues
STU2058,Priya Joshi,21,Male,UG,Auditory,3.94,85,1,38.3,80,Machine Learning Foundations,"Greedy Algorithms & Backtracking, Graph Algorithms, Dynamic Programming, Machine Learning Foundations, Linked Lists & Doubly Linked Lists, Arrays & Hash Maps, Trees & Binary Search Trees, Sorting & Searching Algorithms",71,3,Medium,M1 -> M4 -> M6,72,87,Excellent,Greedy Algorithms & Backtracking
STU2059,Mason Mehta,21,Female,High School,Kinesthetic,2.24,75,4,20.8,10,Trees & Binary Search Trees,Stacks & Queues,99,4,Medium,M1 -> M4 -> M5,82,76,Good,Trees & Binary Search Trees
STU2060,Olivia Nair,25,Female,High School,Auditory,2.45,74,2,19.9,50,Graph Algorithms,"Trees & Binary Search Trees, Graph Algorithms, Sorting & Searching Algorithms, Stacks & Queues, Arrays & Hash Maps",89,3,Easy,M1 -> M2 -> M6,97,80,Fair,Sorting & Searching Algorithms
STU2061,Pooja Mehta,22,Male,PG,Visual,3.83,84,5,34.2,100,Stacks & Queues,"Arrays & Hash Maps, Sorting & Searching Algorithms, Trees & Binary Search Trees, Dynamic Programming, Greedy Algorithms & Backtracking, Stacks & Queues, Machine Learning Foundations, Linked Lists & Doubly Linked Lists, Graph Algorithms, System Design Basics & Caching",86,4,Easy,M1 -> M2 -> M4,95,84,Good,Trees & Binary Search Trees
STU2062,Rahul Rao,18,Female,High School,Auditory,3.27,69,1,44.3,60,System Design Basics & Caching,"Graph Algorithms, Stacks & Queues, Greedy Algorithms & Backtracking, Trees & Binary Search Trees, Machine Learning Foundations, Dynamic Programming",71,3,Easy,M1 -> M2 -> M4,96,69,Fair,Sorting & Searching Algorithms
STU2063,Riya Martinez,22,Male,High School,Visual,3.1,77,2,54.8,50,Sorting & Searching Algorithms,"Greedy Algorithms & Backtracking, Dynamic Programming, System Design Basics & Caching, Arrays & Hash Maps, Trees & Binary Search Trees",83,0,Easy,M1 -> M2 -> M4,72,84,Excellent,Trees & Binary Search Trees
STU2064,Ishita Patel,25,Male,PG,Visual,3.28,70,3,34.3,60,Stacks & Queues,"Trees & Binary Search Trees, Graph Algorithms, Dynamic Programming, Stacks & Queues, Sorting & Searching Algorithms, Greedy Algorithms & Backtracking",64,1,Medium,M1 -> M2 -> M6,93,73,Fair,Stacks & Queues
STU2065,Dev Kumar,24,Female,UG,Kinesthetic,2.1,75,2,30.4,100,System Design Basics & Caching,"Machine Learning Foundations, Stacks & Queues, Linked Lists & Doubly Linked Lists, System Design Basics & Caching, Sorting & Searching Algorithms, Greedy Algorithms & Backtracking, Dynamic Programming, Arrays & Hash Maps, Graph Algorithms, Trees & Binary Search Trees",87,1,Easy,M1 -> M4 -> M6,85,81,Excellent,Greedy Algorithms & Backtracking
STU2066,Rohan Mehta,26,Female,PG,Auditory,3.59,63,4,45.3,20,Trees & Binary Search Trees,"Graph Algorithms, Arrays & Hash Maps",99,0,Hard,M1 -> M2 -> M5,98,70,Good,Sorting & Searching Algorithms
STU2067,Mason Singh,22,Male,UG,Kinesthetic,3.87,35,5,16.0,50,Dynamic Programming,"Sorting & Searching Algorithms, Linked Lists & Doubly Linked Lists, Stacks & Queues, Arrays & Hash Maps, Trees & Binary Search Trees",100,5,Medium,M1 -> M4 -> M6,94,43,Fail,Arrays & Hash Maps
STU2068,Dev Joshi,25,Male,UG,Visual,3.58,69,3,25.3,40,Linked Lists & Doubly Linked Lists,"Sorting & Searching Algorithms, System Design Basics & Caching, Graph Algorithms, Trees & Binary Search Trees",98,2,Hard,M1 -> M4 -> M4,80,67,Fair,Stacks & Queues
STU2069,Emma Sharma,18,Male,PG,Visual,2.21,93,2,41.2,60,Arrays & Hash Maps,"Greedy Algorithms & Backtracking, System Design Basics & Caching, Machine Learning Foundations, Linked Lists & Doubly Linked Lists, Arrays & Hash Maps, Stacks & Queues",62,1,Hard,M1 -> M4 -> M6,76,88,Excellent,System Design Basics & Caching
STU2070,Sophia Martinez,20,Female,High School,Visual,3.79,85,4,31.7,60,Sorting & Searching Algorithms,"Sorting & Searching Algorithms, Dynamic Programming, Stacks & Queues, Graph Algorithms, Greedy Algorithms & Backtracking, System Design Basics & Caching",82,5,Easy,M1 -> M2 -> M6,89,93,Good,Trees & Binary Search Trees
STU2071,Noah Rao,21,Male,High School,Kinesthetic,3.36,86,3,49.3,20,System Design Basics & Caching,"System Design Basics & Caching, Machine Learning Foundations",95,3,Hard,M1 -> M4 -> M4,97,94,Good,Trees & Binary Search Trees
STU2072,Karan Garcia,20,Male,PG,Auditory,3.04,90,5,40.3,10,Linked Lists & Doubly Linked Lists,System Design Basics & Caching,83,5,Medium,M1 -> M4 -> M6,82,100,Excellent,Dynamic Programming
STU2073,Liam Sharma,25,Female,UG,Auditory,2.31,73,5,51.3,60,Dynamic Programming,"Greedy Algorithms & Backtracking, Arrays & Hash Maps, Trees & Binary Search Trees, Linked Lists & Doubly Linked Lists, Machine Learning Foundations, System Design Basics & Caching",92,3,Hard,M1 -> M3 -> M4,87,64,Good,Sorting & Searching Algorithms
STU2074,Emma Singh,18,Female,UG,Kinesthetic,3.81,74,5,56.0,10,Graph Algorithms,Dynamic Programming,89,2,Medium,M1 -> M4 -> M5,99,81,Fair,Machine Learning Foundations
STU2075,Aditya Garcia,25,Male,PG,Visual,2.08,62,1,40.8,50,Graph Algorithms,"Graph Algorithms, Arrays & Hash Maps, Greedy Algorithms & Backtracking, Linked Lists & Doubly Linked Lists, Sorting & Searching Algorithms",65,4,Easy,M1 -> M2 -> M4,71,58,Fair,Stacks & Queues
STU2076,Noah Williams,25,Male,PG,Kinesthetic,3.94,67,2,55.2,20,Dynamic Programming,"Machine Learning Foundations, Graph Algorithms",65,5,Medium,M1 -> M3 -> M6,78,72,Good,Machine Learning Foundations
STU2077,Rohan Sharma,25,Male,UG,Visual,2.89,81,1,18.4,70,Sorting & Searching Algorithms,"Stacks & Queues, Arrays & Hash Maps, Trees & Binary Search Trees, System Design Basics & Caching, Sorting & Searching Algorithms, Linked Lists & Doubly Linked Lists, Dynamic Programming",84,0,Medium,M1 -> M2 -> M4,75,89,Good,Greedy Algorithms & Backtracking
STU2078,Isabella Verma,18,Female,UG,Visual,3.61,90,2,40.0,70,Dynamic Programming,"Graph Algorithms, Trees & Binary Search Trees, Arrays & Hash Maps, Machine Learning Foundations, System Design Basics & Caching, Greedy Algorithms & Backtracking, Stacks & Queues",75,0,Easy,M1 -> M2 -> M4,97,89,Excellent,Graph Algorithms
STU2079,Arjun Nair,22,Female,High School,Visual,2.76,69,1,26.5,70,Arrays & Hash Maps,"Dynamic Programming, Greedy Algorithms & Backtracking, Trees & Binary Search Trees, System Design Basics & Caching, Machine Learning Foundations, Graph Algorithms, Linked Lists & Doubly Linked Lists",94,0,Hard,M1 -> M4 -> M4,91,67,Fair,Sorting & Searching Algorithms
STU2080,Meera Martinez,26,Male,PG,Visual,3.31,65,3,35.5,80,Arrays & Hash Maps,"Sorting & Searching Algorithms, Dynamic Programming, Graph Algorithms, Trees & Binary Search Trees, Machine Learning Foundations, System Design Basics & Caching, Stacks & Queues, Greedy Algorithms & Backtracking",83,3,Medium,M1 -> M4 -> M4,90,69,Fair,Stacks & Queues
STU2081,Ava Smith,22,Female,PG,Visual,3.67,72,5,41.3,10,Machine Learning Foundations,Machine Learning Foundations,100,1,Hard,M1 -> M4 -> M5,92,74,Good,Stacks & Queues
STU2082,Karan Kumar,21,Male,PG,Visual,2.58,81,5,51.8,40,Trees & Binary Search Trees,"Graph Algorithms, Trees & Binary Search Trees, Arrays & Hash Maps, Stacks & Queues",71,0,Easy,M1 -> M2 -> M4,82,85,Good,Greedy Algorithms & Backtracking
STU2083,Kavya Smith,22,Female,UG,Visual,3.62,50,2,51.9,100,Dynamic Programming,"Graph Algorithms, Linked Lists & Doubly Linked Lists, Dynamic Programming, System Design Basics & Caching, Machine Learning Foundations, Greedy Algorithms & Backtracking, Stacks & Queues, Arrays & Hash Maps, Trees & Binary Search Trees, Sorting & Searching Algorithms",100,1,Easy,M1 -> M2 -> M5,82,47,Fail,Linked Lists & Doubly Linked Lists
STU2084,Emma Mehta,18,Male,PG,Auditory,3.11,37,4,54.6,10,System Design Basics & Caching,System Design Basics & Caching,65,0,Medium,M1 -> M4 -> M4,79,40,Fair,Arrays & Hash Maps
STU2085,Ananya Williams,23,Female,UG,Visual,2.19,63,1,40.4,30,Greedy Algorithms & Backtracking,"Linked Lists & Doubly Linked Lists, Dynamic Programming, Machine Learning Foundations",66,5,Medium,M1 -> M3 -> M4,74,55,Good,Stacks & Queues
STU2086,Karan Singh,24,Female,High School,Kinesthetic,2.9,53,4,39.0,20,Arrays & Hash Maps,"Greedy Algorithms & Backtracking, Arrays & Hash Maps",93,5,Easy,M1 -> M4 -> M5,79,58,Fair,Arrays & Hash Maps
STU2087,Mason Mehta,23,Female,UG,Kinesthetic,3.14,64,3,35.7,40,Greedy Algorithms & Backtracking,"Graph Algorithms, Stacks & Queues, Sorting & Searching Algorithms, Linked Lists & Doubly Linked Lists",84,4,Easy,M1 -> M4 -> M5,91,72,Good,Machine Learning Foundations
STU2088,Kavya Patel,24,Female,High School,Visual,3.45,69,1,54.7,40,Greedy Algorithms & Backtracking,"Arrays & Hash Maps, Linked Lists & Doubly Linked Lists, Graph Algorithms, Sorting & Searching Algorithms",82,5,Hard,M1 -> M4 -> M5,95,61,Fair,Stacks & Queues
STU2089,Kavya Gupta,24,Male,High School,Visual,2.12,65,4,18.4,50,Greedy Algorithms & Backtracking,"Greedy Algorithms & Backtracking, Stacks & Queues, Sorting & Searching Algorithms, Machine Learning Foundations, Graph Algorithms",65,2,Hard,M1 -> M4 -> M6,97,62,Good,Stacks & Queues
STU2090,Sneha Miller,22,Male,UG,Visual,3.85,93,5,39.1,100,Arrays & Hash Maps,"Dynamic Programming, Stacks & Queues, Linked Lists & Doubly Linked Lists, System Design Basics & Caching, Sorting & Searching Algorithms, Trees & Binary Search Trees, Graph Algorithms, Arrays & Hash Maps, Machine Learning Foundations, Greedy Algorithms & Backtracking",82,0,Easy,M1 -> M2 -> M5,78,100,Excellent,Graph Algorithms
STU2091,Vikram Brown,21,Female,UG,Kinesthetic,2.12,76,4,32.4,90,Greedy Algorithms & Backtracking,"Greedy Algorithms & Backtracking, Trees & Binary Search Trees, Graph Algorithms, System Design Basics & Caching, Linked Lists & Doubly Linked Lists, Stacks & Queues, Machine Learning Foundations, Arrays & Hash Maps, Sorting & Searching Algorithms",66,4,Hard,M1 -> M2 -> M4,83,75,Excellent,Greedy Algorithms & Backtracking
STU2092,Meera Rao,20,Male,High School,Auditory,3.06,76,1,33.9,50,System Design Basics & Caching,"Greedy Algorithms & Backtracking, Arrays & Hash Maps, Stacks & Queues, Graph Algorithms, Machine Learning Foundations",70,4,Medium,M1 -> M4 -> M5,78,82,Good,Trees & Binary Search Trees
STU2093,Olivia Singh,24,Male,UG,Auditory,3.81,81,5,56.0,40,Linked Lists & Doubly Linked Lists,"Stacks & Queues, Sorting & Searching Algorithms, Linked Lists & Doubly Linked Lists, Greedy Algorithms & Backtracking",85,3,Hard,M1 -> M3 -> M4,84,79,Good,Greedy Algorithms & Backtracking
STU2094,Aditya Jones,24,Female,PG,Visual,3.7,54,1,33.6,30,Graph Algorithms,"Dynamic Programming, Machine Learning Foundations, Sorting & Searching Algorithms",71,0,Easy,M1 -> M3 -> M4,81,48,Fail,Linked Lists & Doubly Linked Lists
STU2095,Alex Davis,22,Female,UG,Kinesthetic,2.91,87,5,58.0,60,Arrays & Hash Maps,"Arrays & Hash Maps, Sorting & Searching Algorithms, Greedy Algorithms & Backtracking, Stacks & Queues, System Design Basics & Caching, Dynamic Programming",91,3,Easy,M1 -> M4 -> M5,77,94,Excellent,Greedy Algorithms & Backtracking
STU2096,Emma Mehta,19,Male,UG,Auditory,2.09,70,3,52.2,90,Trees & Binary Search Trees,"Trees & Binary Search Trees, Sorting & Searching Algorithms, Graph Algorithms, Greedy Algorithms & Backtracking, Linked Lists & Doubly Linked Lists, System Design Basics & Caching, Stacks & Queues, Dynamic Programming, Arrays & Hash Maps",94,4,Medium,M1 -> M3 -> M4,73,75,Fair,Stacks & Queues
STU2097,Riya Johnson,22,Female,High School,Auditory,2.2,82,3,38.4,100,Linked Lists & Doubly Linked Lists,"Arrays & Hash Maps, Linked Lists & Doubly Linked Lists, Graph Algorithms, Sorting & Searching Algorithms, Trees & Binary Search Trees, System Design Basics & Caching, Machine Learning Foundations, Stacks & Queues, Dynamic Programming, Greedy Algorithms & Backtracking",78,4,Easy,M1 -> M4 -> M4,84,87,Good,Trees & Binary Search Trees
STU2098,Rohan Singh,25,Female,PG,Visual,3.83,55,3,27.2,70,System Design Basics & Caching,"Sorting & Searching Algorithms, Trees & Binary Search Trees, Arrays & Hash Maps, Dynamic Programming, Graph Algorithms, Greedy Algorithms & Backtracking, System Design Basics & Caching",96,2,Hard,M1 -> M2 -> M6,93,50,Fail,Arrays & Hash Maps
STU2099,Neha Rodriguez,18,Female,UG,Visual,3.21,48,4,33.9,70,Sorting & Searching Algorithms,"System Design Basics & Caching, Graph Algorithms, Arrays & Hash Maps, Linked Lists & Doubly Linked Lists, Sorting & Searching Algorithms, Machine Learning Foundations, Dynamic Programming",80,1,Easy,M1 -> M4 -> M5,86,40,Fair,Arrays & Hash Maps
STU2100,Isabella Kumar,21,Female,UG,Auditory,2.36,84,1,53.8,70,Arrays & Hash Maps,"Arrays & Hash Maps, System Design Basics & Caching, Machine Learning Foundations, Stacks & Queues, Graph Algorithms, Sorting & Searching Algorithms, Greedy Algorithms & Backtracking",95,4,Easy,M1 -> M2 -> M5,84,91,Good,Trees & Binary Search Trees
STU2101,Rahul Davis,24,Female,PG,Visual,3.57,77,1,17.8,30,Arrays & Hash Maps,"Trees & Binary Search Trees, Arrays & Hash Maps, Greedy Algorithms & Backtracking",94,0,Easy,M1 -> M4 -> M6,100,72,Excellent,Greedy Algorithms & Backtracking
STU2102,Vikram Rodriguez,25,Female,PG,Auditory,2.33,58,4,15.1,60,Graph Algorithms,"Linked Lists & Doubly Linked Lists, Sorting & Searching Algorithms, Machine Learning Foundations, Graph Algorithms, Dynamic Programming, Arrays & Hash Maps",68,3,Medium,M1 -> M4 -> M6,97,52,Fail,Arrays & Hash Maps
STU2103,Emma Davis,24,Male,UG,Kinesthetic,3.54,58,5,41.2,40,Graph Algorithms,"Machine Learning Foundations, Stacks & Queues, Dynamic Programming, Linked Lists & Doubly Linked Lists",100,4,Medium,M1 -> M4 -> M5,89,50,Fair,Arrays & Hash Maps
STU2104,Ananya Martinez,20,Male,High School,Auditory,2.73,88,5,51.7,90,System Design Basics & Caching,"Sorting & Searching Algorithms, Greedy Algorithms & Backtracking, Stacks & Queues, Graph Algorithms, Machine Learning Foundations, Linked Lists & Doubly Linked Lists, System Design Basics & Caching, Dynamic Programming, Arrays & Hash Maps",66,3,Medium,M1 -> M2 -> M5,100,95,Excellent,System Design Basics & Caching
STU2105,Meera Johnson,21,Male,PG,Kinesthetic,2.3,54,2,44.3,70,Linked Lists & Doubly Linked Lists,"Graph Algorithms, Arrays & Hash Maps, Machine Learning Foundations, System Design Basics & Caching, Trees & Binary Search Trees, Sorting & Searching Algorithms, Stacks & Queues",71,3,Medium,M1 -> M3 -> M5,99,61,Fail,Linked Lists & Doubly Linked Lists
STU2106,Rohan Patel,26,Male,UG,Kinesthetic,2.32,96,3,16.9,50,Sorting & Searching Algorithms,"System Design Basics & Caching, Graph Algorithms, Greedy Algorithms & Backtracking, Stacks & Queues, Machine Learning Foundations",62,4,Hard,M1 -> M3 -> M4,99,100,Excellent,System Design Basics & Caching
STU2107,Arjun Johnson,26,Male,UG,Kinesthetic,2.37,58,1,31.0,10,Arrays & Hash Maps,System Design Basics & Caching,61,0,Hard,M1 -> M3 -> M4,91,58,Fair,Linked Lists & Doubly Linked Lists
STU2108,Dev Smith,20,Male,UG,Auditory,3.99,81,1,19.7,60,Dynamic Programming,"System Design Basics & Caching, Arrays & Hash Maps, Graph Algorithms, Trees & Binary Search Trees, Greedy Algorithms & Backtracking, Machine Learning Foundations",95,0,Hard,M1 -> M2 -> M5,75,80,Excellent,Trees & Binary Search Trees
STU2109,Pooja Rao,25,Male,High School,Visual,3.95,67,3,46.2,60,Linked Lists & Doubly Linked Lists,"Machine Learning Foundations, Arrays & Hash Maps, Dynamic Programming, Sorting & Searching Algorithms, Trees & Binary Search Trees, Linked Lists & Doubly Linked Lists",87,0,Medium,M1 -> M3 -> M6,98,62,Good,Stacks & Queues
STU2110,Ethan Rao,26,Female,UG,Auditory,2.92,81,2,45.1,40,Arrays & Hash Maps,"System Design Basics & Caching, Trees & Binary Search Trees, Sorting & Searching Algorithms, Machine Learning Foundations",98,0,Easy,M1 -> M4 -> M4,92,84,Good,Greedy Algorithms & Backtracking
STU2111,Sneha Nair,25,Female,PG,Kinesthetic,2.16,63,1,45.5,10,Graph Algorithms,Stacks & Queues,70,1,Easy,M1 -> M3 -> M5,76,66,Good,Machine Learning Foundations
STU2112,Tanvi Kumar,26,Female,UG,Auditory,3.92,69,3,57.3,60,Sorting & Searching Algorithms,"Sorting & Searching Algorithms, Stacks & Queues, Machine Learning Foundations, Graph Algorithms, Trees & Binary Search Trees, Dynamic Programming",94,2,Medium,M1 -> M3 -> M6,86,64,Good,Sorting & Searching Algorithms
STU2113,Emma Williams,22,Female,High School,Visual,2.09,72,3,26.8,10,Stacks & Queues,Sorting & Searching Algorithms,76,2,Hard,M1 -> M3 -> M5,86,73,Fair,Stacks & Queues
STU2114,Rahul Rodriguez,22,Female,UG,Auditory,2.01,56,3,45.0,20,Graph Algorithms,"Sorting & Searching Algorithms, Arrays & Hash Maps",84,1,Hard,M1 -> M2 -> M5,99,56,Fair,Arrays & Hash Maps
STU2115,Alex Gupta,19,Male,PG,Auditory,3.3,83,5,27.6,40,System Design Basics & Caching,"Greedy Algorithms & Backtracking, Sorting & Searching Algorithms, System Design Basics & Caching, Stacks & Queues",71,4,Easy,M1 -> M4 -> M4,98,93,Good,Greedy Algorithms & Backtracking
STU2116,Rahul Rao,19,Female,UG,Kinesthetic,2.17,64,3,39.5,90,Arrays & Hash Maps,"Linked Lists & Doubly Linked Lists, Dynamic Programming, Greedy Algorithms & Backtracking, Sorting & Searching Algorithms, Trees & Binary Search Trees, Stacks & Queues, Machine Learning Foundations, System Design Basics & Caching, Arrays & Hash Maps",60,4,Medium,M1 -> M3 -> M4,77,67,Fair,Machine Learning Foundations
STU2117,Yash Nair,25,Female,PG,Visual,3.94,68,4,18.7,50,Greedy Algorithms & Backtracking,"Dynamic Programming, System Design Basics & Caching, Trees & Binary Search Trees, Sorting & Searching Algorithms, Graph Algorithms",100,5,Medium,M1 -> M3 -> M5,100,68,Good,Machine Learning Foundations
STU2118,Siddharth Verma,26,Female,High School,Visual,3.58,57,3,23.7,70,Sorting & Searching Algorithms,"Stacks & Queues, Linked Lists & Doubly Linked Lists, Greedy Algorithms & Backtracking, Dynamic Programming, Graph Algorithms, Arrays & Hash Maps, Sorting & Searching Algorithms",64,1,Hard,M1 -> M3 -> M5,97,62,Fail,Arrays & Hash Maps
STU2119,Ishita Verma,20,Female,UG,Kinesthetic,2.73,33,1,25.2,80,Dynamic Programming,"Machine Learning Foundations, Sorting & Searching Algorithms, System Design Basics & Caching, Graph Algorithms, Arrays & Hash Maps, Linked Lists & Doubly Linked Lists, Trees & Binary Search Trees, Stacks & Queues",91,4,Hard,M1 -> M2 -> M6,92,40,Fail,Linked Lists & Doubly Linked Lists
STU2120,Kavya Rodriguez,22,Male,High School,Kinesthetic,2.47,69,5,17.5,50,Sorting & Searching Algorithms,"Machine Learning Foundations, Stacks & Queues, Trees & Binary Search Trees, Linked Lists & Doubly Linked Lists, System Design Basics & Caching",71,2,Medium,M1 -> M2 -> M4,75,73,Good,Machine Learning Foundations
STU2121,Aditya Joshi,23,Male,UG,Kinesthetic,2.25,100,3,43.5,70,Trees & Binary Search Trees,"Stacks & Queues, Greedy Algorithms & Backtracking, Arrays & Hash Maps, Linked Lists & Doubly Linked Lists, Dynamic Programming, System Design Basics & Caching, Trees & Binary Search Trees",62,1,Medium,M1 -> M2 -> M4,70,100,Excellent,System Design Basics & Caching
STU2122,Ava Garcia,24,Male,UG,Auditory,2.42,83,3,32.9,50,Dynamic Programming,"Arrays & Hash Maps, Stacks & Queues, Dynamic Programming, Linked Lists & Doubly Linked Lists, Greedy Algorithms & Backtracking",64,5,Hard,M1 -> M4 -> M6,100,88,Good,Greedy Algorithms & Backtracking
STU2123,Ananya Kumar,23,Male,High School,Auditory,3.44,71,1,36.4,20,Graph Algorithms,"Trees & Binary Search Trees, Sorting & Searching Algorithms",72,5,Hard,M1 -> M2 -> M5,93,70,Good,Sorting & Searching Algorithms
STU2124,Tanvi Johnson,20,Female,High School,Kinesthetic,3.77,68,2,54.5,30,Trees & Binary Search Trees,"Sorting & Searching Algorithms, Graph Algorithms, Greedy Algorithms & Backtracking",76,0,Medium,M1 -> M2 -> M4,98,60,Good,Machine Learning Foundations
STU2125,Priya Mehta,18,Male,UG,Auditory,3.31,72,5,50.8,100,Stacks & Queues,"Greedy Algorithms & Backtracking, Sorting & Searching Algorithms, Stacks & Queues, Linked Lists & Doubly Linked Lists, Machine Learning Foundations, Arrays & Hash Maps, Trees & Binary Search Trees, Graph Algorithms, Dynamic Programming, System Design Basics & Caching",74,1,Hard,M1 -> M3 -> M4,81,80,Good,Sorting & Searching Algorithms
STU2126,Tanvi Patel,26,Male,PG,Auditory,3.77,80,2,52.2,100,Machine Learning Foundations,"Greedy Algorithms & Backtracking, Graph Algorithms, Dynamic Programming, System Design Basics & Caching, Machine Learning Foundations, Arrays & Hash Maps, Sorting & Searching Algorithms, Linked Lists & Doubly Linked Lists, Stacks & Queues, Trees & Binary Search Trees",72,4,Easy,M1 -> M4 -> M5,88,79,Excellent,Trees & Binary Search Trees
STU2127,Aarav Rao,22,Female,UG,Visual,2.21,54,5,49.4,60,Arrays & Hash Maps,"Sorting & Searching Algorithms, Dynamic Programming, System Design Basics & Caching, Stacks & Queues, Greedy Algorithms & Backtracking, Graph Algorithms",100,5,Hard,M1 -> M4 -> M5,85,48,Fair,Linked Lists & Doubly Linked Lists
STU2128,Neha Joshi,20,Female,High School,Visual,2.5,88,2,46.1,10,Arrays & Hash Maps,Dynamic Programming,96,0,Medium,M1 -> M3 -> M6,96,81,Excellent,System Design Basics & Caching
STU2129,Sophia Mehta,24,Male,UG,Kinesthetic,2.16,82,2,39.6,20,Graph Algorithms,"Stacks & Queues, Arrays & Hash Maps",66,1,Medium,M1 -> M2 -> M6,91,75,Good,Greedy Algorithms & Backtracking
STU2130,Aditya Sharma,20,Female,UG,Auditory,2.27,82,2,25.4,50,Machine Learning Foundations,"Stacks & Queues, Machine Learning Foundations, Graph Algorithms, Linked Lists & Doubly Linked Lists, Arrays & Hash Maps",68,5,Medium,M1 -> M2 -> M4,86,91,Good,Trees & Binary Search Trees
STU2131,Neha Davis,20,Female,PG,Visual,2.67,78,4,23.3,100,Greedy Algorithms & Backtracking,"Machine Learning Foundations, Linked Lists & Doubly Linked Lists, Trees & Binary Search Trees, Stacks & Queues, System Design Basics & Caching, Sorting & Searching Algorithms, Dynamic Programming, Graph Algorithms, Arrays & Hash Maps, Greedy Algorithms & Backtracking",77,5,Medium,M1 -> M3 -> M6,95,80,Excellent,Greedy Algorithms & Backtracking
STU2132,Ishita Verma,26,Female,UG,Kinesthetic,3.87,72,2,15.0,40,Dynamic Programming,"Linked Lists & Doubly Linked Lists, Graph Algorithms, Arrays & Hash Maps, System Design Basics & Caching",89,0,Medium,M1 -> M2 -> M4,71,66,Good,Machine Learning Foundations
STU2133,Meera Joshi,19,Female,UG,Auditory,3.68,82,4,23.4,30,Dynamic Programming,"Linked Lists & Doubly Linked Lists, Greedy Algorithms & Backtracking, Trees & Binary Search Trees",69,2,Medium,M1 -> M4 -> M5,76,89,Excellent,Greedy Algorithms & Backtracking
STU2134,Sophia Kumar,22,Male,PG,Visual,2.13,80,2,38.5,70,Stacks & Queues,"Machine Learning Foundations, Stacks & Queues, System Design Basics & Caching, Linked Lists & Doubly Linked Lists, Dynamic Programming, Graph Algorithms, Sorting & Searching Algorithms",65,1,Easy,M1 -> M2 -> M6,76,80,Excellent,Greedy Algorithms & Backtracking
STU2135,Pooja Sharma,24,Male,UG,Kinesthetic,2.05,66,5,59.4,100,Graph Algorithms,"Arrays & Hash Maps, Linked Lists & Doubly Linked Lists, Graph Algorithms, Stacks & Queues, Machine Learning Foundations, System Design Basics & Caching, Dynamic Programming, Greedy Algorithms & Backtracking, Sorting & Searching Algorithms, Trees & Binary Search Trees",76,2,Hard,M1 -> M4 -> M6,88,63,Fair,Machine Learning Foundations
STU2136,Yash Mehta,23,Male,UG,Auditory,3.82,63,5,35.1,100,Trees & Binary Search Trees,"Trees & Binary Search Trees, Greedy Algorithms & Backtracking, Graph Algorithms, Arrays & Hash Maps, Stacks & Queues, Linked Lists & Doubly Linked Lists, Sorting & Searching Algorithms, Machine Learning Foundations, Dynamic Programming, System Design Basics & Caching",97,2,Easy,M1 -> M4 -> M6,80,60,Fair,Sorting & Searching Algorithms
STU2137,Noah Verma,22,Female,PG,Auditory,2.72,73,2,23.2,60,Arrays & Hash Maps,"System Design Basics & Caching, Stacks & Queues, Sorting & Searching Algorithms, Dynamic Programming, Trees & Binary Search Trees, Linked Lists & Doubly Linked Lists",72,0,Medium,M1 -> M2 -> M6,89,72,Good,Stacks & Queues
STU2138,Siddharth Rao,24,Female,UG,Auditory,3.44,95,4,54.1,60,Stacks & Queues,"Machine Learning Foundations, Linked Lists & Doubly Linked Lists, Graph Algorithms, Greedy Algorithms & Backtracking, System Design Basics & Caching, Stacks & Queues",62,4,Easy,M1 -> M3 -> M6,91,89,Excellent,Dynamic Programming
STU2139,Dev Sharma,20,Female,High School,Kinesthetic,3.37,53,4,23.0,50,Linked Lists & Doubly Linked Lists,"Linked Lists & Doubly Linked Lists, Arrays & Hash Maps, Sorting & Searching Algorithms, Stacks & Queues, Greedy Algorithms & Backtracking",79,0,Hard,M1 -> M3 -> M6,70,63,Fair,Linked Lists & Doubly Linked Lists
STU2140,Isabella Rodriguez,22,Male,PG,Auditory,3.14,49,2,52.9,50,Greedy Algorithms & Backtracking,"Arrays & Hash Maps, Trees & Binary Search Trees, System Design Basics & Caching, Greedy Algorithms & Backtracking, Stacks & Queues",80,1,Medium,M1 -> M2 -> M5,78,46,Fail,Linked Lists & Doubly Linked Lists
STU2141,Rahul Brown,19,Female,High School,Auditory,3.74,74,3,23.6,40,Greedy Algorithms & Backtracking,"Linked Lists & Doubly Linked Lists, Sorting & Searching Algorithms, Stacks & Queues, Dynamic Programming",67,0,Hard,M1 -> M4 -> M5,77,84,Good,Sorting & Searching Algorithms
STU2142,Isabella Sharma,23,Male,PG,Visual,3.49,72,3,41.4,30,Stacks & Queues,"Sorting & Searching Algorithms, Stacks & Queues, Dynamic Programming",78,3,Hard,M1 -> M3 -> M5,90,74,Fair,Stacks & Queues
STU2143,Ishita Rao,20,Female,PG,Visual,2.07,74,1,48.1,10,Greedy Algorithms & Backtracking,System Design Basics & Caching,64,5,Easy,M1 -> M3 -> M6,81,76,Good,Stacks & Queues
STU2144,Pooja Rao,20,Male,High School,Kinesthetic,3.02,75,1,52.2,50,Machine Learning Foundations,"Arrays & Hash Maps, Machine Learning Foundations, Graph Algorithms, Stacks & Queues, Greedy Algorithms & Backtracking",63,3,Hard,M1 -> M4 -> M4,96,74,Good,Trees & Binary Search Trees
STU2145,Isabella Rodriguez,20,Male,UG,Kinesthetic,3.2,68,1,55.0,10,Dynamic Programming,Graph Algorithms,65,1,Hard,M1 -> M4 -> M5,100,64,Fair,Sorting & Searching Algorithms
STU2146,Rohan Sharma,23,Female,High School,Visual,2.18,94,3,44.1,90,System Design Basics & Caching,"Greedy Algorithms & Backtracking, System Design Basics & Caching, Sorting & Searching Algorithms, Arrays & Hash Maps, Trees & Binary Search Trees, Machine Learning Foundations, Dynamic Programming, Linked Lists & Doubly Linked Lists, Stacks & Queues",77,0,Easy,M1 -> M2 -> M5,80,96,Excellent,System Design Basics & Caching
STU2147,Aarav Rodriguez,23,Male,UG,Kinesthetic,2.26,47,1,58.4,80,Greedy Algorithms & Backtracking,"Arrays & Hash Maps, Stacks & Queues, Linked Lists & Doubly Linked Lists, System Design Basics & Caching, Greedy Algorithms & Backtracking, Graph Algorithms, Trees & Binary Search Trees, Machine Learning Foundations",67,0,Easy,M1 -> M4 -> M5,78,43,Fail,Linked Lists & Doubly Linked Lists
STU2148,Noah Johnson,21,Female,High School,Visual,2.79,59,1,53.2,70,Sorting & Searching Algorithms,"Arrays & Hash Maps, Graph Algorithms, Greedy Algorithms & Backtracking, Linked Lists & Doubly Linked Lists, Stacks & Queues, Sorting & Searching Algorithms, Dynamic Programming",62,3,Easy,M1 -> M2 -> M4,84,53,Fail,Linked Lists & Doubly Linked Lists
STU2149,Karan Verma,26,Female,UG,Kinesthetic,3.5,70,5,34.3,50,Arrays & Hash Maps,"System Design Basics & Caching, Machine Learning Foundations, Dynamic Programming, Sorting & Searching Algorithms, Arrays & Hash Maps",97,1,Easy,M1 -> M2 -> M5,73,60,Fair,Machine Learning Foundations
STU2150,Isabella Rodriguez,21,Male,PG,Visual,3.89,47,5,35.3,50,Arrays & Hash Maps,"Arrays & Hash Maps, System Design Basics & Caching, Linked Lists & Doubly Linked Lists, Greedy Algorithms & Backtracking, Sorting & Searching Algorithms",67,4,Easy,M1 -> M3 -> M6,80,55,Fair,Arrays & Hash Maps
STU2151,Ava Nair,20,Female,UG,Kinesthetic,2.38,69,4,25.9,60,Arrays & Hash Maps,"Stacks & Queues, Dynamic Programming, System Design Basics & Caching, Machine Learning Foundations, Sorting & Searching Algorithms, Linked Lists & Doubly Linked Lists",87,5,Hard,M1 -> M3 -> M5,72,61,Good,Machine Learning Foundations
STU2152,Ananya Smith,19,Male,PG,Kinesthetic,3.46,96,5,38.2,80,Stacks & Queues,"Graph Algorithms, Trees & Binary Search Trees, Arrays & Hash Maps, Sorting & Searching Algorithms, System Design Basics & Caching, Dynamic Programming, Machine Learning Foundations, Linked Lists & Doubly Linked Lists",84,3,Medium,M1 -> M2 -> M4,70,100,Excellent,Dynamic Programming
STU2153,Liam Singh,22,Male,PG,Kinesthetic,3.58,72,2,17.5,60,Linked Lists & Doubly Linked Lists,"Trees & Binary Search Trees, Machine Learning Foundations, Linked Lists & Doubly Linked Lists, Stacks & Queues, System Design Basics & Caching, Graph Algorithms",71,5,Hard,M1 -> M3 -> M4,82,82,Good,Machine Learning Foundations
STU2154,Neha Sharma,19,Female,High School,Kinesthetic,3.62,75,4,57.8,60,Linked Lists & Doubly Linked Lists,"Stacks & Queues, Dynamic Programming, System Design Basics & Caching, Arrays & Hash Maps, Sorting & Searching Algorithms, Graph Algorithms",87,0,Easy,M1 -> M4 -> M5,91,72,Good,Trees & Binary Search Trees
STU2155,Pooja Sharma,20,Female,UG,Auditory,2.43,53,1,32.6,70,Arrays & Hash Maps,"System Design Basics & Caching, Dynamic Programming, Trees & Binary Search Trees, Machine Learning Foundations, Linked Lists & Doubly Linked Lists, Sorting & Searching Algorithms, Stacks & Queues",85,5,Medium,M1 -> M2 -> M6,81,43,Fair,Linked Lists & Doubly Linked Lists
STU2156,Siddharth Sharma,18,Female,High School,Kinesthetic,3.22,62,4,56.8,90,Trees & Binary Search Trees,"Arrays & Hash Maps, Dynamic Programming, Stacks & Queues, Greedy Algorithms & Backtracking, Machine Learning Foundations, Graph Algorithms, Sorting & Searching Algorithms, Linked Lists & Doubly Linked Lists, System Design Basics & Caching",79,0,Medium,M1 -> M2 -> M4,76,65,Good,Machine Learning Foundations
STU2157,Rohan Williams,18,Female,High School,Kinesthetic,2.36,66,4,37.2,100,Machine Learning Foundations,"Arrays & Hash Maps, Greedy Algorithms & Backtracking, Dynamic Programming, Machine Learning Foundations, Graph Algorithms, System Design Basics & Caching, Sorting & Searching Algorithms, Stacks & Queues, Linked Lists & Doubly Linked Lists, Trees & Binary Search Trees",76,4,Medium,M1 -> M3 -> M5,88,58,Fair,Stacks & Queues
STU2158,Priya Garcia,24,Female,UG,Auditory,2.05,67,4,30.3,10,Graph Algorithms,Trees & Binary Search Trees,72,5,Hard,M1 -> M3 -> M5,100,61,Good,Sorting & Searching Algorithms
STU2159,Mason Kumar,23,Male,PG,Kinesthetic,2.5,91,4,53.3,90,Dynamic Programming,"Arrays & Hash Maps, Trees & Binary Search Trees, Machine Learning Foundations, Linked Lists & Doubly Linked Lists, System Design Basics & Caching, Sorting & Searching Algorithms, Stacks & Queues, Graph Algorithms, Dynamic Programming",85,3,Easy,M1 -> M2 -> M5,98,91,Excellent,System Design Basics & Caching
STU2160,Sneha Nair,25,Female,High School,Kinesthetic,3.87,80,1,24.3,80,Arrays & Hash Maps,"System Design Basics & Caching, Linked Lists & Doubly Linked Lists, Stacks & Queues, Arrays & Hash Maps, Trees & Binary Search Trees, Graph Algorithms, Dynamic Programming, Greedy Algorithms & Backtracking",94,0,Hard,M1 -> M2 -> M4,74,70,Good,Trees & Binary Search Trees
STU2161,Siddharth Singh,21,Female,High School,Auditory,2.02,55,1,40.3,100,Arrays & Hash Maps,"Machine Learning Foundations, Greedy Algorithms & Backtracking, Sorting & Searching Algorithms, Trees & Binary Search Trees, System Design Basics & Caching, Graph Algorithms, Stacks & Queues, Arrays & Hash Maps, Linked Lists & Doubly Linked Lists, Dynamic Programming",91,3,Medium,M1 -> M4 -> M4,77,63,Fair,Linked Lists & Doubly Linked Lists
STU2162,Ishita Williams,19,Female,PG,Visual,2.25,75,1,15.8,30,Greedy Algorithms & Backtracking,"Greedy Algorithms & Backtracking, Stacks & Queues, Dynamic Programming",77,5,Medium,M1 -> M2 -> M6,70,70,Good,Greedy Algorithms & Backtracking
STU2163,Siddharth Rao,24,Female,PG,Auditory,3.17,79,4,39.3,20,System Design Basics & Caching,"Machine Learning Foundations, Sorting & Searching Algorithms",85,2,Hard,M1 -> M2 -> M6,84,77,Good,Greedy Algorithms & Backtracking
STU2164,Kavya Joshi,19,Male,High School,Visual,3.08,89,2,32.0,90,Greedy Algorithms & Backtracking,"Dynamic Programming, Linked Lists & Doubly Linked Lists, Graph Algorithms, Stacks & Queues, Machine Learning Foundations, System Design Basics & Caching, Greedy Algorithms & Backtracking, Sorting & Searching Algorithms, Trees & Binary Search Trees",62,4,Medium,M1 -> M2 -> M6,84,89,Excellent,Dynamic Programming
STU2165,Sneha Jones,22,Female,UG,Visual,2.21,95,3,57.0,40,Graph Algorithms,"Stacks & Queues, Arrays & Hash Maps, System Design Basics & Caching, Linked Lists & Doubly Linked Lists",70,5,Easy,M1 -> M3 -> M4,79,97,Excellent,System Design Basics & Caching
STU2166,Sophia Patel,23,Male,High School,Visual,3.51,56,4,54.3,70,Greedy Algorithms & Backtracking,"Dynamic Programming, Arrays & Hash Maps, Machine Learning Foundations, System Design Basics & Caching, Greedy Algorithms & Backtracking, Sorting & Searching Algorithms, Trees & Binary Search Trees",92,4,Easy,M1 -> M4 -> M5,93,57,Fail,Arrays & Hash Maps
STU2167,Ava Brown,23,Male,PG,Visual,3.11,59,2,54.7,60,Graph Algorithms,"Arrays & Hash Maps, Graph Algorithms, System Design Basics & Caching, Sorting & Searching Algorithms, Stacks & Queues, Machine Learning Foundations",95,3,Medium,M1 -> M4 -> M5,100,61,Fail,Linked Lists & Doubly Linked Lists
STU2168,Pooja Sharma,26,Male,UG,Auditory,3.21,53,1,30.5,70,Arrays & Hash Maps,"Stacks & Queues, Dynamic Programming, Sorting & Searching Algorithms, Linked Lists & Doubly Linked Lists, System Design Basics & Caching, Graph Algorithms, Greedy Algorithms & Backtracking",72,0,Hard,M1 -> M4 -> M4,71,52,Fair,Linked Lists & Doubly Linked Lists
STU2169,Liam Miller,25,Female,High School,Visual,2.72,68,3,27.3,90,Trees & Binary Search Trees,"Trees & Binary Search Trees, Graph Algorithms, Sorting & Searching Algorithms, Arrays & Hash Maps, Linked Lists & Doubly Linked Lists, System Design Basics & Caching, Greedy Algorithms & Backtracking, Stacks & Queues, Machine Learning Foundations",65,4,Easy,M1 -> M4 -> M6,79,78,Good,Stacks & Queues
STU2170,Meera Rao,20,Female,High School,Auditory,3.61,78,5,31.0,50,Trees & Binary Search Trees,"System Design Basics & Caching, Stacks & Queues, Arrays & Hash Maps, Dynamic Programming, Linked Lists & Doubly Linked Lists",63,5,Medium,M1 -> M3 -> M6,84,82,Good,Trees & Binary Search Trees
STU2171,Ava Smith,23,Male,High School,Auditory,2.38,86,2,59.9,60,Greedy Algorithms & Backtracking,"Dynamic Programming, Arrays & Hash Maps, Trees & Binary Search Trees, Greedy Algorithms & Backtracking, Machine Learning Foundations, Linked Lists & Doubly Linked Lists",64,2,Easy,M1 -> M3 -> M5,81,78,Excellent,Trees & Binary Search Trees
STU2172,Ethan Brown,21,Male,PG,Auditory,2.87,70,3,44.4,20,Graph Algorithms,"System Design Basics & Caching, Stacks & Queues",86,2,Easy,M1 -> M3 -> M6,92,74,Fair,Sorting & Searching Algorithms
STU2173,Emma Johnson,25,Female,High School,Visual,3.52,67,1,37.2,20,Graph Algorithms,"Dynamic Programming, Arrays & Hash Maps",76,0,Easy,M1 -> M2 -> M6,71,75,Good,Stacks & Queues
STU2174,Rahul Smith,24,Male,PG,Auditory,3.85,74,4,32.2,70,Stacks & Queues,"Greedy Algorithms & Backtracking, System Design Basics & Caching, Trees & Binary Search Trees, Sorting & Searching Algorithms, Graph Algorithms, Machine Learning Foundations, Dynamic Programming",76,0,Medium,M1 -> M2 -> M5,73,70,Good,Sorting & Searching Algorithms
STU2175,Dev Nair,18,Male,PG,Kinesthetic,3.56,59,3,32.5,70,Sorting & Searching Algorithms,"Dynamic Programming, Sorting & Searching Algorithms, Stacks & Queues, Graph Algorithms, Linked Lists & Doubly Linked Lists, Trees & Binary Search Trees, Machine Learning Foundations",89,2,Easy,M1 -> M4 -> M5,77,58,Fair,Arrays & Hash Maps
STU2176,Yash Miller,21,Female,UG,Kinesthetic,2.72,100,1,53.5,40,Dynamic Programming,"Graph Algorithms, Stacks & Queues, System Design Basics & Caching, Sorting & Searching Algorithms",76,3,Medium,M1 -> M3 -> M5,81,100,Excellent,Dynamic Programming
STU2177,Mason Joshi,18,Male,PG,Kinesthetic,3.31,47,2,54.0,70,Machine Learning Foundations,"Stacks & Queues, Greedy Algorithms & Backtracking, Arrays & Hash Maps, Machine Learning Foundations, Linked Lists & Doubly Linked Lists, Graph Algorithms, Dynamic Programming",93,3,Hard,M1 -> M3 -> M6,94,45,Fail,Linked Lists & Doubly Linked Lists
STU2178,Sneha Sharma,20,Female,PG,Visual,3.1,74,3,51.9,50,Graph Algorithms,"Stacks & Queues, Graph Algorithms, Arrays & Hash Maps, Linked Lists & Doubly Linked Lists, System Design Basics & Caching",94,0,Medium,M1 -> M4 -> M6,92,84,Good,Stacks & Queues
STU2179,Pooja Davis,18,Female,UG,Visual,3.78,100,1,20.0,50,Stacks & Queues,"Greedy Algorithms & Backtracking, Stacks & Queues, Graph Algorithms, Trees & Binary Search Trees, Dynamic Programming",88,4,Easy,M1 -> M3 -> M6,80,100,Excellent,Graph Algorithms
STU2180,Priya Williams,20,Male,PG,Auditory,2.42,72,2,55.8,80,Linked Lists & Doubly Linked Lists,"Trees & Binary Search Trees, System Design Basics & Caching, Greedy Algorithms & Backtracking, Linked Lists & Doubly Linked Lists, Arrays & Hash Maps, Stacks & Queues, Sorting & Searching Algorithms, Graph Algorithms",96,5,Hard,M1 -> M3 -> M5,73,75,Good,Sorting & Searching Algorithms
STU2181,Neha Rao,24,Female,UG,Auditory,2.34,69,3,35.9,20,System Design Basics & Caching,"Stacks & Queues, Machine Learning Foundations",100,5,Hard,M1 -> M3 -> M5,98,76,Good,Sorting & Searching Algorithms
STU2182,Riya Jones,18,Female,High School,Auditory,3.68,66,4,42.4,20,Graph Algorithms,"System Design Basics & Caching, Sorting & Searching Algorithms",81,3,Easy,M1 -> M2 -> M5,89,72,Fair,Sorting & Searching Algorithms
STU2183,Ananya Sharma,21,Female,High School,Visual,3.55,69,4,52.5,40,Graph Algorithms,"Sorting & Searching Algorithms, Graph Algorithms, Stacks & Queues, Greedy Algorithms & Backtracking",66,0,Easy,M1 -> M4 -> M4,100,61,Good,Stacks & Queues
STU2184,Tanvi Gupta,23,Male,UG,Visual,3.56,92,4,35.5,10,Greedy Algorithms & Backtracking,Arrays & Hash Maps,87,5,Easy,M1 -> M2 -> M4,95,94,Excellent,Graph Algorithms
STU2185,Mason Rao,23,Male,PG,Visual,2.39,38,3,26.0,50,Stacks & Queues,"Sorting & Searching Algorithms, Machine Learning Foundations, Arrays & Hash Maps, Dynamic Programming, Linked Lists & Doubly Linked Lists",71,5,Hard,M1 -> M3 -> M5,82,42,Fail,Arrays & Hash Maps
STU2186,Karan Martinez,19,Female,PG,Kinesthetic,3.34,95,1,31.2,60,Machine Learning Foundations,"Greedy Algorithms & Backtracking, Machine Learning Foundations, Arrays & Hash Maps, Linked Lists & Doubly Linked Lists, System Design Basics & Caching, Trees & Binary Search Trees",94,5,Easy,M1 -> M3 -> M6,75,86,Excellent,Dynamic Programming
STU2187,Rohan Nair,21,Female,UG,Auditory,2.78,50,5,34.5,40,Dynamic Programming,"Greedy Algorithms & Backtracking, System Design Basics & Caching, Trees & Binary Search Trees, Machine Learning Foundations",86,5,Hard,M1 -> M4 -> M5,79,58,Fair,Arrays & Hash Maps
STU2188,Siddharth Gupta,18,Female,High School,Visual,3.57,68,5,28.3,80,Trees & Binary Search Trees,"Machine Learning Foundations, Stacks & Queues, Arrays & Hash Maps, Trees & Binary Search Trees, Sorting & Searching Algorithms, Greedy Algorithms & Backtracking, System Design Basics & Caching, Graph Algorithms",99,4,Easy,M1 -> M2 -> M6,78,72,Fair,Stacks & Queues
STU2189,Aditya Joshi,23,Male,UG,Kinesthetic,3.33,65,5,21.8,90,Stacks & Queues,"Arrays & Hash Maps, Trees & Binary Search Trees, Greedy Algorithms & Backtracking, Linked Lists & Doubly Linked Lists, Machine Learning Foundations, Sorting & Searching Algorithms, Dynamic Programming, Graph Algorithms, Stacks & Queues",97,4,Easy,M1 -> M2 -> M5,94,66,Fair,Machine Learning Foundations
STU2190,Pooja Johnson,22,Female,UG,Visual,2.87,80,1,57.8,10,Dynamic Programming,System Design Basics & Caching,62,2,Hard,M1 -> M2 -> M5,92,78,Good,Greedy Algorithms & Backtracking
STU2191,Ava Brown,26,Male,High School,Kinesthetic,3.54,48,4,15.0,20,Graph Algorithms,"Trees & Binary Search Trees, Machine Learning Foundations",82,3,Easy,M1 -> M2 -> M6,73,49,Fail,Arrays & Hash Maps
STU2192,Aditya Rodriguez,23,Male,PG,Visual,3.52,78,1,37.1,80,Machine Learning Foundations,"Linked Lists & Doubly Linked Lists, Dynamic Programming, Arrays & Hash Maps, Graph Algorithms, Greedy Algorithms & Backtracking, Machine Learning Foundations, Trees & Binary Search Trees, System Design Basics & Caching",86,2,Hard,M1 -> M2 -> M5,79,85,Good,Greedy Algorithms & Backtracking
STU2193,Alex Joshi,24,Male,PG,Visual,3.78,100,1,49.0,20,Dynamic Programming,"System Design Basics & Caching, Arrays & Hash Maps",81,5,Easy,M1 -> M4 -> M5,89,100,Excellent,Graph Algorithms
STU2194,Ishita Joshi,22,Female,PG,Visual,3.31,51,3,24.1,100,Greedy Algorithms & Backtracking,"Trees & Binary Search Trees, Stacks & Queues, Arrays & Hash Maps, Greedy Algorithms & Backtracking, Graph Algorithms, Machine Learning Foundations, Dynamic Programming, Sorting & Searching Algorithms, Linked Lists & Doubly Linked Lists, System Design Basics & Caching",100,0,Hard,M1 -> M3 -> M5,75,50,Fail,Arrays & Hash Maps
STU2195,Emma Davis,26,Male,UG,Kinesthetic,2.99,74,1,45.7,50,Dynamic Programming,"Graph Algorithms, System Design Basics & Caching, Sorting & Searching Algorithms, Stacks & Queues, Dynamic Programming",96,5,Hard,M1 -> M2 -> M5,98,78,Good,Machine Learning Foundations
STU2196,Noah Rao,19,Male,PG,Kinesthetic,2.41,62,5,18.3,40,Machine Learning Foundations,"Linked Lists & Doubly Linked Lists, Arrays & Hash Maps, Trees & Binary Search Trees, Graph Algorithms",85,3,Medium,M1 -> M4 -> M6,74,54,Fair,Machine Learning Foundations
STU2197,Siddharth Smith,26,Female,PG,Kinesthetic,2.09,78,5,45.5,40,Machine Learning Foundations,"Graph Algorithms, Stacks & Queues, Arrays & Hash Maps, Greedy Algorithms & Backtracking",93,4,Medium,M1 -> M4 -> M6,85,84,Excellent,Greedy Algorithms & Backtracking
STU2198,Olivia Joshi,26,Male,High School,Auditory,2.05,72,3,38.4,80,Greedy Algorithms & Backtracking,"Trees & Binary Search Trees, Linked Lists & Doubly Linked Lists, Stacks & Queues, Arrays & Hash Maps, Greedy Algorithms & Backtracking, Graph Algorithms, Machine Learning Foundations, Sorting & Searching Algorithms",73,5,Easy,M1 -> M4 -> M4,78,62,Good,Sorting & Searching Algorithms
STU2199,Sophia Rodriguez,23,Male,UG,Visual,2.64,62,4,18.4,20,System Design Basics & Caching,"Linked Lists & Doubly Linked Lists, Trees & Binary Search Trees",62,0,Hard,M1 -> M3 -> M6,73,56,Good,Sorting & Searching Algorithms
STU2200,Emma Joshi,22,Male,High School,Kinesthetic,3.17,79,2,29.5,60,Stacks & Queues,"Sorting & Searching Algorithms, Machine Learning Foundations, Trees & Binary Search Trees, System Design Basics & Caching, Graph Algorithms, Greedy Algorithms & Backtracking",83,3,Hard,M1 -> M2 -> M6,94,87,Good,Greedy Algorithms & Backtracking
